signal,effect,tf,target,bucket_A,bucket_B,pooled_effect,effect_h1,effect_h2,n_coins_valid,replication_rate,split_half_consistent,per_coin_effects
move_vol,up_hi_vol_minus_lo,1d,ret_next1_mean,up|>99,up|<50,-0.10805911522810119,-0.4575285551748493,0.4629987386207215,1,0.0,False,{'ETH': 0.6753611605795826}
move_vol,up_hi_vol_minus_lo,1d,ret_next5_mean,up|>99,up|<50,-0.20995678678276275,,,1,1.0,,{'ETH': -1.226454855926356}
move_vol,up_hi_vol_minus_lo,1h,ret_next1_mean,up|>99,up|<50,-0.0023696580972699,-0.0238021547613793,0.0231693897639847,12,0.4166666666666667,False,"{'AAVE': 0.07198199495704549, 'BTC': 0.0163648526953436, 'CRV': 0.0161263539245312, 'DOGE': -0.0394646479480225, 'ETH': 0.015210425329817999, 'HYPE': -0.0204825424104624, 'LIT': -0.029492477790308697, 'PUMP': 0.0782458714693121, 'SOL': -0.004840021806879001, 'XMR': 0.019749812007900505, 'XRP': 0.009301731340684953, 'ZEC': -0.1539900921171424}"
move_vol,up_hi_vol_minus_lo,1h,ret_next5_mean,up|>99,up|<50,-0.1467283794569666,,,12,0.8333333333333334,,"{'AAVE': -0.2906866648047969, 'BTC': -0.021835689663838406, 'CRV': -0.12391081566367489, 'DOGE': -0.189780758246556, 'ETH': 0.168931146020289, 'HYPE': -0.2983826226935173, 'LIT': -0.3256718275129828, 'PUMP': -0.3240263310331022, 'SOL': -0.0061394676130165984, 'XMR': 0.15219305555966378, 'XRP': -0.023112716998468404, 'ZEC': -0.5313888470744715}"
move_vol,dn_hi_vol_minus_lo,1d,ret_next1_mean,down|>99,down|<50,0.1316970284233646,0.09209984770803042,-0.2512228645258018,3,0.3333333333333333,False,"{'CRV': -0.4321727243349392, 'DOGE': -0.9520118784460864, 'SOL': 0.9423716666271561}"
move_vol,dn_hi_vol_minus_lo,1d,ret_next5_mean,down|>99,down|<50,0.7772453129602199,,,3,0.3333333333333333,,"{'CRV': -2.4403683094543, 'DOGE': -0.09085594595706753, 'SOL': 2.5013199828180372}"
move_vol,dn_hi_vol_minus_lo,1h,ret_next1_mean,down|>99,down|<50,-0.040803816046159,-0.026232362759694206,-0.0500899815240024,12,0.5833333333333334,True,"{'AAVE': 0.0730597260430306, 'BTC': 0.0204789817410896, 'CRV': -0.1642884178963103, 'DOGE': 0.019467266505184502, 'ETH': -0.011282880332592098, 'HYPE': -0.0572804256238081, 'LIT': -0.1588834819523287, 'PUMP': -0.13092004300905669, 'SOL': -0.0135149266879514, 'XMR': 0.0691180497764594, 'XRP': 0.003306631148171601, 'ZEC': -0.1373511605189398}"
move_vol,dn_hi_vol_minus_lo,1h,ret_next5_mean,down|>99,down|<50,-0.06385367548052981,,,12,0.4166666666666667,,"{'AAVE': -0.07149705348320119, 'BTC': 0.0958295548509544, 'CRV': -0.5452891495422497, 'DOGE': 0.1734425604664271, 'ETH': 0.1674242800854268, 'HYPE': -0.2659322136628967, 'LIT': -0.3376826697592366, 'PUMP': 0.0377883171903185, 'SOL': 0.0169265883640239, 'XMR': 0.0330427441219362, 'XRP': 0.03886498831507859, 'ZEC': -0.16337246445697}"
obv,bear_div_minus_up_conf,1d,ret_next1_mean,obv_dn/price_up(bear_div),obv_up/price_up,-0.3408953284264443,-0.552077265570301,-0.09804870952721201,10,0.6,True,"{'AAVE': -0.2032774526331649, 'BTC': 0.12571060633316322, 'CRV': -1.1336570929739311, 'DOGE': 0.18569424031731901, 'ETH': -0.4184914032656555, 'HYPE': -0.7171734159811841, 'PUMP': -1.954680582482562, 'SOL': 0.017265432718509, 'XMR': 0.4328022673993077, 'XRP': -0.2575654343709924}"
obv,bear_div_minus_up_conf,1d,ret_next5_mean,obv_dn/price_up(bear_div),obv_up/price_up,-1.1098009471004464,,,10,0.8,,"{'AAVE': 0.7714311282660586, 'BTC': -0.12670311441959015, 'CRV': -4.8939714529341, 'DOGE': -0.7731602347649679, 'ETH': -1.1882425984711351, 'HYPE': -1.47231215780527, 'PUMP': -7.131350912606922, 'SOL': -0.362745126662267, 'XMR': 1.1720196559230536, 'XRP': -1.1952276854143862}"
obv,bear_div_minus_up_conf,1h,ret_next1_mean,obv_dn/price_up(bear_div),obv_up/price_up,0.008662266815842999,-0.0049427611904292006,0.0216496855906066,12,0.5833333333333334,False,"{'AAVE': 0.0070611778834547, 'BTC': 0.0009563157165480996, 'CRV': 0.004675937352228101, 'DOGE': -0.0286603303855468, 'ETH': -0.0037643178765506004, 'HYPE': -0.009072945244378, 'LIT': 0.042675158862615796, 'PUMP': 0.0498584372266554, 'SOL': -0.0134241635516245, 'XMR': 0.0740589132190822, 'XRP': -0.050774728291279395, 'ZEC': 0.048731282094656304}"
obv,bear_div_minus_up_conf,1h,ret_next5_mean,obv_dn/price_up(bear_div),obv_up/price_up,0.042436282446014995,,,12,0.8333333333333334,,"{'AAVE': 0.1027392931083374, 'BTC': 0.0378080816402855, 'CRV': 0.025485893883616294, 'DOGE': 0.044819720307854596, 'ETH': 0.028065728238329698, 'HYPE': -0.007463065805709587, 'LIT': 0.1213696060921502, 'PUMP': 0.0544237269147593, 'SOL': 0.0026246865443460997, 'XMR': 0.30682918814228827, 'XRP': -0.1519278875486197, 'ZEC': 0.01202170418493509}"
obv,bull_div_minus_dn_conf,1d,ret_next1_mean,obv_up/price_dn(bull_div),obv_dn/price_dn,-0.1725576287593398,-0.3201220683282431,-0.046989246597891304,10,0.6,True,"{'AAVE': -1.0681659479225771, 'BTC': -0.023514722056646897, 'CRV': -0.312206303996473, 'DOGE': 0.44616319601960697, 'ETH': -0.6028461650646337, 'HYPE': -0.4688914879481395, 'LIT': 0.08881255201718574, 'PUMP': 0.2019921844682063, 'SOL': 0.0721510178323204, 'XRP': -0.480586855687051}"
obv,bull_div_minus_dn_conf,1d,ret_next5_mean,obv_up/price_dn(bull_div),obv_dn/price_dn,-0.24966535049736727,,,10,0.7,,"{'AAVE': -1.5110172467352643, 'BTC': -0.12478386444794665, 'CRV': -1.0684221876101678, 'DOGE': 2.787158650624386, 'ETH': -0.8708472363474575, 'HYPE': -2.0096432515234244, 'LIT': 2.725590907031987, 'PUMP': 1.4860823509172747, 'SOL': -2.2064384298538213, 'XRP': -1.0590874486074988}"
obv,bull_div_minus_dn_conf,1h,ret_next1_mean,obv_up/price_dn(bull_div),obv_dn/price_dn,-0.0146130317892385,0.0004940342022401994,-0.030869716058802302,12,0.6666666666666666,False,"{'AAVE': -0.0723868693640352, 'BTC': 0.012528065980992, 'CRV': 0.044657497209315306, 'DOGE': -0.0136430814186665, 'ETH': -0.00022192431855760052, 'HYPE': -0.0302949202437901, 'LIT': -0.049145163919104194, 'PUMP': -0.0912960214760572, 'SOL': -0.0212369961511832, 'XMR': -0.0445101660818902, 'XRP': 0.0149333476256396, 'ZEC': 0.0659789253285181}"
obv,bull_div_minus_dn_conf,1h,ret_next5_mean,obv_up/price_dn(bull_div),obv_dn/price_dn,-0.0271699332930875,,,12,0.5,,"{'AAVE': 0.12421737352967391, 'BTC': 0.051668673314754096, 'CRV': 0.1701573458065976, 'DOGE': 0.004243086766282898, 'ETH': 0.020454618685394305, 'HYPE': -0.18611239250762168, 'LIT': -0.3537365501979548, 'PUMP': -0.2938308839354568, 'SOL': -0.0689741371828437, 'XMR': -0.1755279527919818, 'XRP': -0.008248776372533503, 'ZEC': 0.3862764066669687}"
vwap_dist,stretched_up_minus_dn,1d,ret_next1_mean,>1,z<-1,0.13392425487745602,0.5066060788997211,-0.312878235934803,12,0.5833333333333334,False,"{'AAVE': -0.29060626195240974, 'BTC': -0.010558066853664783, 'CRV': 0.3145516030667801, 'DOGE': 0.6411914845547039, 'ETH': 0.02813087058697751, 'HYPE': -0.3250776436366272, 'LIT': -1.4367359452939947, 'PUMP': 0.4480470449533655, 'SOL': 0.46324175828304087, 'XMR': -1.2572147814321917, 'XRP': 0.5698820174695429, 'ZEC': 0.3487218132129029}"
vwap_dist,stretched_up_minus_dn,1d,ret_next5_mean,>1,z<-1,1.0171250462046897,,,12,0.5833333333333334,,"{'AAVE': -1.8481085793569214, 'BTC': 0.5500268040023062, 'CRV': 3.5218777411434496, 'DOGE': 3.0765437281791903, 'ETH': 0.3836673581330956, 'HYPE': -1.9604359693521771, 'LIT': -1.840647771011157, 'PUMP': 1.7378357785372982, 'SOL': 1.9978569326167506, 'XMR': -1.0443773157638294, 'XRP': 3.6812252448295593, 'ZEC': -4.280011159149592}"
vwap_dist,stretched_up_minus_dn,1h,ret_next1_mean,>1,z<-1,-0.0105486199055138,0.0273782156322327,-0.048767117516615104,12,0.4166666666666667,False,"{'AAVE': 0.0023775360511047996, 'BTC': 0.0016401554190583999, 'CRV': -0.0163863372378944, 'DOGE': -0.0062845784654282, 'ETH': 0.024429527061752603, 'HYPE': 0.0195792558981496, 'LIT': -0.18945171213641632, 'PUMP': -0.0635199926571697, 'SOL': 0.0351111965450606, 'XMR': -0.0817476569018306, 'XRP': 0.0225506727882821, 'ZEC': 0.122748498435021}"
vwap_dist,stretched_up_minus_dn,1h,ret_next5_mean,>1,z<-1,0.0552669588844906,,,12,0.6666666666666666,,"{'AAVE': 0.056251013587149304, 'BTC': 0.044364820569060305, 'CRV': -0.0689032013434399, 'DOGE': 0.09202120329648619, 'ETH': 0.1232689197467805, 'HYPE': 0.2134109853692116, 'LIT': -0.4795812342668412, 'PUMP': -0.060198527987574205, 'SOL': 0.14460299743216948, 'XMR': -0.18472404922965638, 'XRP': 0.0908839866504772, 'ZEC': 0.6450556091269148}"
ud_vol_ratio,hi_ratio_minus_lo,1d,ret_next1_mean,>2,<0.5,0.06752321881183537,0.32490693878981153,-0.2976129849134448,10,0.7,False,"{'AAVE': -0.7621972943465809, 'BTC': 0.0766355246839677, 'CRV': 0.8042240545550983, 'DOGE': 0.7206246671410744, 'ETH': 0.10724414099802967, 'HYPE': 0.262941471938226, 'PUMP': -0.17195493493063485, 'SOL': 0.022753702040278212, 'XRP': 0.36524414161708696, 'ZEC': -1.2528556732870948}"
ud_vol_ratio,hi_ratio_minus_lo,1d,ret_next5_mean,>2,<0.5,0.8860068431044772,,,10,0.5,,"{'AAVE': -2.0122697301870565, 'BTC': -0.672597765778113, 'CRV': 7.748643874890778, 'DOGE': 3.512555339579122, 'ETH': 0.5621842208524057, 'HYPE': -1.6139927459796024, 'PUMP': 1.5944011356886758, 'SOL': -0.11885794605308853, 'XRP': 1.8995731718565358, 'ZEC': -4.752713076279855}"
ud_vol_ratio,hi_ratio_minus_lo,1h,ret_next1_mean,>2,<0.5,-0.015816834183468402,0.0025245726074935,-0.0356691356563532,12,0.5,False,"{'AAVE': -0.0085240749732317, 'BTC': 0.0132344480796787, 'CRV': 0.0004786268652898001, 'DOGE': -0.0012188812739622, 'ETH': 0.030045929226668, 'HYPE': 0.06211746467697919, 'LIT': -0.20498797964901128, 'PUMP': -0.0736834738360701, 'SOL': -0.004622656527518599, 'XMR': -0.1124744798194342, 'XRP': 0.0252992144915522, 'ZEC': 0.0931295285222168}"
ud_vol_ratio,hi_ratio_minus_lo,1h,ret_next5_mean,>2,<0.5,-0.045924718830720405,,,12,0.5,,"{'AAVE': 0.024910339939443, 'BTC': -0.006938878443712097, 'CRV': -0.0757716308653563, 'DOGE': -0.0659863552502237, 'ETH': 0.023630892492028988, 'HYPE': 0.0965067822108049, 'LIT': -0.6835112034763128, 'PUMP': -0.15765812993309888, 'SOL': 0.0789790573691292, 'XMR': -0.28054907042859956, 'XRP': 0.0810927637198723, 'ZEC': 0.4456592269622293}"
vol_adj_ret,up_q5_minus_q1,1d,ret_next1_mean,up_q5,up_q1,0.1428029553544141,-0.7683005915793426,0.7868878840692504,10,0.5,False,"{'AAVE': -0.3154602268866339, 'BTC': 0.15325380203187638, 'CRV': -0.6728541103030524, 'DOGE': -0.5177882290702569, 'ETH': 0.0526756086095119, 'HYPE': 1.2400102817983147, 'PUMP': -0.2908799517435139, 'SOL': 0.594374568292832, 'XRP': -0.002904984647411596, 'ZEC': 2.162804584095777}"
vol_adj_ret,up_q5_minus_q1,1d,ret_next5_mean,up_q5,up_q1,0.7115513101253585,,,10,0.8,,"{'AAVE': -1.163434743523729, 'BTC': 1.8925670666210213, 'CRV': 0.4243141446557209, 'DOGE': 0.19242751901299, 'ETH': 0.19501614880209417, 'HYPE': 1.121936798964248, 'PUMP': -3.509900251943838, 'SOL': 2.4950219624844236, 'XRP': 1.862303591529432, 'ZEC': 0.5629045905158332}"
vol_adj_ret,up_q5_minus_q1,1h,ret_next1_mean,up_q5,up_q1,-0.0207218723043461,0.0030326453866336006,-0.0399816220843369,12,0.75,False,"{'AAVE': -0.0677578768494206, 'BTC': -0.0097049271067845, 'CRV': -0.0234072617660367, 'DOGE': 0.015612059037626101, 'ETH': -0.0171358492523336, 'HYPE': -0.106995095012383, 'LIT': -0.1536998295060546, 'PUMP': -0.0020636095277343017, 'SOL': -0.005339096135544997, 'XMR': 0.0690346934267042, 'XRP': 0.0775423303901088, 'ZEC': -0.0171042507378182}"
vol_adj_ret,up_q5_minus_q1,1h,ret_next5_mean,up_q5,up_q1,-0.0263740735946113,,,12,0.5,,"{'AAVE': -0.2457331037128111, 'BTC': 0.0541145079059479, 'CRV': -0.1230297603920152, 'DOGE': 0.09003514339358029, 'ETH': -0.0210629573759163, 'HYPE': -0.11075901697159621, 'LIT': -0.2812588955744178, 'PUMP': 0.1854698715353199, 'SOL': -0.045504771541993005, 'XMR': 0.089949862058186, 'XRP': 0.09324955717434581, 'ZEC': 0.0104045569874616}"
vol_adj_ret,dn_q5_minus_q1,1d,ret_next1_mean,down_q5,down_q1,0.3762750080579182,0.0546292218383061,0.1256909497664459,9,0.6666666666666666,True,"{'AAVE': 0.7498803974072581, 'BTC': 0.1661199962289077, 'CRV': 0.6963682058085705, 'DOGE': 0.46927146752267923, 'ETH': -0.4331689430467942, 'HYPE': -0.158022326363484, 'PUMP': -1.4799309547428625, 'SOL': 1.2399460312397896, 'XRP': 0.749559139476728}"
vol_adj_ret,dn_q5_minus_q1,1d,ret_next5_mean,down_q5,down_q1,1.3221179538450776,,,9,0.6666666666666666,,"{'AAVE': 1.8250606055752054, 'BTC': 0.7634652993627139, 'CRV': 0.6025808668340527, 'DOGE': 0.46347063600134386, 'ETH': -0.8310044981192565, 'HYPE': 2.374013522746835, 'PUMP': -0.28373686556317357, 'SOL': 5.046224392906501, 'XRP': -0.10579448356474538}"
vol_adj_ret,dn_q5_minus_q1,1h,ret_next1_mean,down_q5,down_q1,-0.0237186183282579,-0.0286745587815717,-0.015567654540984499,12,0.75,True,"{'AAVE': -0.0635615041044562, 'BTC': 0.004311979539696, 'CRV': -0.0075380788581344, 'DOGE': -0.0183142725950136, 'ETH': -0.003258184289760796, 'HYPE': -0.020332378808056106, 'LIT': -0.009533520834185096, 'PUMP': -0.0581006302151877, 'SOL': -0.0756653796152222, 'XMR': 0.030631296506631902, 'XRP': 0.0501511270666734, 'ZEC': -0.1088491728198728}"
vol_adj_ret,dn_q5_minus_q1,1h,ret_next5_mean,down_q5,down_q1,-0.0378009020457307,,,12,0.5833333333333334,,"{'AAVE': -0.3520163342378454, 'BTC': -0.028091758719534496, 'CRV': -0.09686293572374849, 'DOGE': 0.10294774042098581, 'ETH': 0.09405664276808338, 'HYPE': -0.24079870934388659, 'LIT': -0.0749362239117313, 'PUMP': 0.1837054240230946, 'SOL': -0.0814953613455684, 'XMR': 0.1255312986875415, 'XRP': 0.026652402724935194, 'ZEC': -0.06859207017010259}"
