side,tf,half,n,k,mean_cum,median_cum
down,1d,h1,16,1,1.5938870007434787,2.291508074446726
down,1d,h1,16,2,2.7478459064426466,2.822959505173621
down,1d,h1,16,3,3.1725663520578307,5.360927789705822
down,1d,h1,16,4,3.098590998855334,2.443707640181425
down,1d,h1,16,5,3.034781429797733,5.817063240542806
down,1d,h1,16,6,3.8444351203068665,5.196404592695479
down,1d,h1,16,7,4.6404029945470615,10.462412561881461
down,1d,h1,16,8,5.858415683336876,9.977708790960596
down,1d,h1,16,9,6.22605492699047,7.229266657567856
down,1d,h1,16,10,4.392626049618863,4.815552605306958
down,1d,h2,30,1,2.890005572757901,1.214802675013389
down,1d,h2,30,2,4.786001409163181,5.472679137066411
down,1d,h2,30,3,6.884657580628572,9.06593381178785
down,1d,h2,30,4,4.274770504484649,4.074183798252562
down,1d,h2,30,5,2.171022585245874,2.497005734150342
down,1d,h2,30,6,1.3234792975686853,0.35233375189899124
down,1d,h2,30,7,-2.5300273079175786,-1.7027643736206224
down,1d,h2,30,8,0.6523728603177328,0.23552273648377522
down,1d,h2,30,9,3.3806360942946174,1.0929373644972893
down,1d,h2,30,10,2.4229209455590763,2.2675385178373726
down,1h,h1,295,1,-0.022424052722543195,-0.041932237504184885
down,1h,h1,295,2,-0.13044711532192255,-0.11557208180493214
down,1h,h1,295,3,-0.08901280810978429,-0.07235802752017254
down,1h,h1,295,4,-0.27272189233407096,-0.03445305770887949
down,1h,h1,295,5,-0.14270775905173014,-0.030737704918028127
down,1h,h1,295,6,-0.11007659179714652,0.08796165773892838
down,1h,h1,295,7,-0.04402717138637834,0.12266646222256761
down,1h,h1,295,8,0.06504935186086654,0.008760498910421709
down,1h,h1,295,9,0.18881360664788752,0.1606653435403114
down,1h,h1,295,10,0.24185788758913293,0.14862072715409566
down,1h,h2,199,1,0.773500404324924,0.6241096262126151
down,1h,h2,199,2,0.9023421402904267,0.7363141607085648
down,1h,h2,199,3,1.0216561745222128,0.8033653705705355
down,1h,h2,199,4,1.126413792161095,1.0640900195694734
down,1h,h2,199,5,0.8529364029419274,0.8681925808997744
down,1h,h2,199,6,0.5941966536961217,0.6775067750677377
down,1h,h2,199,7,0.6334396484497753,0.7449002979601094
down,1h,h2,199,8,0.5482500792480367,0.4688445251058668
down,1h,h2,199,9,0.4454864446064985,0.5403436342662917
down,1h,h2,199,10,0.4693305914896486,0.35435861091424614
down,1w,h1,2,1,11.05385614632986,11.05385614632986
down,1w,h1,2,2,6.192856459363811,6.192856459363811
down,1w,h1,2,3,5.434398674886268,5.434398674886268
down,1w,h1,2,4,3.7246726660803837,3.7246726660803837
down,1w,h1,2,5,6.450145711990458,6.450145711990458
down,1w,h1,2,6,12.738998318167779,12.738998318167779
down,1w,h1,2,7,17.521735742936237,17.521735742936237
down,1w,h1,2,8,4.2759422046686915,4.2759422046686915
down,1w,h1,2,9,2.8510663251724777,2.8510663251724777
down,1w,h1,2,10,12.284705619914039,12.284705619914039
down,1w,h2,1,1,-9.609385911820851,-9.609385911820851
down,1w,h2,1,2,-8.985520741189069,-8.985520741189069
down,1w,h2,1,3,-4.236696308021789,-4.236696308021789
down,1w,h2,1,4,-0.9916662786908228,-0.9916662786908228
down,1w,h2,1,5,-4.506727501280328,-4.506727501280328
down,1w,h2,1,6,2.5373620745844776,2.5373620745844776
down,1w,h2,1,7,0.9404534661762567,0.9404534661762567
down,1w,h2,1,8,-0.4376367614879692,-0.4376367614879692
down,1w,h2,1,9,1.9181526141812848,1.9181526141812848
down,1w,h2,1,10,9.795614320964667,9.795614320964667
down,5m,h1,234,1,0.020132184249310438,0.039775507561220586
down,5m,h1,234,2,-0.011174807636479593,-0.003323421718705691
down,5m,h1,234,3,-0.043124782598559785,0.013979630021034334
down,5m,h1,234,4,-0.03374029689710063,0.016289219774723446
down,5m,h1,234,5,-0.039492251675529895,0.014204117702717345
down,5m,h1,234,6,-0.0129680943169717,0.031606056114104136
down,5m,h1,234,7,0.0042555503315553165,0.029767829818606602
down,5m,h1,234,8,-0.017719552196115134,0.0223144867819091
down,5m,h1,234,9,-0.01624844493915727,-0.00011194983384693277
down,5m,h1,234,10,-0.02233013019534117,0.0041854036439646965
down,5m,h2,191,1,0.05028076335494504,0.06918565341132443
down,5m,h2,191,2,0.0646643680570518,0.08204351461794544
down,5m,h2,191,3,0.08862735445909783,0.10637380329469961
down,5m,h2,191,4,0.0975577840978778,0.11226344488399871
down,5m,h2,191,5,0.10880886610591663,0.0807037365829949
down,5m,h2,191,6,0.07254580583388573,0.11351883151282476
down,5m,h2,191,7,0.08436875770831688,0.06282683814698899
down,5m,h2,191,8,0.10014375112558757,0.13597513597512098
down,5m,h2,191,9,0.08869391741065968,0.14488701354820496
down,5m,h2,191,10,0.07724294526086914,0.12266666666666425
up,1d,h1,62,1,1.5871689187079074,-0.4497860408316179
up,1d,h1,62,2,3.0491431044226216,0.9417987925486576
up,1d,h1,62,3,6.052195994168157,1.1129554967154698
up,1d,h1,62,4,6.545532796646788,1.6511101608285301
up,1d,h1,62,5,9.242779820937953,4.918900513489017
up,1d,h1,62,6,9.069909144621322,3.5547685936875846
up,1d,h1,62,7,9.953012334257828,5.049652067425205
up,1d,h1,62,8,10.460623317316434,4.697904651665548
up,1d,h1,62,9,11.66603904438644,4.9384026675288215
up,1d,h1,62,10,12.236225932283425,4.676370919848804
up,1d,h2,37,1,-3.2371440581903657,-2.6762578798777823
up,1d,h2,37,2,-1.6705280725303446,-1.136990677547702
up,1d,h2,37,3,-1.3042449015633204,-1.5142607735200244
up,1d,h2,37,4,-2.4865599090309103,-3.9263891115742875
up,1d,h2,37,5,-3.6511664385307983,-4.973426654662679
up,1d,h2,37,6,-4.439045072283053,-6.058199557547224
up,1d,h2,37,7,-5.786733057133989,-4.316045945005218
up,1d,h2,37,8,-5.805386297395475,-4.1467881065972705
up,1d,h2,37,9,-6.164142796781265,-5.515472182138847
up,1d,h2,37,10,-5.4700303898286595,-4.322038018377174
up,1h,h1,291,1,0.10765788647367226,0.0997506234413956
up,1h,h1,291,2,-0.17003234698748024,-0.2907607516382533
up,1h,h1,291,3,-0.1555231778886155,-0.2430239118170535
up,1h,h1,291,4,-0.02183949570071528,-0.20001398699209735
up,1h,h1,291,5,0.24163519136607656,-0.04665992689945135
up,1h,h1,291,6,0.2845118681330364,0.097709602857732
up,1h,h1,291,7,0.37564967219627676,0.16832238687745169
up,1h,h1,291,8,0.4851432053324389,0.20855614973262518
up,1h,h1,291,9,0.47483630599460097,0.1888243933142178
up,1h,h1,291,10,0.4391644859601641,0.27320359281437806
up,1h,h2,264,1,-0.09399475307817703,-0.14267604924505878
up,1h,h2,264,2,-0.057910969325455766,-0.08583609039699747
up,1h,h2,264,3,-0.002819590503939812,-0.19706880441087135
up,1h,h2,264,4,-0.10925391023856532,-0.20433289170237054
up,1h,h2,264,5,-0.13690238823927917,-0.34457427595679607
up,1h,h2,264,6,-0.13523733851328293,-0.29454603390821155
up,1h,h2,264,7,-0.24095486676243,-0.4233006850152718
up,1h,h2,264,8,-0.38116188213592894,-0.48008780849475285
up,1h,h2,264,9,-0.27061490379399183,-0.43434941633549734
up,1h,h2,264,10,-0.1576382284786987,-0.22409516932494827
up,1w,h1,13,1,3.870408289960243,2.773913043478261
up,1w,h1,13,2,11.547166074485888,1.5987210231814548
up,1w,h1,13,3,17.453956613067156,8.46681349484432
up,1w,h1,13,4,14.50661905863784,7.643816426591947
up,1w,h1,13,5,13.964304075963385,5.46073449036341
up,1w,h1,13,6,21.85112438706299,11.989449098874026
up,1w,h1,13,7,19.780362102943375,4.643962848297214
up,1w,h1,13,8,28.037696158898427,5.196815568332596
up,1w,h1,13,9,32.57943171054893,0.7029728127382039
up,1w,h1,13,10,28.006526856491234,4.73024477005166
up,1w,h2,6,1,-5.6348673840323364,-3.7765310085471033
up,1w,h2,6,2,2.0000552983661435,-0.3609505895816434
up,1w,h2,6,3,-5.178133369519084,-3.55966391068372
up,1w,h2,6,4,3.193704510663045,9.074695828856763
up,1w,h2,6,5,-2.3378122775758006,-4.07508160619069
up,1w,h2,6,6,-1.040325688964147,-9.995894597715457
up,1w,h2,6,7,0.3086747045392026,-5.047026621209249
up,1w,h2,6,8,0.07695777665333559,0.7127623138260466
up,1w,h2,6,9,1.4568203127102315,-5.416536101714389
up,1w,h2,6,10,6.7511474057555425,7.738045335817455
up,5m,h1,284,1,-0.006665550156423675,-0.016049617254664444
up,5m,h1,284,2,0.0009050304906637052,0.0
up,5m,h1,284,3,-0.006805910540073652,-0.009646261797847847
up,5m,h1,284,4,-0.01566733193222306,-0.017819918858447255
up,5m,h1,284,5,-0.009770002150373398,0.008130543014267987
up,5m,h1,284,6,-0.0015684873573362289,-0.02424773075548156
up,5m,h1,284,7,0.014365888210178035,-0.025766396454845256
up,5m,h1,284,8,-0.004876638522584215,-0.005299978800086005
up,5m,h1,284,9,-0.024379539707534283,-0.04012296814412451
up,5m,h1,284,10,-0.053123193748723596,-0.03425161770192836
up,5m,h2,214,1,0.0003822731603298309,-0.050249894918386225
up,5m,h2,214,2,-0.009701165467238038,-0.03686711962345679
up,5m,h2,214,3,0.021198119963914564,-0.02317150289691371
up,5m,h2,214,4,0.04563570059768784,-0.005775480174706931
up,5m,h2,214,5,0.044970403963311034,-0.04684118722584281
up,5m,h2,214,6,0.02893795104615276,-0.06347829248288933
up,5m,h2,214,7,0.007835439535989844,-0.10141141259218306
up,5m,h2,214,8,0.022018222361471718,-0.06608407944958672
up,5m,h2,214,9,0.014952557274433374,-0.05072743084808058
up,5m,h2,214,10,0.05391479597950058,-0.025781775888488324
down,1d,all,46,1,2.4391817216224494,1.463314951965514
down,1d,all,46,2,4.077077756042995,5.045879053317235
down,1d,all,46,3,5.593495414169184,6.022968666160854
down,1d,all,46,4,3.8656645894831474,3.5563969625960654
down,1d,all,46,5,2.4714604442204338,3.0688254026010613
down,1d,all,46,6,2.200333496781966,1.550187152795836
down,1d,all,46,7,-0.035964594016833655,0.12571491591378153
down,1d,all,46,8,2.463170363976565,1.802687609685318
down,1d,all,46,9,4.3703469926236105,3.214369685538486
down,1d,all,46,10,3.108035764362481,3.147075445457357
down,1h,all,494,1,0.29820138645244865,0.20196933541249626
down,1h,all,494,2,0.2855955200360886,0.19963401133709735
down,1h,all,494,3,0.35840242983306475,0.17858389565291266
down,1h,all,494,4,0.2908975433228885,0.3624567136135367
down,1h,all,494,5,0.258371569362719,0.2742617068167293
down,1h,all,494,6,0.173628622480506,0.2517455266585621
down,1h,all,494,7,0.22887950300106014,0.37594978114383837
down,1h,all,494,8,0.25969903758970636,0.11210381974250677
down,1h,all,494,9,0.29221015473242923,0.36895210684001756
down,1h,all,494,10,0.3334916286340775,0.22144046411199714
down,1w,all,3,1,4.166108793612956,8.362198705238773
down,1w,all,3,2,1.133397392512851,0.020305296099006376
down,1w,all,3,3,2.2107003472502487,2.900074054609316
down,1w,all,3,4,2.1525596844899817,2.817658441031042
down,1w,all,3,5,2.7978546409001956,-0.0341821910784559
down,1w,all,3,6,9.338452903640013,2.5373620745844776
down,1w,all,3,7,11.99464165068291,10.23756622799521
down,1w,all,3,8,2.7047492159498048,1.012647410699018
down,1w,all,3,9,2.540095088175413,1.9181526141812848
down,1w,all,3,10,11.455008520264249,11.53221671509144
down,5m,all,425,1,0.03368131038854857,0.048252198155686446
down,5m,all,425,2,0.02290821014578981,0.03773228940665559
down,5m,all,425,3,0.01608617782029341,0.06956867421982936
down,5m,all,425,4,0.025266605385348497,0.06301859048419522
down,5m,all,425,5,0.027156015374484897,0.04979253112033568
down,5m,all,425,6,0.025462858456707756,0.06423982869379259
down,5m,all,425,7,0.04025936823499405,0.05234969596907659
down,5m,all,425,8,0.035249602943755974,0.0896388083311387
down,5m,all,425,9,0.030913887316878122,0.052990475659238756
down,5m,all,425,10,0.022419181362626307,0.0461637891238062
up,1d,all,99,1,-0.21585714336518463,-1.065543303184251
up,1d,all,99,2,1.2852255938442398,-0.4548292160884582
up,1d,all,99,3,3.3028190937432607,-0.13544891640866874
up,1d,all,99,4,3.169902189474315,0.11025191808131457
up,1d,all,99,5,4.423830208813269,0.7833190346525419
up,1d,all,99,6,4.021108073657061,1.1920754214621985
up,1d,all,99,7,4.070481228384119,0.1898919076833187
up,1d,all,99,8,4.381407602727134,1.1299709020368662
up,1d,all,99,9,5.0022337098086105,0.4337654742177664
up,1d,all,99,10,5.618736195736483,-0.2011504393549021
up,1h,all,555,1,0.011736630903062853,-0.06082910064173491
up,1h,all,555,2,-0.11669893491040914,-0.24131580618530676
up,1h,all,555,3,-0.08288579578131026,-0.22331257469962243
up,1h,all,555,4,-0.06342040639980069,-0.20061882423394892
up,1h,all,555,5,0.06157407241866411,-0.20968756552737022
up,1h,all,555,6,0.08484738064721965,-0.1545530492899022
up,1h,all,555,7,0.08234589150240544,-0.1349188917824959
up,1h,all,555,8,0.07306294750964773,-0.1496707244063035
up,1h,all,555,9,0.12024329809516222,-0.10554708572769252
up,1h,all,555,10,0.1552799515243807,0.02909514111143657
up,1w,all,19,1,0.8687422876467968,1.503345473024471
up,1w,all,19,2,8.53228898729018,1.5987210231814548
up,1w,all,19,3,10.306980829092554,-0.7824996757597935
up,1w,all,19,4,10.93411972769843,7.643816426591947
up,1w,all,19,5,8.816267332740486,-2.284838795630163
up,1w,all,19,6,14.622245415685999,5.191899822772324
up,1w,all,19,7,13.631408187657849,-1.5214225492450475
up,1w,all,19,8,19.207989301347347,5.196815568332596
up,1w,all,19,9,22.75123863754723,0.7029728127382039
up,1w,all,19,10,21.294301766785228,4.73024477005166
up,5m,all,498,1,-0.003636967446011526,-0.03268622785487969
up,5m,all,498,2,-0.0036526521097197755,-0.010819117896595997
up,5m,all,498,3,0.005227949957624094,-0.011830982799838113
up,5m,all,498,4,0.010675738271393278,-0.014291888118624207
up,5m,all,498,5,0.013752983609322318,-0.006598998990266976
up,5m,all,498,6,0.01154070504898234,-0.036824721995658394
up,5m,all,498,7,0.011559631149382308,-0.07016485231255394
up,5m,all,498,8,0.00668059085329526,-0.03847516499812391
up,5m,all,498,9,-0.007477795221307222,-0.046796521474842166
up,5m,all,498,10,-0.00712694916671562,-0.031315829239156504
