side,tf,n,mean5,median5,p25,p75,ext_n,con_n,mid_n,split,bucket,h1_mean5,h2_mean5,h1_n,h2_n
down,1d,46,2.4714604442204338,3.0688254026010613,-2.0617983740127275,8.288677377793856,0.0,0.0,0.0,,,,,,
down,1d,21,1.5888931677495748,2.560998323710188,-2.148679613838699,7.985766302548825,,,,ext,ext,-1.6639658671501314,2.3542717641965645,4.0,17.0
down,1d,20,2.792639259188253,3.0688254026010613,-2.8071325096913666,8.940190840594889,,,,ext,mid,3.61794662039945,2.2424343517141216,8.0,12.0
down,1d,5,4.89352774552677,8.321073383157762,0.0724569932685116,8.590361640036761,,,,ext,con,6.567198345542165,-1.8011546545348125,4.0,1.0
down,1d,33,3.652639790851146,3.2954727243641053,-0.854809092635978,8.331682187438078,,,,vol,high_vol,6.288925975584306,3.0667984164659994,6.0,27.0
down,1d,13,-0.5269178972267567,2.8421780808380173,-7.399677449957307,7.985766302548825,,,,vol,low_vol,1.0822947023257896,-5.890959895735246,10.0,3.0
down,1d,41,2.5565680137729343,3.4586320480526926,-1.8011546545348125,8.321073383157762,,,,regime,high_regime,3.316259947517843,2.2038539016770833,13.0,28.0
down,1d,5,1.7735783738899336,0.9897551658274025,-2.148679613838699,2.4330131445904954,,,,regime,low_regime,1.8150411863439235,1.711384155208949,3.0,2.0
down,1d,46,2.4714604442204338,3.0688254026010613,-2.0617983740127275,8.288677377793856,,,,hour,0-5,3.034781429797733,2.171022585245874,16.0,30.0
down,1d,0,,,,,,,,hour,6-11,,,0.0,0.0
down,1d,0,,,,,,,,hour,12-17,,,0.0,0.0
down,1d,0,,,,,,,,hour,18-23,,,0.0,0.0
down,1h,494,0.258371569362719,0.2742617068167293,-1.5484919585025623,2.1140500729521268,0.0,0.0,0.0,,,,,,
down,1h,171,0.009094792040612004,0.3775669951192528,-1.454440008636266,2.0623154813717766,,,,ext,ext,-0.1852212023207906,0.3977267807634174,114.0,57.0
down,1h,244,0.45668082045285013,0.28799658024321423,-1.5514582815470397,2.189719198786163,,,,ext,mid,-0.09857508526350599,1.2041406935325603,140.0,104.0
down,1h,79,0.18544589412332974,-0.1917105440799342,-1.517905011971984,1.919067569255848,,,,ext,con,-0.17519658338535188,0.5745601461721703,41.0,38.0
down,1h,397,0.2750404090121316,0.3438124739120013,-1.5539153116155182,2.1261401629499828,,,,vol,high_vol,-0.19035233124344378,0.8901208727417226,226.0,171.0
down,1h,97,0.1901496173955351,0.05593409946100562,-1.5093127809890905,1.691893465288911,,,,vol,low_vol,0.013345477402288478,0.6258455338074642,69.0,28.0
down,1h,470,0.33388902819998206,0.328354301703134,-1.4680982019118947,2.1261487898516034,,,,regime,high_regime,-0.04725646100166778,0.8529364029419274,271.0,199.0
down,1h,24,-1.2205119995336846,-1.4579990711676336,-3.111607221022554,0.06176360770357467,,,,regime,low_regime,-1.2205119995336846,,24.0,0.0
down,1h,131,0.554508731017303,0.4186413902053734,-0.9167406672095284,2.5156627215450733,,,,hour,0-5,0.9126326495807107,-0.007254278493924529,80.0,51.0
down,1h,56,-0.7172853982950398,-0.5137601374131006,-2.804541855234384,0.6511346982109579,,,,hour,6-11,-2.3678885166808694,1.6509712498237585,33.0,23.0
down,1h,217,0.6080626181089192,0.6241214506606768,-1.808080315804873,2.26923733151339,,,,hour,12-17,-0.19796427913168652,1.7896247742911704,129.0,88.0
down,1h,90,-0.4087410480355198,-0.2158277636971697,-1.5530963015926922,1.4738453375190572,,,,hour,18-23,-0.21569222317473608,-0.6852704458090749,53.0,37.0
down,1w,3,2.7978546409001956,-0.0341821910784559,-2.2704548461793923,6.450145711990458,0.0,0.0,0.0,,,,,,
down,1w,2,-2.270454846179392,-2.270454846179392,-3.3885911737298597,-1.152318518628924,,,,ext,ext,-0.0341821910784559,-4.506727501280328,1.0,1.0
down,1w,1,12.934473615059371,12.934473615059371,12.934473615059371,12.934473615059371,,,,ext,mid,12.934473615059371,,1.0,0.0
down,1w,0,,,,,,,,ext,con,,,0.0,0.0
down,1w,1,-4.506727501280328,-4.506727501280328,-4.506727501280328,-4.506727501280328,,,,vol,high_vol,,-4.506727501280328,0.0,1.0
down,1w,2,6.450145711990458,6.450145711990458,3.2079817604560006,9.692309663524915,,,,vol,low_vol,6.450145711990458,,2.0,0.0
down,1w,2,-2.270454846179392,-2.270454846179392,-3.3885911737298597,-1.152318518628924,,,,regime,high_regime,-0.0341821910784559,-4.506727501280328,1.0,1.0
down,1w,1,12.934473615059371,12.934473615059371,12.934473615059371,12.934473615059371,,,,regime,low_regime,12.934473615059371,,1.0,0.0
down,1w,3,2.7978546409001956,-0.0341821910784559,-2.2704548461793923,6.450145711990458,,,,hour,0-5,6.450145711990458,-4.506727501280328,2.0,1.0
down,1w,0,,,,,,,,hour,6-11,,,0.0,0.0
down,1w,0,,,,,,,,hour,12-17,,,0.0,0.0
down,1w,0,,,,,,,,hour,18-23,,,0.0,0.0
down,5m,425,0.027156015374484897,0.04979253112033568,-0.28640059127864953,0.40245304714449803,0.0,0.0,0.0,,,,,,
down,5m,153,0.0444963068396515,0.060266759710085174,-0.19200693702482155,0.3393319055433559,,,,ext,ext,-0.016064229506411586,0.14369028878578932,95.0,58.0
down,5m,202,0.013499316809466136,0.05567559911378438,-0.4275910944725313,0.44666228118781365,,,,ext,mid,-0.07327367456266609,0.09526617406397533,98.0,104.0
down,5m,70,0.02866442274538918,0.023453464123331026,-0.19561852170620048,0.23427055614134434,,,,ext,con,-0.013030853215210131,0.08761291634485718,41.0,29.0
down,5m,307,0.03852536857388727,0.05203687184060864,-0.3195487599287418,0.4051884846665006,,,,vol,high_vol,-0.028450534320984912,0.12163415318796224,170.0,137.0
down,5m,118,-0.0024235730341297555,0.03557015023625133,-0.2661236446684552,0.38809227959970943,,,,vol,low_vol,-0.06882181339854002,0.07627063776813424,64.0,54.0
down,5m,400,0.05787960702518772,0.05187264539382873,-0.2435651555646744,0.40351906584643393,,,,regime,high_regime,0.01605034753685973,0.10504877198011077,212.0,188.0
down,5m,25,-0.4644214510367602,-0.37377727116083687,-1.034194165471066,0.23032983231989762,,,,regime,low_regime,-0.5747209349949207,0.3444414313230837,22.0,3.0
down,5m,89,0.05676254159348507,0.12955127200542782,-0.2038539118492744,0.4343022591336715,,,,hour,0-5,0.0008932881845288228,0.10668825740574389,42.0,47.0
down,5m,63,0.04310595836201871,0.005390254420003722,-0.2875670951363819,0.37146563467793564,,,,hour,6-11,0.03944149298314622,0.046231531773409947,29.0,34.0
down,5m,193,0.05254994158887168,0.0807037365829949,-0.32382203867091736,0.4132998978359863,,,,hour,12-17,-0.024570137678728756,0.14080958786179218,103.0,90.0
down,5m,80,-0.07960467213904379,-0.06420553990388092,-0.32494158872451784,0.21807310760016818,,,,hour,18-23,-0.13152973519043973,0.07617051701514407,60.0,20.0
up,1d,99,4.423830208813269,0.7833190346525419,-6.604879091879228,11.461590184823283,0.0,0.0,0.0,,,,,,
up,1d,28,4.270924816493884,2.653298452085309,-2.028976796604984,11.62107976634696,,,,ext,ext,4.640743304272422,3.346378597047542,20.0,8.0
up,1d,53,7.611580376939201,3.0851195638706477,-6.783354900224745,15.939572586588064,,,,ext,mid,13.071599748438672,-5.0147144196533215,37.0,16.0
up,1d,18,-4.724470231505162,-3.811720191345028,-7.856134705502644,0.21800121142622775,,,,ext,con,-0.6823415759052278,-6.279135099043597,5.0,13.0
up,1d,49,1.3753378483565355,-2.205242286488056,-7.5875182329652,3.6114631055658473,,,,vol,high_vol,10.676917981115457,-4.515662902390781,19.0,30.0
up,1d,50,7.411352722060866,5.050851396453471,-2.4590913367424223,14.936759374235029,,,,vol,low_vol,8.609090866440917,0.05381840658341096,43.0,7.0
up,1d,89,4.097463300182132,0.7833190346525419,-6.477495107632097,9.237063317032632,,,,regime,high_regime,9.610911383497102,-3.6511664385307983,52.0,37.0
up,1d,10,7.328495695630378,1.2686772227766911,-9.334650395265925,21.308300510119278,,,,regime,low_regime,7.328495695630378,,10.0,0.0
up,1d,99,4.423830208813269,0.7833190346525419,-6.604879091879228,11.461590184823283,,,,hour,0-5,9.242779820937953,-3.6511664385307983,62.0,37.0
up,1d,0,,,,,,,,hour,6-11,,,0.0,0.0
up,1d,0,,,,,,,,hour,12-17,,,0.0,0.0
up,1d,0,,,,,,,,hour,18-23,,,0.0,0.0
up,1h,555,0.06157407241866411,-0.20968756552737022,-1.5303616076221078,1.3829646325236746,0.0,0.0,0.0,,,,,,
up,1h,147,0.3064751477724896,-0.193764720897585,-1.1137532665701608,1.0705360812133682,,,,ext,ext,0.7771830643535659,-0.4584252166717597,91.0,56.0
up,1h,295,0.099902494957741,-0.1328903654485082,-1.9447130567026671,1.6534267511548473,,,,ext,mid,0.1153177051368537,0.08479765813793928,146.0,149.0
up,1h,113,-0.3570749782542567,-0.3435595713385295,-1.4594216984570503,0.782272547408145,,,,ext,con,-0.3193370947893868,-0.39161473600176455,54.0,59.0
up,1h,440,0.0860197179763463,-0.20876987976137273,-1.514004225641934,1.3244069600243376,,,,vol,high_vol,0.10482204637202411,0.06704567881906419,221.0,219.0
up,1h,115,-0.031957093193337435,-0.2246320681642076,-1.6497408331369074,1.5052605143085738,,,,vol,low_vol,0.6735738348472992,-1.1294496479232163,70.0,45.0
up,1h,550,0.05079413501860148,-0.22088633672169777,-1.5374415317586436,1.3742949490197423,,,,regime,high_regime,0.23425948979476574,-0.1494133053645131,287.0,263.0
up,1h,5,1.2473671864255507,1.0101834323389343,0.8819714656290473,2.072173898799282,,,,regime,low_regime,0.7708417791076235,3.15346881569726,4.0,1.0
up,1h,118,-0.3718664092107758,-0.40134904065274835,-1.7316657571115774,0.9625745797162765,,,,hour,0-5,-0.11185356850401093,-0.6232121552273154,58.0,60.0
up,1h,88,0.23811483598649105,0.04909568030313005,-1.7618590536558338,1.7513858267269824,,,,hour,6-11,0.8244967552099582,-0.43407907141601965,47.0,41.0
up,1h,216,0.4342856907944879,-0.0006727295719136453,-1.0922804827050545,1.71181825409445,,,,hour,12-17,0.44949200132620076,0.4152778026298471,120.0,96.0
up,1h,133,-0.27598472405406393,-0.4367134363150714,-1.9655581947743508,1.0101834323389343,,,,hour,18-23,-0.24071272717047296,-0.3107302732229744,66.0,67.0
up,1w,19,8.816267332740486,-2.284838795630163,-5.636612632185557,11.514673310816427,0.0,0.0,0.0,,,,,,
up,1w,3,4.30235927605009,5.46073449036341,1.0189966761273253,8.164909483129515,,,,ext,ext,8.164909483129515,-3.4227411381087585,2.0,1.0
up,1w,14,11.745148899650578,-0.8311633632593107,-8.973551384020162,21.95965319669559,,,,ext,mid,15.018739456478636,-0.2580164753856238,11.0,3.0
up,1w,2,-4.915041550594587,-4.915041550594587,-5.73042237034654,-4.099660730842635,,,,ext,con,,-4.915041550594587,0.0,2.0
up,1w,7,-1.7589046217997448,-3.4227411381087585,-7.558174947437648,-1.3308839209895709,,,,vol,high_vol,-10.425306225155916,4.740896580717383,3.0,4.0
up,1w,12,14.98511763955562,7.617323766920835,-4.725687419223998,15.426725829390017,,,,vol,low_vol,21.28118716629918,-16.49522999416217,10.0,2.0
up,1w,11,6.466190624478487,-3.4227411381087585,-5.636612632185557,3.0416232797374754,,,,regime,high_regime,12.729763311833418,-4.495061578392638,7.0,4.0
up,1w,8,12.047622806600733,10.967087594607747,-8.324793296279084,26.51909502184668,,,,regime,low_regime,15.40460163411502,1.9766863240578747,6.0,2.0
up,1w,19,8.816267332740486,-2.284838795630163,-5.636612632185557,11.514673310816427,,,,hour,0-5,13.964304075963385,-2.3378122775758006,13.0,6.0
up,1w,0,,,,,,,,hour,6-11,,,0.0,0.0
up,1w,0,,,,,,,,hour,12-17,,,0.0,0.0
up,1w,0,,,,,,,,hour,18-23,,,0.0,0.0
up,5m,498,0.013752983609322318,-0.006598998990266976,-0.2859611319508954,0.2503854757665989,0.0,0.0,0.0,,,,,,
up,5m,127,0.06939738978107778,0.03696662441909831,-0.2362256442291774,0.20772846433931763,,,,ext,ext,-0.050235375061826806,0.24767366680187677,76.0,51.0
up,5m,266,-0.02469142020927098,-0.0670353495477284,-0.39810889554596013,0.3052512509987059,,,,ext,mid,-0.0332047601176699,-0.016675209638588775,129.0,137.0
up,5m,105,0.04384223915154023,0.06788866259334453,-0.17151767151766917,0.23178944192233947,,,,ext,con,0.06742559429331907,-0.027814878394634042,79.0,26.0
up,5m,334,0.014965268643206256,-0.03815082837574858,-0.34340262043702785,0.2694217585627842,,,,vol,high_vol,-0.027135620933410088,0.0647708961815563,181.0,153.0
up,5m,164,0.011284061650070912,0.04307525632067259,-0.21330335829160474,0.22593550709368954,,,,vol,low_vol,0.0207462794003998,-0.0046931256988450515,103.0,61.0
up,5m,480,0.03206796530867138,0.014605300213216349,-0.2808258871040876,0.25604038430917747,,,,regime,high_regime,0.01826292066797244,0.049519625514837955,268.0,212.0
up,5m,18,-0.47464652837331894,-0.2749253799897521,-0.5486939198998168,-0.13692034839365647,,,,regime,low_regime,-0.47932145935766624,-0.4372470804985407,16.0,2.0
up,5m,136,0.026539519096801672,0.04414276925630668,-0.21660265915220633,0.32869489010494446,,,,hour,0-5,0.10746839398434464,-0.07296319592886591,75.0,61.0
up,5m,69,-0.07774104346248857,-0.11200716845878975,-0.3765932792584023,0.16185298092334768,,,,hour,6-11,-0.1514036584159924,-0.01021697975511006,33.0,36.0
up,5m,227,0.05047459165664111,0.015613615072340718,-0.2890025855472359,0.24998552464680418,,,,hour,12-17,-0.03456062731233706,0.19523692871097295,143.0,84.0
up,5m,66,-0.04324225858891403,-0.01887388792711449,-0.35672841467879646,0.21579213745544792,,,,hour,18-23,-0.027161203822422667,-0.059323313355405395,33.0,33.0
