coin,tf,quarter,qidx,n,sigma_ret,median_range,kurtosis,p99,p99_9,min,max,ev3_count,ev3_rate
AAVE,1d,2023Q3,3,75,2.8089,4.0278,4.242,6.507,8.028,-8.135,8.197,0,0.0
AAVE,1d,2023Q4,4,92,4.1983,6.3478,4.482,13.098,13.287,-6.888,13.308,0,0.0
AAVE,1d,2024Q1,5,91,4.5248,6.6238,7.1,11.666,19.884,-11.355,20.798,1,10.99
AAVE,1d,2024Q2,6,91,4.5516,6.1374,6.461,7.902,14.332,-17.417,15.046,3,32.97
AAVE,1d,2024Q3,7,92,4.9779,6.9161,2.792,11.858,13.625,-11.928,13.822,0,0.0
AAVE,1d,2024Q4,8,92,6.6163,8.3306,6.303,21.92,27.47,-9.412,28.086,4,43.48
AAVE,1d,2025Q1,9,90,5.7753,8.9428,4.05,14.31,14.579,-19.147,14.609,3,33.33
AAVE,1d,2025Q2,10,91,5.2291,7.509,5.429,14.841,19.689,-15.539,20.228,2,21.98
AAVE,1d,2025Q3,11,92,4.0549,5.696,4.361,10.471,14.843,-8.692,15.328,1,10.87
AAVE,1d,2025Q4,12,92,4.9567,7.627,3.909,7.842,10.587,-17.539,10.892,1,10.87
AAVE,1d,2026Q1,13,90,4.4521,6.3068,5.846,11.243,12.698,-18.38,12.859,1,11.11
AAVE,1d,2026Q2,14,91,4.4327,6.0369,6.402,15.081,15.417,-12.636,15.454,2,21.98
AAVE,1d,2026Q3,15,44,3.2978,4.5775,4.022,8.722,10.199,-5.871,10.363,0,0.0
BTC,1d,2023Q1,1,33,3.5784,4.3057,4.175,9.661,9.702,-6.199,9.707,3,90.91
BTC,1d,2023Q2,2,91,2.1431,3.0061,4.035,5.928,6.086,-5.217,6.103,0,0.0
BTC,1d,2023Q3,3,92,1.597,1.9248,9.796,3.782,5.918,-7.296,6.156,1,10.87
BTC,1d,2023Q4,4,92,2.292,2.8358,6.668,6.862,10.0,-5.76,10.348,1,10.87
BTC,1d,2024Q1,5,91,3.164,3.8359,4.489,9.484,9.525,-8.315,9.529,5,54.95
BTC,1d,2024Q2,6,91,2.4919,3.6351,4.279,7.446,7.753,-6.138,7.788,2,21.98
BTC,1d,2024Q3,7,92,2.828,3.9795,5.774,6.981,11.373,-7.224,11.861,1,10.87
BTC,1d,2024Q4,8,92,2.5764,3.7107,5.561,9.097,10.214,-5.542,10.338,2,21.74
BTC,1d,2025Q1,9,90,2.6761,3.7106,4.913,5.965,9.133,-8.519,9.485,2,22.22
BTC,1d,2025Q2,10,91,2.212,2.5855,5.716,6.931,8.174,-6.14,8.312,1,10.99
BTC,1d,2025Q3,11,92,1.5493,2.1296,3.858,4.046,4.315,-4.141,4.345,0,0.0
BTC,1d,2025Q4,12,92,2.1792,3.5565,3.904,4.144,5.656,-7.28,5.824,1,10.87
BTC,1d,2026Q1,13,90,3.0777,3.75,9.174,6.981,11.605,-14.017,12.119,2,22.22
BTC,1d,2026Q2,14,91,1.9293,2.9291,4.065,4.576,5.144,-6.552,5.208,0,0.0
BTC,1d,2026Q3,15,44,1.4236,2.2611,3.68,3.571,4.211,-2.931,4.282,0,0.0
CRV,1d,2023Q2,2,46,4.2465,4.7509,4.406,7.318,7.33,-12.308,7.331,0,0.0
CRV,1d,2023Q3,3,92,3.6564,4.5227,6.208,8.712,10.118,-14.621,10.274,0,0.0
CRV,1d,2023Q4,4,92,4.1263,5.9565,3.506,9.746,11.825,-10.252,12.056,0,0.0
CRV,1d,2024Q1,5,91,4.9916,6.5781,5.36,15.846,18.869,-12.908,19.205,1,10.99
CRV,1d,2024Q2,6,91,5.117,6.1636,6.314,10.571,10.757,-20.46,10.777,2,21.98
CRV,1d,2024Q3,7,92,5.8189,7.4574,5.434,13.929,22.736,-14.629,23.714,1,10.87
CRV,1d,2024Q4,8,92,7.5157,10.4203,4.51,24.537,25.764,-13.47,25.9,7,76.09
CRV,1d,2025Q1,9,90,6.6191,10.5479,3.519,12.541,14.696,-19.433,14.935,2,22.22
CRV,1d,2025Q2,10,91,5.5038,9.475,4.091,15.156,16.751,-14.918,16.928,1,10.99
CRV,1d,2025Q3,11,92,5.403,8.0043,5.001,10.263,20.666,-14.351,21.822,1,10.87
CRV,1d,2025Q4,12,92,5.987,7.8357,11.185,15.478,15.873,-32.032,15.917,2,21.74
CRV,1d,2026Q1,13,90,4.3367,6.4943,5.57,11.97,12.962,-16.193,13.073,1,11.11
CRV,1d,2026Q2,14,91,4.0408,5.8153,10.537,9.277,20.028,-7.837,21.222,1,10.99
CRV,1d,2026Q3,15,44,3.3724,5.3613,5.435,11.094,11.285,-4.885,11.306,0,0.0
DOGE,1d,2023Q2,2,88,2.8634,3.8438,5.361,4.944,5.775,-11.086,5.868,0,0.0
DOGE,1d,2023Q3,3,92,2.6251,3.1275,7.105,8.428,10.169,-9.249,10.363,0,0.0
DOGE,1d,2023Q4,4,92,3.2793,4.9031,3.681,8.68,9.303,-7.703,9.372,0,0.0
DOGE,1d,2024Q1,5,91,6.263,6.7627,4.806,18.667,18.944,-15.876,18.975,6,65.93
DOGE,1d,2024Q2,6,91,4.4837,7.1366,3.471,10.75,11.264,-12.346,11.321,0,0.0
DOGE,1d,2024Q3,7,92,4.2352,5.9003,3.542,9.151,12.143,-11.451,12.476,0,0.0
DOGE,1d,2024Q4,8,92,6.1668,8.5604,8.247,26.522,26.999,-12.261,27.052,3,32.61
DOGE,1d,2025Q1,9,90,5.351,7.0772,4.33,12.572,15.432,-16.755,15.749,2,22.22
DOGE,1d,2025Q2,10,91,5.0204,5.8718,7.508,16.028,21.563,-11.699,22.178,2,21.98
DOGE,1d,2025Q3,11,92,4.6635,7.1686,3.108,12.236,13.409,-11.181,13.539,1,10.87
DOGE,1d,2025Q4,12,92,4.5312,6.1118,8.291,10.779,11.672,-22.315,11.771,1,10.87
DOGE,1d,2026Q1,13,90,4.4424,5.5759,5.784,12.187,14.606,-14.803,14.875,2,22.22
DOGE,1d,2026Q2,14,91,2.4496,4.0147,4.477,4.903,5.303,-8.303,5.348,0,0.0
DOGE,1d,2026Q3,15,44,1.9913,3.263,3.521,4.114,4.552,-5.183,4.601,0,0.0
ETH,1d,2023Q1,1,33,3.2949,4.727,2.799,7.239,7.337,-6.214,7.348,0,0.0
ETH,1d,2023Q2,2,91,2.3742,3.4809,4.375,5.504,6.144,-8.036,6.215,0,0.0
ETH,1d,2023Q3,3,92,1.6675,2.2567,9.506,4.86,6.915,-6.851,7.144,0,0.0
ETH,1d,2023Q4,4,92,2.6372,3.3197,7.294,7.292,11.834,-5.378,12.339,1,10.87
ETH,1d,2024Q1,5,91,3.2644,4.3361,5.02,10.222,11.148,-10.251,11.251,3,32.97
ETH,1d,2024Q2,6,91,3.3476,4.0542,14.8,8.227,18.239,-7.609,19.352,1,10.99
ETH,1d,2024Q3,7,92,3.5083,4.5607,6.164,8.013,13.895,-10.046,14.549,2,21.74
ETH,1d,2024Q4,8,92,3.4882,4.9352,4.488,10.091,12.216,-7.299,12.453,1,10.87
ETH,1d,2025Q1,9,90,3.9923,6.0844,5.485,7.775,12.952,-14.703,13.527,3,33.33
ETH,1d,2025Q2,10,91,4.4627,5.2288,9.573,14.208,21.228,-12.514,22.008,5,54.95
ETH,1d,2025Q3,11,92,3.6135,4.7683,4.71,9.245,13.878,-8.508,14.393,1,10.87
ETH,1d,2025Q4,12,92,3.5434,5.4179,4.705,7.387,10.49,-12.517,10.835,2,21.74
ETH,1d,2026Q1,13,90,4.0752,5.1125,5.533,11.333,12.771,-14.991,12.931,3,33.33
ETH,1d,2026Q2,14,91,2.6667,3.9915,6.298,7.731,8.083,-10.614,8.122,1,10.99
ETH,1d,2026Q3,15,44,2.0912,3.3486,4.168,6.164,6.436,-3.203,6.467,0,0.0
HYPE,1d,2024Q4,8,26,9.6373,19.181,2.64,22.942,23.995,-11.019,24.112,3,115.38
HYPE,1d,2025Q1,9,90,6.3526,12.5466,2.818,12.858,14.362,-14.082,14.529,0,0.0
HYPE,1d,2025Q2,10,91,5.8451,9.3598,4.363,18.493,20.7,-14.818,20.945,2,21.98
HYPE,1d,2025Q3,11,92,4.6106,7.1577,3.247,12.207,13.356,-11.566,13.484,0,0.0
HYPE,1d,2025Q4,12,92,5.1765,8.6597,3.217,11.238,12.45,-15.031,12.585,0,0.0
HYPE,1d,2026Q1,13,90,5.5663,7.1429,5.802,15.397,22.795,-11.582,23.617,1,11.11
HYPE,1d,2026Q2,14,91,5.006,6.5848,3.428,13.747,14.175,-13.604,14.223,0,0.0
HYPE,1d,2026Q3,15,44,3.2522,4.9811,3.507,6.566,7.231,-9.209,7.305,0,0.0
LIT,1d,2025Q4,12,9,7.997,16.5646,4.584,7.982,8.467,-20.31,8.521,0,0.0
LIT,1d,2026Q1,13,90,6.7215,10.9625,3.487,14.013,15.125,-19.582,15.249,0,0.0
LIT,1d,2026Q2,14,91,7.0671,11.0623,3.701,19.614,20.283,-17.881,20.358,0,0.0
LIT,1d,2026Q3,15,44,5.8246,8.6563,2.89,12.445,12.539,-12.33,12.55,0,0.0
PUMP,1d,2025Q3,11,82,9.3732,15.0198,2.708,21.009,24.524,-19.608,24.915,1,12.2
PUMP,1d,2025Q4,12,92,7.7374,11.9569,3.945,16.925,17.751,-27.192,17.843,1,10.87
PUMP,1d,2026Q1,13,90,6.2989,10.3862,2.841,14.662,16.837,-14.859,17.079,0,0.0
PUMP,1d,2026Q2,14,91,4.894,7.9837,3.236,11.25,12.159,-13.939,12.26,0,0.0
PUMP,1d,2026Q3,15,44,5.952,9.8118,3.964,17.345,19.832,-7.18,20.108,0,0.0
SOL,1d,2023Q1,1,27,4.8934,8.3686,3.378,11.292,11.756,-8.959,11.808,0,0.0
SOL,1d,2023Q2,2,91,3.7494,5.6241,4.509,10.322,12.477,-10.239,12.716,0,0.0
SOL,1d,2023Q3,3,92,3.623,5.0109,9.478,10.387,17.784,-6.218,18.606,1,10.87
SOL,1d,2023Q4,4,92,6.0541,8.9878,4.426,16.398,24.282,-11.985,25.158,3,32.61
SOL,1d,2024Q1,5,91,4.679,7.4168,3.423,11.072,12.733,-13.235,12.917,1,10.99
SOL,1d,2024Q2,6,91,4.3562,6.5377,3.305,9.976,11.366,-11.277,11.52,0,0.0
SOL,1d,2024Q3,7,92,4.3622,6.2322,3.144,11.453,12.555,-9.262,12.677,0,0.0
SOL,1d,2024Q4,8,92,3.8926,6.2343,3.426,10.322,11.84,-8.58,12.008,0,0.0
SOL,1d,2025Q1,9,90,5.8354,7.5257,8.152,19.99,23.938,-20.4,24.377,4,44.44
SOL,1d,2025Q2,10,91,4.0442,6.0181,4.577,11.873,12.929,-11.969,13.046,1,10.99
SOL,1d,2025Q3,11,92,3.9025,5.47,3.259,9.907,11.294,-9.231,11.448,0,0.0
SOL,1d,2025Q4,12,92,4.0822,6.2986,4.829,9.625,10.975,-15.145,11.125,1,10.87
SOL,1d,2026Q1,13,90,4.0464,5.6351,5.161,11.538,11.625,-14.987,11.634,1,11.11
SOL,1d,2026Q2,14,91,2.9364,4.5542,3.655,6.927,6.928,-8.727,6.928,0,0.0
SOL,1d,2026Q3,15,44,1.9651,3.146,3.264,4.78,5.134,-3.369,5.174,0,0.0
XMR,1d,2026Q1,13,75,5.2158,6.1021,8.855,9.204,9.613,-23.316,9.659,2,26.67
XMR,1d,2026Q2,14,91,4.45,5.0535,6.661,12.541,15.218,-17.207,15.515,2,21.98
XMR,1d,2026Q3,15,44,2.3455,3.8282,3.151,5.364,5.799,-4.972,5.847,0,0.0
XRP,1d,2023Q2,2,13,1.7964,4.0039,3.021,2.085,2.141,-3.911,2.147,0,0.0
XRP,1d,2023Q3,3,92,8.3281,3.7063,74.246,11.759,68.305,-14.024,74.588,2,21.74
XRP,1d,2023Q4,4,92,2.6463,3.9953,4.401,7.455,8.102,-6.58,8.174,0,0.0
XRP,1d,2024Q1,5,91,3.6356,4.796,10.647,8.385,17.984,-9.308,19.051,1,10.99
XRP,1d,2024Q2,6,91,2.6915,3.3659,9.066,5.644,5.938,-12.675,5.971,0,0.0
XRP,1d,2024Q3,7,92,3.9631,4.6179,7.381,11.507,17.837,-8.962,18.54,1,10.87
XRP,1d,2024Q4,8,92,6.3609,7.2451,5.914,19.357,24.961,-14.901,25.584,7,76.09
XRP,1d,2025Q1,9,90,6.2843,6.9266,12.766,19.601,32.662,-18.859,34.114,3,33.33
XRP,1d,2025Q2,10,91,3.4769,4.7281,6.368,10.087,13.93,-10.434,14.357,1,10.99
XRP,1d,2025Q3,11,92,3.6438,4.4063,5.884,11.293,14.291,-10.376,14.624,1,10.87
XRP,1d,2025Q4,12,92,3.614,5.2439,5.748,6.962,8.57,-15.669,8.749,1,10.87
XRP,1d,2026Q1,13,90,4.3303,4.7229,13.166,13.215,20.219,-19.678,20.997,2,22.22
XRP,1d,2026Q2,14,91,2.2415,3.4614,3.623,4.554,5.562,-6.632,5.673,0,0.0
XRP,1d,2026Q3,15,44,1.8741,2.9703,3.13,4.275,4.351,-4.243,4.359,0,0.0
ZEC,1d,2025Q4,12,90,10.403,17.217,4.213,30.601,38.432,-19.536,39.302,2,22.22
ZEC,1d,2026Q1,13,90,6.8046,8.6633,4.606,20.572,20.942,-18.516,20.983,0,0.0
ZEC,1d,2026Q2,14,91,7.7245,9.462,5.702,22.727,26.66,-26.011,27.097,2,21.98
ZEC,1d,2026Q3,15,44,4.0848,5.7985,4.648,10.882,13.674,-8.156,13.984,0,0.0
AAVE,1h,2026Q1,13,1763,0.8793,1.0307,9.338,2.328,4.468,-7.01,4.96,32,18.15
AAVE,1h,2026Q2,14,2184,0.9134,0.9938,8.864,2.673,4.457,-6.4,5.27,47,21.52
AAVE,1h,2026Q3,15,1054,0.6672,0.883,4.992,1.846,3.024,-2.436,3.113,3,2.85
BTC,1h,2026Q1,13,1764,0.5866,0.6878,8.408,1.454,2.704,-3.608,3.424,50,28.34
BTC,1h,2026Q2,14,2184,0.4448,0.4822,14.309,1.451,2.211,-4.867,2.575,35,16.03
BTC,1h,2026Q3,15,1054,0.3261,0.3803,9.554,1.022,1.817,-1.571,2.385,5,4.74
CRV,1h,2026Q1,13,1763,0.8888,1.0519,6.019,2.381,4.25,-3.989,4.811,33,18.72
CRV,1h,2026Q2,14,2184,0.8759,1.0037,7.809,2.633,4.128,-6.006,4.59,45,20.6
CRV,1h,2026Q3,15,1054,0.7867,0.8637,7.329,2.284,3.615,-4.622,3.947,16,15.18
DOGE,1h,2026Q1,13,1763,0.8019,0.888,8.526,2.44,3.93,-4.465,4.157,53,30.06
DOGE,1h,2026Q2,14,2184,0.6512,0.7189,10.738,1.925,3.715,-5.7,4.25,36,16.48
DOGE,1h,2026Q3,15,1054,0.4384,0.5561,5.995,1.105,1.404,-2.289,1.534,1,0.95
ETH,1h,2026Q1,13,1764,0.7763,0.8975,8.573,2.153,4.194,-4.199,4.389,70,39.68
ETH,1h,2026Q2,14,2184,0.5854,0.6062,15.151,1.742,3.421,-6.001,4.09,33,15.11
ETH,1h,2026Q3,15,1054,0.4405,0.53,11.337,1.217,2.831,-2.509,3.492,5,4.74
HYPE,1h,2026Q1,13,1761,1.1792,1.471,7.582,3.319,6.05,-4.32,9.387,44,24.99
HYPE,1h,2026Q2,14,2184,1.0104,1.2405,6.275,2.904,3.708,-7.061,4.196,31,14.19
HYPE,1h,2026Q3,15,1054,0.6443,0.8722,5.421,1.613,2.195,-3.807,2.519,1,0.95
LIT,1h,2026Q1,13,1763,1.4347,1.8358,7.462,4.084,7.738,-9.431,9.198,23,13.05
LIT,1h,2026Q2,14,2184,1.6209,2.0311,5.657,4.929,7.4,-7.427,8.803,48,21.98
LIT,1h,2026Q3,15,1054,1.3176,1.7247,6.43,3.766,6.657,-4.178,8.794,6,5.69
PUMP,1h,2026Q1,13,1764,1.2115,1.5856,6.131,3.43,6.447,-5.359,7.288,27,15.31
PUMP,1h,2026Q2,14,2184,1.0913,1.2489,7.687,3.225,4.804,-7.868,7.041,31,14.19
PUMP,1h,2026Q3,15,1054,1.2957,1.6982,6.314,3.863,5.988,-4.094,8.724,22,20.87
SOL,1h,2026Q1,13,1764,0.8189,0.9599,8.95,2.318,3.792,-4.906,5.392,58,32.88
SOL,1h,2026Q2,14,2184,0.6515,0.7155,10.679,1.962,3.032,-5.995,3.502,37,16.94
SOL,1h,2026Q3,15,1054,0.447,0.5691,8.126,1.26,2.156,-2.058,3.2,3,2.85
XMR,1h,2026Q1,13,1763,1.044,1.2606,7.489,2.666,5.389,-6.865,6.588,36,20.42
XMR,1h,2026Q2,14,2184,0.9513,1.0751,11.533,2.578,4.954,-8.645,6.609,39,17.86
XMR,1h,2026Q3,15,1054,0.5614,0.7331,14.316,1.365,2.107,-2.727,5.827,1,0.95
XRP,1h,2026Q1,13,1763,0.7771,0.8558,9.99,2.356,4.547,-4.475,5.361,61,34.6
XRP,1h,2026Q2,14,2184,0.5584,0.6016,11.941,1.831,2.782,-5.679,2.984,34,15.57
XRP,1h,2026Q3,15,1054,0.3969,0.5068,5.751,0.99,1.802,-1.842,1.879,1,0.95
ZEC,1h,2026Q1,13,1763,1.1998,1.4832,6.397,3.698,5.664,-6.279,6.298,25,14.18
ZEC,1h,2026Q2,14,2184,1.5058,1.6046,16.946,4.138,11.003,-14.86,11.591,54,24.73
ZEC,1h,2026Q3,15,1054,0.8043,1.0639,7.355,2.286,4.6,-3.369,5.217,3,2.85
AAVE,1w,2023Q3,3,11,9.6594,11.4852,4.913,20.933,22.053,-10.452,22.177,0,0.0
AAVE,1w,2023Q4,4,13,12.1381,18.6902,8.756,35.622,38.501,-8.597,38.821,1,76.92
AAVE,1w,2024Q1,5,13,10.785,18.7633,2.654,21.237,22.13,-15.772,22.23,0,0.0
AAVE,1w,2024Q2,6,13,13.0548,21.8077,5.511,11.717,11.948,-34.796,11.973,1,76.92
AAVE,1w,2024Q3,7,13,13.8364,27.1107,2.604,30.651,31.999,-15.764,32.148,0,0.0
AAVE,1w,2024Q4,8,13,13.1542,21.7417,3.117,32.8,34.118,-13.492,34.265,0,0.0
AAVE,1w,2025Q1,9,13,10.9579,27.7679,1.529,9.033,9.041,-20.919,9.042,0,0.0
AAVE,1w,2025Q2,10,13,13.1771,21.2368,3.588,32.54,33.416,-14.798,33.514,0,0.0
AAVE,1w,2025Q3,11,13,10.3616,17.2452,4.711,24.144,25.962,-10.171,26.164,0,0.0
AAVE,1w,2025Q4,12,13,8.6296,23.0623,1.401,6.483,6.485,-17.279,6.485,0,0.0
AAVE,1w,2026Q1,13,13,10.8967,17.5606,2.779,14.97,15.045,-22.706,15.054,0,0.0
AAVE,1w,2026Q2,14,13,10.8613,16.3663,2.83,19.898,20.545,-17.654,20.617,0,0.0
AAVE,1w,2026Q3,15,7,5.07,13.0761,2.579,8.277,8.398,-6.513,8.411,0,0.0
BTC,1w,2023Q1,1,5,8.6345,10.3466,1.801,12.135,12.142,-8.161,12.143,0,0.0
BTC,1w,2023Q2,2,13,6.5272,8.3071,8.597,17.861,19.309,-4.918,19.47,1,76.92
BTC,1w,2023Q3,3,13,3.7524,5.9759,2.821,5.139,5.341,-7.94,5.363,0,0.0
BTC,1w,2023Q4,4,13,7.3569,9.2627,5.505,21.126,21.799,-3.197,21.874,1,76.92
BTC,1w,2024Q1,5,13,9.0975,15.3346,2.365,20.102,20.501,-8.278,20.546,1,76.92
BTC,1w,2024Q2,6,13,6.7965,11.5883,2.078,8.104,8.237,-13.286,8.251,0,0.0
BTC,1w,2024Q3,7,13,6.594,10.9436,4.235,10.599,10.923,-14.795,10.959,0,0.0
BTC,1w,2024Q4,8,13,6.4382,9.6569,5.119,18.607,19.47,-4.828,19.566,1,76.92
BTC,1w,2025Q1,9,13,5.7732,11.0655,2.955,7.247,7.446,-12.812,7.468,0,0.0
BTC,1w,2025Q2,10,13,4.1736,9.3084,3.696,10.932,11.455,-3.522,11.513,0,0.0
BTC,1w,2025Q3,11,13,4.1364,6.3623,3.014,7.306,7.376,-7.443,7.383,0,0.0
BTC,1w,2025Q4,12,13,4.6939,9.8927,2.282,3.967,4.05,-10.257,4.059,0,0.0
BTC,1w,2026Q1,13,13,6.8428,10.0256,4.479,6.801,6.891,-18.066,6.901,0,0.0
BTC,1w,2026Q2,14,13,5.881,8.39,3.477,7.225,7.466,-13.843,7.493,0,0.0
BTC,1w,2026Q3,15,7,2.7098,5.7286,1.819,3.932,3.941,-3.214,3.942,0,0.0
CRV,1w,2023Q2,2,7,15.5692,16.5041,2.957,20.798,20.947,-24.619,20.964,0,0.0
CRV,1w,2023Q3,3,13,9.6824,15.9362,3.516,15.655,16.841,-20.329,16.973,0,0.0
CRV,1w,2023Q4,4,13,9.8686,19.4849,1.496,15.468,15.775,-13.892,15.809,0,0.0
CRV,1w,2024Q1,5,13,14.1068,19.9309,4.482,30.556,33.159,-22.245,33.448,0,0.0
CRV,1w,2024Q2,6,13,11.6466,19.1026,4.07,10.006,10.609,-31.249,10.676,0,0.0
CRV,1w,2024Q3,7,13,13.8599,18.854,8.021,35.314,38.689,-16.111,39.065,0,0.0
CRV,1w,2024Q4,8,13,33.1624,27.3172,11.161,105.685,114.211,-15.912,115.158,1,76.92
CRV,1w,2025Q1,9,13,13.4084,32.8658,2.32,17.144,17.382,-26.817,17.408,0,0.0
CRV,1w,2025Q2,10,13,10.4316,21.3009,2.847,19.541,20.743,-16.585,20.877,0,0.0
CRV,1w,2025Q3,11,13,20.5411,20.685,10.913,59.959,65.682,-15.273,66.317,1,76.92
CRV,1w,2025Q4,12,13,9.3533,19.5367,3.723,6.05,6.377,-25.595,6.413,0,0.0
CRV,1w,2026Q1,13,13,10.4022,17.7143,3.244,15.87,17.172,-22.098,17.317,0,0.0
CRV,1w,2026Q2,14,13,7.3958,15.1612,2.363,8.308,8.36,-14.086,8.366,0,0.0
CRV,1w,2026Q3,15,7,12.4,8.8277,7.723,28.955,30.174,-4.885,30.31,0,0.0
DOGE,1w,2023Q2,2,13,6.9145,15.0704,1.515,8.538,8.709,-10.575,8.728,0,0.0
DOGE,1w,2023Q3,3,13,5.8816,8.0315,3.248,10.805,11.184,-10.829,11.226,0,0.0
DOGE,1w,2023Q4,4,13,8.4615,16.6953,3.308,17.714,17.826,-12.65,17.839,0,0.0
DOGE,1w,2024Q1,5,13,15.7466,20.9554,3.177,37.112,37.228,-10.064,37.241,0,0.0
DOGE,1w,2024Q2,6,13,11.6242,19.3597,2.85,13.589,14.053,-26.152,14.105,0,0.0
DOGE,1w,2024Q3,7,13,8.713,18.6789,4.867,12.071,12.673,-21.691,12.739,0,0.0
DOGE,1w,2024Q4,8,13,29.3731,25.969,12.201,93.283,102.258,-13.575,103.256,1,76.92
DOGE,1w,2025Q1,9,13,11.366,25.2454,1.645,12.297,12.641,-20.978,12.68,0,0.0
DOGE,1w,2025Q2,10,13,12.682,18.4471,7.365,33.031,35.173,-14.851,35.411,0,0.0
DOGE,1w,2025Q3,11,13,11.3644,19.6997,1.653,19.15,19.296,-14.762,19.312,0,0.0
DOGE,1w,2025Q4,12,13,7.697,17.096,3.974,2.546,2.635,-23.399,2.645,0,0.0
DOGE,1w,2026Q1,13,13,10.6758,18.0205,5.189,22.814,24.613,-16.952,24.813,0,0.0
DOGE,1w,2026Q2,14,13,6.6164,11.4367,1.906,8.82,8.928,-11.407,8.94,0,0.0
DOGE,1w,2026Q3,15,7,1.9471,6.561,4.545,2.237,2.325,-3.919,2.334,0,0.0
ETH,1w,2023Q1,1,5,6.2873,10.2849,6.753,7.609,7.652,-7.949,7.657,0,0.0
ETH,1w,2023Q2,2,13,5.7333,9.6983,5.937,13.297,14.367,-9.96,14.486,0,0.0
ETH,1w,2023Q3,3,13,2.6662,7.0741,3.925,2.887,3.059,-7.084,3.078,0,0.0
ETH,1w,2023Q4,4,13,6.3011,10.1274,2.46,13.863,14.335,-7.146,14.387,0,0.0
ETH,1w,2024Q1,5,13,9.6938,14.1934,2.04,16.576,16.822,-12.242,16.849,0,0.0
ETH,1w,2024Q2,6,13,9.1919,13.0279,6.116,21.481,23.253,-15.908,23.45,0,0.0
ETH,1w,2024Q3,7,13,10.1021,14.6425,5.988,13.203,13.691,-27.609,13.746,1,76.92
ETH,1w,2024Q4,8,13,8.0715,14.3445,2.995,18.81,19.019,-5.392,19.042,0,0.0
ETH,1w,2025Q1,9,13,6.6348,15.1484,2.618,7.281,7.726,-14.875,7.775,0,0.0
ETH,1w,2025Q2,10,13,13.7379,14.3743,9.766,40.437,43.707,-8.934,44.07,1,76.92
ETH,1w,2025Q3,11,13,10.9638,15.713,4.105,28.244,29.034,-9.569,29.122,1,76.92
ETH,1w,2025Q4,12,13,7.4338,16.8612,1.59,5.203,5.315,-14.794,5.328,0,0.0
ETH,1w,2026Q1,13,13,9.894,13.2304,6.783,7.282,7.367,-28.636,7.377,1,76.92
ETH,1w,2026Q2,14,13,6.2637,11.637,1.978,7.92,7.944,-10.561,7.946,0,0.0
ETH,1w,2026Q3,15,7,4.7462,7.2442,2.322,9.922,10.01,-1.499,10.019,0,0.0
HYPE,1w,2024Q4,8,3,22.9436,59.9548,,43.433,43.964,-1.168,44.023,0,0.0
HYPE,1w,2025Q1,9,13,12.0716,33.1166,2.53,17.237,18.333,-23.326,18.455,0,0.0
HYPE,1w,2025Q2,10,13,8.9924,25.0253,2.602,21.01,21.17,-6.183,21.188,0,0.0
HYPE,1w,2025Q3,11,13,13.1594,22.1429,2.642,24.667,25.13,-20.939,25.181,0,0.0
HYPE,1w,2025Q4,12,13,13.2557,25.5031,7.588,29.067,32.297,-19.868,32.656,0,0.0
HYPE,1w,2026Q1,13,13,19.9976,22.3593,7.797,54.663,59.372,-17.128,59.895,1,76.92
HYPE,1w,2026Q2,14,13,19.778,19.1664,2.707,40.334,41.171,-28.547,41.264,0,0.0
HYPE,1w,2026Q3,15,7,7.3014,13.4688,1.86,8.295,8.446,-11.256,8.463,0,0.0
LIT,1w,2025Q4,12,1,,82.4712,,-28.904,-28.904,-28.904,-28.904,0,0.0
LIT,1w,2026Q1,13,13,16.8845,34.9388,2.426,24.867,26.083,-30.481,26.218,0,0.0
LIT,1w,2026Q2,14,13,23.0978,34.7874,3.385,56.4,58.063,-22.113,58.248,1,76.92
LIT,1w,2026Q3,15,7,6.3376,19.6223,2.632,11.99,12.287,-5.393,12.32,0,0.0
PUMP,1w,2025Q3,11,11,30.8909,45.6602,1.926,44.701,45.324,-47.633,45.393,0,0.0
PUMP,1w,2025Q4,12,13,21.8031,34.4521,7.001,46.19,50.647,-37.922,51.142,0,0.0
PUMP,1w,2026Q1,13,13,14.6752,29.5714,2.349,22.66,23.05,-25.955,23.093,0,0.0
PUMP,1w,2026Q2,14,13,9.6401,20.1531,3.498,11.567,11.903,-22.367,11.94,0,0.0
PUMP,1w,2026Q3,15,7,10.1072,24.8164,4.149,28.348,29.149,-2.561,29.238,0,0.0
SOL,1w,2023Q1,1,4,5.8427,21.9098,2.647,11.047,11.23,-1.43,11.25,0,0.0
SOL,1w,2023Q2,2,13,12.35,16.139,2.456,19.072,19.09,-22.267,19.092,0,0.0
SOL,1w,2023Q3,3,13,10.8798,13.1185,1.99,20.718,20.826,-8.091,20.837,0,0.0
SOL,1w,2023Q4,4,13,19.0323,26.2419,2.793,50.361,51.806,-12.309,51.967,2,153.85
SOL,1w,2024Q1,5,13,11.0296,25.3526,2.559,24.188,25.08,-13.212,25.179,0,0.0
SOL,1w,2024Q2,6,13,10.9308,20.0908,2.763,12.092,12.127,-24.038,12.131,0,0.0
SOL,1w,2024Q3,7,13,7.8964,16.7905,3.583,14.038,14.511,-15.647,14.563,0,0.0
SOL,1w,2024Q4,8,13,7.3521,18.0379,2.061,14.793,15.282,-9.198,15.337,0,0.0
SOL,1w,2025Q1,9,13,12.7867,22.4104,3.22,23.078,24.921,-19.877,25.126,0,0.0
SOL,1w,2025Q2,10,13,8.8425,16.3833,3.02,19.295,19.811,-11.008,19.868,0,0.0
SOL,1w,2025Q3,11,13,9.1015,16.7969,2.911,18.917,19.92,-13.616,20.031,0,0.0
SOL,1w,2025Q4,12,13,7.6766,15.0603,1.94,7.361,7.731,-16.341,7.772,0,0.0
SOL,1w,2026Q1,13,13,10.624,16.5618,3.419,9.232,9.395,-26.51,9.413,0,0.0
SOL,1w,2026Q2,14,13,8.5039,12.3901,2.456,13.943,13.962,-13.098,13.964,0,0.0
SOL,1w,2026Q3,15,7,2.4804,7.5669,7.641,2.083,2.152,-5.493,2.159,0,0.0
XMR,1w,2026Q1,13,10,6.9173,14.341,3.832,4.179,4.253,-18.519,4.262,0,0.0
XMR,1w,2026Q2,14,13,5.7229,12.4402,2.392,10.06,10.51,-7.768,10.56,0,0.0
XMR,1w,2026Q3,15,7,2.7271,10.2749,1.995,7.546,7.594,0.269,7.599,0,0.0
XRP,1w,2023Q2,2,2,7.0275,13.5766,,2.707,2.796,-7.132,2.806,0,0.0
XRP,1w,2023Q3,3,13,22.2775,9.6557,13.828,66.126,73.281,-12.577,74.076,1,76.92
XRP,1w,2023Q4,4,13,7.5798,13.0435,2.154,13.773,13.872,-8.307,13.882,0,0.0
XRP,1w,2024Q1,5,13,6.7575,13.3888,2.595,11.805,12.454,-11.418,12.526,0,0.0
XRP,1w,2024Q2,6,13,6.7561,12.3996,7.707,7.465,7.578,-19.935,7.59,0,0.0
XRP,1w,2024Q3,7,13,13.1794,14.0776,11.936,38.666,42.25,-7.695,42.648,1,76.92
XRP,1w,2024Q4,8,13,23.5496,21.8301,3.441,60.328,60.382,-4.019,60.389,2,153.85
XRP,1w,2025Q1,9,13,15.3612,20.611,3.156,30.152,32.169,-22.541,32.393,0,0.0
XRP,1w,2025Q2,10,13,6.8184,12.7843,7.963,18.459,19.915,-6.003,20.076,0,0.0
XRP,1w,2025Q3,11,13,9.0979,12.7876,6.401,24.43,26.249,-10.018,26.451,0,0.0
XRP,1w,2025Q4,12,13,6.8035,14.697,2.742,7.541,7.814,-16.339,7.845,0,0.0
XRP,1w,2026Q1,13,13,8.9475,15.9134,5.197,16.122,17.393,-20.946,17.535,0,0.0
XRP,1w,2026Q2,14,13,5.4376,9.1677,2.193,7.668,8.112,-9.552,8.162,0,0.0
XRP,1w,2026Q3,15,7,3.7991,7.284,1.656,3.567,3.623,-5.975,3.63,0,0.0
ZEC,1w,2025Q4,12,12,24.4192,61.109,2.86,46.116,47.295,-35.601,47.426,0,0.0
ZEC,1w,2026Q1,13,13,13.0689,26.9369,3.513,16.036,16.766,-32.094,16.848,0,0.0
ZEC,1w,2026Q2,14,13,26.1706,27.6438,4.754,64.444,68.852,-34.293,69.342,1,76.92
ZEC,1w,2026Q3,15,7,12.0938,15.6659,2.076,21.783,22.362,-9.668,22.426,0,0.0
AAVE,5m,2026Q3,15,5018,0.1778,0.173,8.992,0.474,0.775,-2.002,1.092,68,13.55
BTC,5m,2026Q3,15,5031,0.0832,0.0757,10.454,0.235,0.484,-0.568,0.773,87,17.29
CRV,5m,2026Q3,15,5024,0.2388,0.17,11.669,0.746,1.264,-2.048,2.129,102,20.3
DOGE,5m,2026Q3,15,5026,0.1169,0.1014,11.524,0.326,0.57,-1.214,1.077,75,14.92
ETH,5m,2026Q3,15,5031,0.1147,0.105,17.786,0.336,0.61,-0.83,1.668,93,18.49
HYPE,5m,2026Q3,15,5003,0.1766,0.2052,5.917,0.465,0.696,-1.18,0.949,70,13.99
LIT,5m,2026Q3,15,5020,0.3227,0.35,5.614,0.908,1.355,-1.836,2.023,64,12.75
PUMP,5m,2026Q3,15,5031,0.3951,0.4719,5.876,1.124,1.829,-2.25,2.56,66,13.12
SOL,5m,2026Q3,15,5029,0.1137,0.1119,10.02,0.337,0.517,-0.776,1.275,79,15.71
XMR,5m,2026Q3,15,5020,0.1573,0.147,7.678,0.41,0.764,-1.113,1.305,75,14.94
XRP,5m,2026Q3,15,5019,0.107,0.1022,9.435,0.294,0.574,-0.738,1.09,73,14.54
ZEC,5m,2026Q3,15,5025,0.1988,0.2156,6.343,0.565,0.959,-1.085,1.442,71,14.13
