trader_id,strategy_id,instrument_id,account_id,opening_order_id,closing_order_id,entry,side,quantity,peak_qty,ts_init,ts_opened,ts_last,ts_closed,duration_ns,avg_px_open,avg_px_close,commissions,realized_return,realized_pnl,is_snapshot
TESTER-001,SRGridStrategyUser-000,BTC/USDT.SIM,SIM-001,O-20250807-155500-001-000-1,O-20250810-075500-001-000-20,BUY,FLAT,0.000000,0.162288,1754584800000000000,2025-08-07 16:40:00+00:00,1754828100000000000,2025-08-10 12:15:00+00:00,243300000000000.0,116503.46225558256,117339.70261583284,['16.06252940 USDT'],0.00718,298.96000000 USDT,True
TESTER-001,SRGridStrategyUser-000,BTC/USDT.SIM,SIM-001,O-20250810-075500-001-000-20,O-20250810-235500-001-000-21,SELL,FLAT,0.000000,0.007485,1754828100000000000,2025-08-10 12:15:00+00:00,1754874900000000000,2025-08-11 01:15:00+00:00,46800000000000.0,118552.03000000001,118991.60000000002,['0.35560006 USDT'],-0.00371,-3.65000000 USDT,True
TESTER-001,SRGridStrategyUser-000,BTC/USDT.SIM,SIM-001,O-20250810-235500-001-000-21,O-20250810-235500-001-000-23,BUY,FLAT,0.000000,0.034535,1754874900000000000,2025-08-11 01:15:00+00:00,1754875800000000000,2025-08-11 01:30:00+00:00,900000000000.0,118991.60000000002,119596.42000000001,['1.64792838 USDT'],0.00508,19.24000000 USDT,True
TESTER-001,SRGridStrategyUser-000,BTC/USDT.SIM,SIM-001,O-20250810-235500-001-000-23,O-20250811-155500-001-000-26,SELL,FLAT,0.000000,0.070624,1754875800000000000,2025-08-11 01:30:00+00:00,1754935200000000000,2025-08-11 18:00:00+00:00,59400000000000.0,120361.72219557091,119712.60106847533,['3.39485125 USDT'],0.00539,42.45000000 USDT,True
TESTER-001,SRGridStrategyUser-000,BTC/USDT.SIM,SIM-001,O-20250811-155500-001-000-26,O-20250813-103500-001-000-37,BUY,FLAT,0.000000,0.097167,1754935200000000000,2025-08-11 18:00:00+00:00,1755083100000000000,2025-08-13 11:05:00+00:00,147900000000000.0,119607.42950600034,119949.04786591105,['8.64490421 USDT'],0.00286,119.01000000 USDT,True
TESTER-001,SRGridStrategyUser-000,BTC/USDT.SIM,SIM-001,O-20250813-103500-001-000-37,O-20250814-163500-001-000-46,SELL,FLAT,0.000000,0.094168,1755083100000000000,2025-08-13 11:05:00+00:00,1755189600000000000,2025-08-14 16:40:00+00:00,106500000000000.0,121692.24702191826,120699.55731819727,['4.56418670 USDT'],0.00816,88.93000000 USDT,True
TESTER-001,SRGridStrategyUser-000,BTC/USDT.SIM,SIM-001,O-20250814-194500-001-000-47,O-20250818-194500-001-000-78,BUY,FLAT,0.000000,0.212904,1755201300000000000,2025-08-14 19:55:00+00:00,1755554400000000000,2025-08-18 22:00:00+00:00,353100000000000.0,117880.75470141377,117481.38727667181,['19.96388584 USDT'],-0.00339,-200.32000000 USDT,True
TESTER-001,SRGridStrategyUser-000,BTC/USDT.SIM,SIM-001,O-20250818-194500-001-000-78,O-20250818-194500-001-000-75,SELL,FLAT,0.000000,0.001545,1755554400000000000,2025-08-18 22:00:00+00:00,1755562800000000000,2025-08-19 00:20:00+00:00,8400000000000.0,116874.46,115966.14,['0.07194773 USDT'],0.00777,1.33000000 USDT,True
TESTER-001,SRGridStrategyUser-000,BTC/USDT.SIM,SIM-001,O-20250818-194500-001-000-75,O-20250822-165000-001-000-101,BUY,FLAT,0.000000,0.262946,1755562800000000000,2025-08-19 00:20:00+00:00,1755882000000000000,2025-08-22 17:00:00+00:00,319200000000000.0,112943.24273847735,114875.28814643508,['26.05416643 USDT'],0.01711,622.54000000 USDT,True
TESTER-001,SRGridStrategyUser-000,BTC/USDT.SIM,SIM-001,O-20250822-221500-001-000-102,O-20250824-061500-001-000-112,BUY,FLAT,0.000000,0.129500,1755912600000000000,2025-08-23 01:30:00+00:00,1756016700000000000,2025-08-24 06:25:00+00:00,104100000000000.0,115829.19202625482,115275.5378338224,['5.98562326 USDT'],-0.00478,-77.68000000 USDT,True
TESTER-001,SRGridStrategyUser-000,BTC/USDT.SIM,SIM-001,O-20250824-061500-001-000-112,O-20250824-061500-001-000-110,SELL,FLAT,0.000000,0.000625,1756016700000000000,2025-08-24 06:25:00+00:00,1756026600000000000,2025-08-24 09:10:00+00:00,9900000000000.0,115014.5,114742.92,['0.02871950 USDT'],0.00236,0.15000000 USDT,True
TESTER-001,SRGridStrategyUser-000,BTC/USDT.SIM,SIM-001,O-20250824-061500-001-000-110,O-20250826-003500-001-000-124,BUY,FLAT,0.000000,0.206574,1756026600000000000,2025-08-24 09:10:00+00:00,1756168800000000000,2025-08-26 00:40:00+00:00,142200000000000.0,111781.77552641818,110604.36244039284,['13.15565724 USDT'],-0.01053,-529.05000000 USDT,True
TESTER-001,SRGridStrategyUser-000,BTC/USDT.SIM,SIM-001,O-20250826-021500-001-000-127,O-20250904-101500-001-000-175,SELL,FLAT,0.000000,0.271709,1756193700000000000,2025-08-26 07:35:00+00:00,1756983300000000000,2025-09-04 10:55:00+00:00,789600000000000.0,111340.79277615121,109760.67139152659,['36.94606004 USDT'],0.01419,399.28000000 USDT,True
TESTER-001,SRGridStrategyUser-000,BTC/USDT.SIM,SIM-001,O-20250904-101500-001-000-175,O-20250904-101500-001-000-177,BUY,FLAT,0.000000,0.024117,1756983300000000000,2025-09-04 10:55:00+00:00,1756988100000000000,2025-09-04 12:15:00+00:00,4800000000000.0,110697.05,111101.27,['1.06982566 USDT'],0.00365,8.68000000 USDT,True
TESTER-001,SRGridStrategyUser-000,BTC/USDT.SIM,SIM-001,O-20250904-101500-001-000-177,O-20250904-101500-001-000-176,SELL,FLAT,0.000000,0.020887,1756988100000000000,2025-09-04 12:15:00+00:00,1756993200000000000,2025-09-04 13:40:00+00:00,5100000000000.0,111101.27,110494.95,['0.92569526 USDT'],0.00546,11.74000000 USDT,True
TESTER-001,SRGridStrategyUser-000,BTC/USDT.SIM,SIM-001,O-20250904-101500-001-000-176,O-20250904-101500-001-000-178,BUY,FLAT,0.000000,0.024364,1756993200000000000,2025-09-04 13:40:00+00:00,1757026500000000000,2025-09-04 22:55:00+00:00,33300000000000.0,110494.95,111303.37,['1.08078136 USDT'],0.00732,18.61000000 USDT,True
TESTER-001,SRGridStrategyUser-000,BTC/USDT.SIM,SIM-001,O-20250904-101500-001-000-178,O-20250921-181500-001-000-270,SELL,FLAT,0.000000,0.432452,1757026500000000000,2025-09-04 22:55:00+00:00,1758492600000000000,2025-09-21 22:10:00+00:00,1466100000000000.0,115580.89004491028,114140.08626643723,['65.59095619 USDT'],0.01247,-744.19000000 USDT,True
TESTER-001,SRGridStrategyUser-000,BTC/USDT.SIM,SIM-001,O-20250921-181500-001-000-270,O-20250922-101500-001-000-275,BUY,FLAT,0.000000,0.043249,1758492600000000000,2025-09-21 22:10:00+00:00,1758540000000000000,2025-09-22 11:20:00+00:00,47400000000000.0,115225.39,112957.20999999999,['1.97372882 USDT'],-0.01968,-100.07000000 USDT,True
TESTER-001,SRGridStrategyUser-000,BTC/USDT.SIM,SIM-001,O-20250922-101500-001-000-275,O-20250922-101500-001-000-274,SELL,FLAT,0.000000,0.045148,1758540000000000000,2025-09-22 11:20:00+00:00,1758570300000000000,2025-09-22 19:45:00+00:00,30300000000000.0,113287.79922654381,112276.1681031275,['2.03671396 USDT'],0.00893,43.64000000 USDT,True
TESTER-001,SRGridStrategyUser-000,BTC/USDT.SIM,SIM-001,O-20250922-101500-001-000-274,O-20250927-021500-001-000-306,BUY,FLAT,0.000000,0.163565,1758570300000000000,2025-09-22 19:45:00+00:00,1758944100000000000,2025-09-27 03:35:00+00:00,373800000000000.0,111037.13339400805,111679.34938871223,['21.14904007 USDT'],0.00578,20.54000000 USDT,True
TESTER-001,SRGridStrategyUser-000,BTC/USDT.SIM,SIM-001,O-20250927-021500-001-000-306,O-20250927-021500-001-000-303,SELL,FLAT,0.000000,0.019018,1758944100000000000,2025-09-27 03:35:00+00:00,1758963900000000000,2025-09-27 09:05:00+00:00,19800000000000.0,109686.28,109168.44,['0.83242975 USDT'],0.00472,9.01000000 USDT,True
TESTER-001,SRGridStrategyUser-000,BTC/USDT.SIM,SIM-001,O-20250927-021500-001-000-303,O-20250927-181500-001-000-309,BUY,FLAT,0.000000,0.026783,1758963900000000000,2025-09-27 09:05:00+00:00,1759011000000000000,2025-09-27 22:10:00+00:00,47100000000000.0,109168.44,109573.91,['1.17171636 USDT'],0.00371,9.69000000 USDT,True
TESTER-001,SRGridStrategyUser-000,BTC/USDT.SIM,SIM-001,O-20250927-181500-001-000-309,O-20251007-191000-001-000-361,SELL,FLAT,0.000000,0.240238,1759011000000000000,2025-09-27 22:10:00+00:00,1759864800000000000,2025-10-07 19:20:00+00:00,853800000000000.0,122174.13359627133,119106.12465793053,['31.17305253 USDT'],0.02511,-1768.97000000 USDT,True
TESTER-001,SRGridStrategyUser-000,BTC/USDT.SIM,SIM-001,O-20251007-204000-001-000-362,O-20251009-204000-001-000-376,BUY,FLAT,0.000000,0.083841,1759879500000000000,2025-10-07 23:25:00+00:00,1760044200000000000,2025-10-09 21:10:00+00:00,164700000000000.0,121613.61428182619,122784.59317916259,['12.05282689 USDT'],0.00963,251.83000000 USDT,True
TESTER-001,SRGridStrategyUser-000,BTC/USDT.SIM,SIM-001,O-20251009-204000-001-000-376,O-20251010-185500-001-000-382,SELL,FLAT,0.000000,0.162274,1760044200000000000,2025-10-09 21:10:00+00:00,1760123100000000000,2025-10-10 19:05:00+00:00,78900000000000.0,121620.29366885638,119188.19687713376,['7.81717311 USDT'],0.02,386.84000000 USDT,True
TESTER-001,SRGridStrategyUser-000,BTC/USDT.SIM,SIM-001,O-20251011-053500-001-000-387,O-20251015-053500-001-000-418,BUY,FLAT,0.000000,0.135762,1760166000000000000,2025-10-11 07:00:00+00:00,1760517000000000000,2025-10-15 08:30:00+00:00,351000000000000.0,112250.62081970932,113207.85635658508,['18.04910299 USDT'],0.00853,227.51000000 USDT,True
TESTER-001,SRGridStrategyUser-000,BTC/USDT.SIM,SIM-001,O-20251015-053500-001-000-418,O-20251015-053500-001-000-416,SELL,FLAT,0.000000,0.041926,1760517000000000000,2025-10-15 08:30:00+00:00,1760526900000000000,2025-10-15 11:15:00+00:00,9900000000000.0,113401.44,111710.54000000001,['1.88760248 USDT'],0.01491,69.01000000 USDT,True
TESTER-001,SRGridStrategyUser-000,BTC/USDT.SIM,SIM-001,O-20251015-053500-001-000-416,O-20251016-182500-001-000-428,BUY,FLAT,0.000000,0.093914,1760526900000000000,2025-10-15 11:15:00+00:00,1760639400000000000,2025-10-16 18:30:00+00:00,112500000000000.0,110577.89151414623,109228.34731245264,['6.09329453 USDT'],-0.0122,-187.34000000 USDT,True
TESTER-001,SRGridStrategyUser-000,BTC/USDT.SIM,SIM-001,O-20251016-222500-001-000-431,O-20251017-090500-001-000-433,SELL,FLAT,0.000000,0.092133,1760656800000000000,2025-10-16 23:20:00+00:00,1760692200000000000,2025-10-17 09:10:00+00:00,35400000000000.0,108538.6238100355,107109.98003788004,['3.97000000 USDT'],0.01316,127.65000000 USDT,True
TESTER-001,SRGridStrategyUser-000,BTC/USDT.SIM,SIM-001,O-20251017-140500-001-000-436,O-20251020-075500-001-000-455,SELL,FLAT,0.000000,0.240648,1760715900000000000,2025-10-17 15:45:00+00:00,1760947200000000000,2025-10-20 08:00:00+00:00,231300000000000.0,107901.05131600409,109098.64945319183,['16.51000000 USDT'],-0.0111,-590.22000000 USDT,True
TESTER-001,SRGridStrategyUser-000,BTC/USDT.SIM,SIM-001,O-20251020-104000-001-000-456,O-20251020-104000-001-000-459,BUY,FLAT,0.000000,0.045195,1760957400000000000,2025-10-20 10:50:00+00:00,1760972700000000000,2025-10-20 15:05:00+00:00,15300000000000.0,110631.05,111238.59898108197,['2.00548776 USDT'],0.00549,25.45000000 USDT,True
TESTER-001,SRGridStrategyUser-000,BTC/USDT.SIM,SIM-001,O-20251020-104000-001-000-459,O-20251020-104000-001-000-457,SELL,FLAT,0.000000,0.044581,1760972700000000000,2025-10-20 15:05:00+00:00,1760978700000000000,2025-10-20 16:45:00+00:00,6000000000000.0,111539.90000000001,110328.09999999999,['1.97822768 USDT'],0.01086,52.05000000 USDT,True
TESTER-001,SRGridStrategyUser-000,BTC/USDT.SIM,SIM-001,O-20251020-104000-001-000-457,O-20251021-153500-001-000-464,BUY,FLAT,0.000000,0.092573,1760978700000000000,2025-10-20 16:45:00+00:00,1761061200000000000,2025-10-21 15:40:00+00:00,82500000000000.0,108902.27791548292,110385.8228964169,['4.05628456 USDT'],0.01362,133.27000000 USDT,True
TESTER-001,SRGridStrategyUser-000,BTC/USDT.SIM,SIM-001,O-20251021-205000-001-000-465,O-20251021-233500-001-000-469,BUY,FLAT,0.000000,0.090820,1761081600000000000,2025-10-21 21:20:00+00:00,1761090000000000000,2025-10-21 23:40:00+00:00,8400000000000.0,110108.02235972254,108365.0,['3.97000000 USDT'],-0.01583,-162.27000000 USDT,True
TESTER-001,SRGridStrategyUser-000,BTC/USDT.SIM,SIM-001,O-20251022-051000-001-000-470,O-20251022-211000-001-000-476,BUY,FLAT,0.000000,0.092696,1761110700000000000,2025-10-22 05:25:00+00:00,1761175500000000000,2025-10-22 23:25:00+00:00,64800000000000.0,107880.07363597135,108816.86315094502,['4.01739074 USDT'],0.00868,82.82000000 USDT,True
TESTER-001,SRGridStrategyUser-000,BTC/USDT.SIM,SIM-001,O-20251022-211000-001-000-476,O-20251103-051000-001-000-546,SELL,FLAT,0.000000,0.272339,1761175500000000000,2025-10-22 23:25:00+00:00,1762148700000000000,2025-11-03 05:45:00+00:00,973200000000000.0,110688.69739991489,111043.62689404769,['43.91122828 USDT'],-0.00321,225.77000000 USDT,True
TESTER-001,SRGridStrategyUser-000,BTC/USDT.SIM,SIM-001,O-20251103-051000-001-000-546,O-20251104-093500-001-000-554,BUY,FLAT,0.000000,0.059882,1762148700000000000,2025-11-03 05:45:00+00:00,1762252800000000000,2025-11-04 10:40:00+00:00,104100000000000.0,105509.32461759758,105678.48123949305,['3.88138098 USDT'],0.0016,-18.56000000 USDT,True
TESTER-001,SRGridStrategyUser-000,BTC/USDT.SIM,SIM-001,O-20251104-123500-001-000-555,O-20251104-195000-001-000-560,BUY,FLAT,0.000000,0.058057,1762266600000000000,2025-11-04 14:30:00+00:00,1762286100000000000,2025-11-04 19:55:00+00:00,19500000000000.0,103345.4969643626,103780.89142618461,['2.41000000 USDT'],0.00421,22.87000000 USDT,True
TESTER-001,SRGridStrategyUser-000,BTC/USDT.SIM,SIM-001,O-20251105-000000-001-000-561,O-20251105-000000-001-000-564,BUY,FLAT,0.000000,0.099685,1762302900000000000,2025-11-05 00:35:00+00:00,1762345500000000000,2025-11-05 12:25:00+00:00,42600000000000.0,100316.56873341024,102076.81040116366,['4.03512486 USDT'],0.01755,171.43000000 USDT,True
TESTER-001,SRGridStrategyUser-000,BTC/USDT.SIM,SIM-001,O-20251105-000000-001-000-564,O-20251106-080000-001-000-573,SELL,FLAT,0.000000,0.192188,1762345500000000000,2025-11-05 12:25:00+00:00,1762443600000000000,2025-11-06 15:40:00+00:00,98100000000000.0,103150.3721397798,102334.19920171917,['7.89839027 USDT'],0.00791,148.97000000 USDT,True
TESTER-001,SRGridStrategyUser-000,BTC/USDT.SIM,SIM-001,O-20251106-080000-001-000-573,O-20251107-172500-001-000-587,BUY,FLAT,0.000000,0.103418,1762443600000000000,2025-11-06 15:40:00+00:00,1762536600000000000,2025-11-07 17:30:00+00:00,93000000000000.0,100640.69148009742,102185.65942933796,['8.17994491 USDT'],0.01535,226.91000000 USDT,True
TESTER-001,SRGridStrategyUser-000,BTC/USDT.SIM,SIM-001,O-20251107-172500-001-000-587,O-20251107-203000-001-000-588,SELL,FLAT,0.000000,0.043194,1762536600000000000,2025-11-07 17:30:00+00:00,1762550400000000000,2025-11-07 21:20:00+00:00,13800000000000.0,102623.78,103328.32,['1.77653996 USDT'],-0.00687,-32.21000000 USDT,True
TESTER-001,SRGridStrategyUser-000,BTC/USDT.SIM,SIM-001,O-20251108-003000-001-000-589,O-20251110-003000-001-000-603,BUY,FLAT,0.000000,0.049900,1762562100000000000,2025-11-08 00:35:00+00:00,1762735800000000000,2025-11-10 00:50:00+00:00,173700000000000.0,101644.06920880842,102514.96603494858,['8.02216078 USDT'],0.00857,102.75000000 USDT,True
TESTER-001,SRGridStrategyUser-000,BTC/USDT.SIM,SIM-001,O-20251110-003000-001-000-603,O-20251110-003000-001-000-601,SELL,FLAT,0.000000,0.045978,1762735800000000000,2025-11-10 00:50:00+00:00,1762786200000000000,2025-11-10 14:50:00+00:00,50400000000000.0,106336.72,105053.58,['1.94386506 USDT'],0.01207,57.05000000 USDT,True
TESTER-001,SRGridStrategyUser-000,BTC/USDT.SIM,SIM-001,O-20251110-003000-001-000-601,O-20251110-163000-001-000-608,BUY,FLAT,0.000000,0.001617,1762786200000000000,2025-11-10 14:50:00+00:00,1762796700000000000,2025-11-10 17:45:00+00:00,10500000000000.0,105053.58,105860.2,['0.06820942 USDT'],0.00768,1.24000000 USDT,True
TESTER-001,SRGridStrategyUser-000,BTC/USDT.SIM,SIM-001,O-20251110-163000-001-000-608,O-20251112-184500-001-000-624,SELL,FLAT,0.000000,0.165842,1762796700000000000,2025-11-10 17:45:00+00:00,1762974300000000000,2025-11-12 19:05:00+00:00,177600000000000.0,104643.77368424207,102575.89125223672,['9.81576474 USDT'],0.01976,570.82000000 USDT,True
TESTER-001,SRGridStrategyUser-000,BTC/USDT.SIM,SIM-001,O-20251112-224000-001-000-625,O-20251112-224000-001-000-627,BUY,FLAT,0.000000,0.049258,1762991400000000000,2025-11-12 23:50:00+00:00,1762996200000000000,2025-11-13 01:10:00+00:00,4800000000000.0,101506.32,102447.31012546185,['2.00927382 USDT'],0.00927,44.35000000 USDT,True
TESTER-001,SRGridStrategyUser-000,BTC/USDT.SIM,SIM-001,O-20251112-224000-001-000-627,O-20251112-224000-001-000-626,SELL,FLAT,0.000000,0.048501,1762996200000000000,2025-11-13 01:10:00+00:00,1763003700000000000,2025-11-13 03:15:00+00:00,7500000000000.0,102135.58,101191.69,['1.97230923 USDT'],0.00924,43.81000000 USDT,True
TESTER-001,SRGridStrategyUser-000,BTC/USDT.SIM,SIM-001,O-20251112-224000-001-000-626,O-20251113-144000-001-000-631,BUY,FLAT,0.000000,0.000910,1763003700000000000,2025-11-13 03:15:00+00:00,1763045400000000000,2025-11-13 14:50:00+00:00,41700000000000.0,101191.69,102596.78,['0.03708975 USDT'],0.01389,1.24000000 USDT,True
TESTER-001,SRGridStrategyUser-000,BTC/USDT.SIM,SIM-001,O-20251113-144000-001-000-631,O-20251113-144000-001-000-629,SELL,FLAT,0.000000,0.047824,1763045400000000000,2025-11-13 14:50:00+00:00,1763050200000000000,2025-11-13 16:10:00+00:00,4800000000000.0,102596.78,101044.18,['1.94780053 USDT'],0.01513,72.31000000 USDT,True
TESTER-001,SRGridStrategyUser-000,BTC/USDT.SIM,SIM-001,O-20251113-144000-001-000-629,O-20251113-183000-001-000-636,BUY,FLAT,0.000000,0.161230,1763050200000000000,2025-11-13 16:10:00+00:00,1763058900000000000,2025-11-13 18:35:00+00:00,8700000000000.0,100275.86785399739,98649.31,['6.41352667 USDT'],-0.01622,-268.66000000 USDT,True
TESTER-001,SRGridStrategyUser-000,BTC/USDT.SIM,SIM-001,O-20251113-233000-001-000-637,O-20251114-084000-001-000-641,BUY,FLAT,0.000000,0.100528,1763077800000000000,2025-11-13 23:50:00+00:00,1763110200000000000,2025-11-14 08:50:00+00:00,32400000000000.0,99474.54514712318,97262.83,['3.96000000 USDT'],-0.02223,-226.30000000 USDT,True
TESTER-001,SRGridStrategyUser-000,BTC/USDT.SIM,SIM-001,O-20251114-110000-001-000-642,O-20251117-192000-001-000-666,BUY,FLAT,0.000000,0.221465,1763118900000000000,2025-11-14 11:15:00+00:00,1763407500000000000,2025-11-17 19:25:00+00:00,288600000000000.0,95126.14968187275,94185.29551544016,['16.28000000 USDT'],-0.00989,-591.41000000 USDT,True
TESTER-001,SRGridStrategyUser-000,BTC/USDT.SIM,SIM-001,O-20251118-001500-001-000-667,O-20251118-001500-001-000-670,BUY,FLAT,0.000000,0.086625,1763426400000000000,2025-11-18 00:40:00+00:00,1763479500000000000,2025-11-18 15:25:00+00:00,53100000000000.0,91531.31157206348,92630.82989887445,['3.19482613 USDT'],0.01201,92.05000000 USDT,True
TESTER-001,SRGridStrategyUser-000,BTC/USDT.SIM,SIM-001,O-20251118-001500-001-000-670,O-20251118-161500-001-000-671,SELL,FLAT,0.000000,0.021273,1763479500000000000,2025-11-18 15:25:00+00:00,1763511300000000000,2025-11-19 00:15:00+00:00,31800000000000.0,92880.71,92334.54000000001,['0.78801980 USDT'],0.00588,10.83000000 USDT,True
TESTER-001,SRGridStrategyUser-000,BTC/USDT.SIM,SIM-001,O-20251118-161500-001-000-671,O-20251119-195000-001-000-680,BUY,FLAT,0.000000,0.198138,1763511300000000000,2025-11-19 00:15:00+00:00,1763582100000000000,2025-11-19 19:55:00+00:00,70800000000000.0,91224.51979238827,89732.4814493546,['9.13715407 USDT'],-0.01636,-396.18000000 USDT,True
TESTER-001,SRGridStrategyUser-000,BTC/USDT.SIM,SIM-001,O-20251119-214500-001-000-683,O-20251120-012500-001-000-685,SELL,FLAT,0.000000,0.109081,1763593500000000000,2025-11-19 23:05:00+00:00,1763612100000000000,2025-11-20 04:15:00+00:00,18600000000000.0,91674.96973469257,92181.70999999999,['4.01000000 USDT'],-0.00553,-59.29000000 USDT,True
TESTER-001,SRGridStrategyUser-000,BTC/USDT.SIM,SIM-001,O-20251120-064000-001-000-688,O-20251120-064000-001-000-686,SELL,FLAT,0.000000,0.054211,1763624700000000000,2025-11-20 07:45:00+00:00,1763631900000000000,2025-11-20 09:45:00+00:00,7200000000000.0,92232.88,91460.94,['1.99164045 USDT'],0.00837,39.86000000 USDT,True
TESTER-001,SRGridStrategyUser-000,BTC/USDT.SIM,SIM-001,O-20251120-064000-001-000-686,O-20251120-170000-001-000-690,BUY,FLAT,0.000000,0.055357,1763631900000000000,2025-11-20 09:45:00+00:00,1763658300000000000,2025-11-20 17:05:00+00:00,26400000000000.0,91078.15637733259,87690.48,['1.97835955 USDT'],-0.0372,-189.51000000 USDT,True
TESTER-001,SRGridStrategyUser-000,BTC/USDT.SIM,SIM-001,O-20251121-000000-001-000-693,O-20251121-000000-001-000-691,SELL,FLAT,0.000000,0.057154,1763685300000000000,2025-11-21 00:35:00+00:00,1763692800000000000,2025-11-21 02:40:00+00:00,7500000000000.0,87483.31,85950.65,['1.98248328 USDT'],0.01752,85.62000000 USDT,True
TESTER-001,SRGridStrategyUser-000,BTC/USDT.SIM,SIM-001,O-20251121-000000-001-000-691,O-20251121-084000-001-000-696,BUY,FLAT,0.000000,0.071454,1763692800000000000,2025-11-21 02:40:00+00:00,1763714700000000000,2025-11-21 08:45:00+00:00,21900000000000.0,85195.24857320795,83833.17,['2.41751672 USDT'],-0.01599,-99.75000000 USDT,True
TESTER-001,SRGridStrategyUser-000,BTC/USDT.SIM,SIM-001,O-20251121-143500-001-000-697,O-20251123-143500-001-000-717,BUY,FLAT,0.000000,0.239136,1763738400000000000,2025-11-21 15:20:00+00:00,1763933700000000000,2025-11-23 21:35:00+00:00,195300000000000.0,83634.30566305366,85738.16191029374,['8.10060521 USDT'],0.02516,495.01000000 USDT,True
TESTER-001,SRGridStrategyUser-000,BTC/USDT.SIM,SIM-001,O-20251123-143500-001-000-717,O-20251124-001000-001-000-719,SELL,FLAT,0.000000,0.062671,1763933700000000000,2025-11-23 21:35:00+00:00,1763943300000000000,2025-11-24 00:15:00+00:00,9600000000000.0,87710.9,86261.57999999999,['2.18061902 USDT'],0.01652,88.65000000 USDT,True
TESTER-001,SRGridStrategyUser-000,BTC/USDT.SIM,SIM-001,O-20251124-001000-001-000-719,O-20251124-173500-001-000-726,BUY,FLAT,0.000000,0.169240,1763943300000000000,2025-11-24 00:15:00+00:00,1764006000000000000,2025-11-24 17:40:00+00:00,62700000000000.0,86231.8761045852,87802.64790108721,['5.89401259 USDT'],0.01822,259.94000000 USDT,True
TESTER-001,SRGridStrategyUser-000,BTC/USDT.SIM,SIM-001,O-20251124-173500-001-000-726,O-20251124-202000-001-000-727,SELL,FLAT,0.000000,0.055970,1764006000000000000,2025-11-24 17:40:00+00:00,1764015900000000000,2025-11-24 20:25:00+00:00,9900000000000.0,87971.8,88696.29000000001,['1.97476318 USDT'],-0.00824,-42.52000000 USDT,True
TESTER-001,SRGridStrategyUser-000,BTC/USDT.SIM,SIM-001,O-20251124-234500-001-000-728,O-20251126-184500-001-000-742,BUY,FLAT,0.000000,0.171193,1764029400000000000,2025-11-25 00:10:00+00:00,1764183000000000000,2025-11-26 18:50:00+00:00,153600000000000.0,87616.02442706839,88635.45578936985,['8.04000000 USDT'],0.01164,208.52000000 USDT,True
TESTER-001,SRGridStrategyUser-000,BTC/USDT.SIM,SIM-001,O-20251127-005000-001-000-745,O-20251128-085000-001-000-752,SELL,FLAT,0.000000,0.066017,1764205500000000000,2025-11-27 01:05:00+00:00,1764350100000000000,2025-11-28 17:15:00+00:00,144600000000000.0,92010.70709474357,91006.19493768095,['4.78910463 USDT'],0.01092,49.69000000 USDT,True
TESTER-001,SRGridStrategyUser-000,BTC/USDT.SIM,SIM-001,O-20251128-085000-001-000-752,O-20251129-005000-001-000-757,BUY,FLAT,0.000000,0.033664,1764350100000000000,2025-11-28 17:15:00+00:00,1764378900000000000,2025-11-29 01:15:00+00:00,28800000000000.0,90733.87,91106.64,['1.22429527 USDT'],0.00411,11.33000000 USDT,True
TESTER-001,SRGridStrategyUser-000,BTC/USDT.SIM,SIM-001,O-20251129-005000-001-000-757,O-20251129-005000-001-000-755,SELL,FLAT,0.000000,0.021217,1764378900000000000,2025-11-29 01:15:00+00:00,1764383400000000000,2025-11-29 02:30:00+00:00,4500000000000.0,91106.64,90646.73999999999,['0.77125174 USDT'],0.00505,8.98000000 USDT,True
TESTER-001,SRGridStrategyUser-000,BTC/USDT.SIM,SIM-001,O-20251129-005000-001-000-755,O-20251201-010000-001-000-772,BUY,FLAT,0.000000,0.244856,1764383400000000000,2025-11-29 02:30:00+00:00,1764551100000000000,2025-12-01 01:05:00+00:00,167700000000000.0,90601.69110432446,88790.60508935688,['13.09534836 USDT'],-0.01999,-671.52000000 USDT,True
TESTER-001,SRGridStrategyUser-000,BTC/USDT.SIM,SIM-001,O-20251201-083500-001-000-773,O-20251202-154500-001-000-781,BUY,FLAT,0.000000,0.116118,1764589200000000000,2025-12-01 11:40:00+00:00,1764690600000000000,2025-12-02 15:50:00+00:00,101400000000000.0,86119.71218260736,87083.19312432183,['4.02000000 USDT'],0.01119,107.86000000 USDT,True
TESTER-001,SRGridStrategyUser-000,BTC/USDT.SIM,SIM-001,O-20251202-231500-001-000-782,O-20251203-151500-001-000-788,BUY,FLAT,0.000000,0.109520,1764718200000000000,2025-12-02 23:30:00+00:00,1764798900000000000,2025-12-03 21:55:00+00:00,80700000000000.0,91307.1189623813,92720.14271493789,['4.02778534 USDT'],0.01548,150.72000000 USDT,True
TESTER-001,SRGridStrategyUser-000,BTC/USDT.SIM,SIM-001,O-20251203-151500-001-000-788,O-20251204-071500-001-000-791,SELL,FLAT,0.000000,0.069653,1764798900000000000,2025-12-03 21:55:00+00:00,1764855900000000000,2025-12-04 13:45:00+00:00,57000000000000.0,93479.32990366529,92742.61884226094,['2.59417345 USDT'],0.00788,48.72000000 USDT,True
TESTER-001,SRGridStrategyUser-000,BTC/USDT.SIM,SIM-001,O-20251204-071500-001-000-791,O-20251204-231500-001-000-796,BUY,FLAT,0.000000,0.038276,1764855900000000000,2025-12-04 13:45:00+00:00,1764897900000000000,2025-12-05 01:25:00+00:00,42000000000000.0,92491.44,92569.08,['1.41667231 USDT'],0.00084,1.55000000 USDT,True
TESTER-001,SRGridStrategyUser-000,BTC/USDT.SIM,SIM-001,O-20251204-231500-001-000-796,O-20251204-231500-001-000-794,SELL,FLAT,0.000000,0.015738,1764897900000000000,2025-12-05 01:25:00+00:00,1764906900000000000,2025-12-05 03:55:00+00:00,9000000000000.0,92569.08,91983.96,['0.58089923 USDT'],0.00632,8.63000000 USDT,True
TESTER-001,SRGridStrategyUser-000,BTC/USDT.SIM,SIM-001,O-20251204-231500-001-000-794,O-20251207-213500-001-000-814,BUY,FLAT,0.000000,0.271647,1764906900000000000,2025-12-05 03:55:00+00:00,1765143600000000000,2025-12-07 21:40:00+00:00,236700000000000.0,89229.10595101,89959.21170046413,['13.83046967 USDT'],0.00818,9.51000000 USDT,True
TESTER-001,SRGridStrategyUser-000,BTC/USDT.SIM,SIM-001,O-20251207-225000-001-000-817,O-20251208-145000-001-000-820,SELL,FLAT,0.000000,0.109742,1765155900000000000,2025-12-08 01:05:00+00:00,1765207500000000000,2025-12-08 15:25:00+00:00,51600000000000.0,91123.38013395053,90249.8974203131,['3.98085428 USDT'],0.00959,91.88000000 USDT,True
TESTER-001,SRGridStrategyUser-000,BTC/USDT.SIM,SIM-001,O-20251208-145000-001-000-820,O-20251209-065000-001-000-829,BUY,FLAT,0.000000,0.056691,1765207500000000000,2025-12-08 15:25:00+00:00,1765292400000000000,2025-12-09 15:00:00+00:00,84900000000000.0,89885.44999999998,90531.46212979134,['2.04560257 USDT'],0.00719,34.57000000 USDT,True
TESTER-001,SRGridStrategyUser-000,BTC/USDT.SIM,SIM-001,O-20251209-065000-001-000-829,O-20251209-171000-001-000-830,SELL,FLAT,0.000000,0.053577,1765292400000000000,2025-12-09 15:00:00+00:00,1765300500000000000,2025-12-09 17:15:00+00:00,8100000000000.0,90854.0,94176.17,['1.98354315 USDT'],-0.03657,-179.97000000 USDT,True
TESTER-001,SRGridStrategyUser-000,BTC/USDT.SIM,SIM-001,O-20251209-221000-001-000-831,O-20251210-141000-001-000-839,BUY,FLAT,0.000000,0.055222,1765330200000000000,2025-12-10 01:30:00+00:00,1765383900000000000,2025-12-10 16:25:00+00:00,53700000000000.0,91726.01455633625,92752.76395552901,['4.01894858 USDT'],0.01119,90.73000000 USDT,True
TESTER-001,SRGridStrategyUser-000,BTC/USDT.SIM,SIM-001,O-20251210-141000-001-000-839,O-20251211-034500-001-000-840,SELL,FLAT,0.000000,0.053017,1765383900000000000,2025-12-10 16:25:00+00:00,1765425000000000000,2025-12-11 03:50:00+00:00,41100000000000.0,92521.76,91454.12096082389,['1.95105142 USDT'],0.01154,54.65000000 USDT,True
TESTER-001,SRGridStrategyUser-000,BTC/USDT.SIM,SIM-001,O-20251211-074000-001-000-843,O-20251211-074000-001-000-841,SELL,FLAT,0.000000,0.055294,1765444800000000000,2025-12-11 09:20:00+00:00,1765459800000000000,2025-12-11 13:30:00+00:00,15000000000000.0,90425.03,89934.97,['1.99456795 USDT'],0.00542,25.10000000 USDT,True
TESTER-001,SRGridStrategyUser-000,BTC/USDT.SIM,SIM-001,O-20251211-074000-001-000-841,O-20251211-224500-001-000-845,BUY,FLAT,0.000000,0.056050,1765459800000000000,2025-12-11 13:30:00+00:00,1765493400000000000,2025-12-11 22:50:00+00:00,33600000000000.0,89691.26023300625,90696.55106958072,['2.02543205 USDT'],0.01121,54.32000000 USDT,True
TESTER-001,SRGridStrategyUser-000,BTC/USDT.SIM,SIM-001,O-20251212-021500-001-000-848,O-20251212-021500-001-000-846,SELL,FLAT,0.000000,0.053925,1765508100000000000,2025-12-12 02:55:00+00:00,1765552500000000000,2025-12-12 15:15:00+00:00,44400000000000.0,92722.20000000001,91832.94,['1.99041269 USDT'],0.00959,45.96000000 USDT,True
TESTER-001,SRGridStrategyUser-000,BTC/USDT.SIM,SIM-001,O-20251212-021500-001-000-846,O-20251212-200500-001-000-854,BUY,FLAT,0.000000,0.055234,1765552500000000000,2025-12-12 15:15:00+00:00,1765570200000000000,2025-12-12 20:10:00+00:00,17700000000000.0,91392.52197052541,90174.67,['2.00958731 USDT'],-0.01333,-69.28000000 USDT,True
TESTER-001,SRGridStrategyUser-000,BTC/USDT.SIM,SIM-001,O-20251212-214000-001-000-857,O-20251213-134000-001-000-859,SELL,FLAT,0.000000,0.055205,1765614000000000000,2025-12-13 08:20:00+00:00,1765635900000000000,2025-12-13 14:25:00+00:00,21900000000000.0,90571.69,90068.73,['1.99445175 USDT'],0.00555,25.77000000 USDT,True
TESTER-001,SRGridStrategyUser-000,BTC/USDT.SIM,SIM-001,O-20251213-134000-001-000-859,O-20251215-165000-001-000-875,BUY,FLAT,0.000000,0.197467,1765635900000000000,2025-12-13 14:25:00+00:00,1765817700000000000,2025-12-15 16:55:00+00:00,181800000000000.0,89101.83892178777,88300.09590663413,['12.96554825 USDT'],-0.009,-367.05000000 USDT,True
TESTER-001,SRGridStrategyUser-000,BTC/USDT.SIM,SIM-001,O-20251215-230000-001-000-876,O-20251216-150000-001-000-882,BUY,FLAT,0.000000,0.116519,1765846200000000000,2025-12-16 00:50:00+00:00,1765900500000000000,2025-12-16 15:55:00+00:00,54300000000000.0,85822.9497026236,86825.78820818922,['4.02337461 USDT'],0.01168,112.82000000 USDT,True
TESTER-001,SRGridStrategyUser-000,BTC/USDT.SIM,SIM-001,O-20251216-150000-001-000-882,O-20251217-070000-001-000-887,SELL,FLAT,0.000000,0.112863,1765900500000000000,2025-12-16 15:55:00+00:00,1765965600000000000,2025-12-17 10:00:00+00:00,65100000000000.0,87567.22575122051,86384.71432737036,['3.92653656 USDT'],0.0135,129.53000000 USDT,True
TESTER-001,SRGridStrategyUser-000,BTC/USDT.SIM,SIM-001,O-20251217-070000-001-000-887,O-20251217-070000-001-000-889,BUY,FLAT,0.000000,0.002904,1765965600000000000,2025-12-17 10:00:00+00:00,1765978800000000000,2025-12-17 13:40:00+00:00,13200000000000.0,86241.81,87358.17,['0.10082613 USDT'],0.01294,3.14000000 USDT,True
TESTER-001,SRGridStrategyUser-000,BTC/USDT.SIM,SIM-001,O-20251217-070000-001-000-889,O-20251217-230500-001-000-894,SELL,FLAT,0.000000,0.054332,1765978800000000000,2025-12-17 13:40:00+00:00,1766013000000000000,2025-12-17 23:10:00+00:00,34200000000000.0,87358.17,86137.45,['1.88926270 USDT'],0.01397,64.43000000 USDT,True
TESTER-001,SRGridStrategyUser-000,BTC/USDT.SIM,SIM-001,O-20251217-235500-001-000-895,O-20251217-235500-001-000-898,BUY,FLAT,0.000000,0.058162,1766019900000000000,2025-12-18 01:05:00+00:00,1766024100000000000,2025-12-18 02:15:00+00:00,4200000000000.0,85966.11,86522.10231181871,['2.00645777 USDT'],0.00647,30.33000000 USDT,True
TESTER-001,SRGridStrategyUser-000,BTC/USDT.SIM,SIM-001,O-20251217-235500-001-000-898,O-20251218-155500-001-000-900,SELL,FLAT,0.000000,0.057233,1766024100000000000,2025-12-18 02:15:00+00:00,1766077500000000000,2025-12-18 17:05:00+00:00,53400000000000.0,86797.43000000001,87576.36711250502,['1.99598561 USDT'],-0.00897,-46.57000000 USDT,True
TESTER-001,SRGridStrategyUser-000,BTC/USDT.SIM,SIM-001,O-20251218-155500-001-000-900,O-20251218-210500-001-000-903,BUY,FLAT,0.000000,0.057566,1766077500000000000,2025-12-18 17:05:00+00:00,1766092200000000000,2025-12-18 21:10:00+00:00,14700000000000.0,86643.91,85151.04,['1.97755662 USDT'],-0.01723,-87.92000000 USDT,True
TESTER-001,SRGridStrategyUser-000,BTC/USDT.SIM,SIM-001,O-20251219-011000-001-000-904,O-20251219-011000-001-000-907,BUY,FLAT,0.000000,0.058738,1766107800000000000,2025-12-19 01:30:00+00:00,1766113200000000000,2025-12-19 03:00:00+00:00,5400000000000.0,85123.8,85762.56193265006,['2.00750598 USDT'],0.0075,35.51000000 USDT,True
TESTER-001,SRGridStrategyUser-000,BTC/USDT.SIM,SIM-001,O-20251219-011000-001-000-907,O-20251220-091000-001-000-912,SELL,FLAT,0.000000,0.057651,1766113200000000000,2025-12-19 03:00:00+00:00,1766226000000000000,2025-12-20 10:20:00+00:00,112800000000000.0,86078.4,87468.78926540735,['2.00103018 USDT'],-0.01615,-82.16000000 USDT,True
TESTER-001,SRGridStrategyUser-000,BTC/USDT.SIM,SIM-001,O-20251220-091000-001-000-912,O-20251222-091000-001-000-927,BUY,FLAT,0.000000,0.170298,1766226000000000000,2025-12-20 10:20:00+00:00,1766406600000000000,2025-12-22 12:30:00+00:00,180600000000000.0,88104.31392270549,88772.19762732506,['12.02687166 USDT'],0.00758,207.74000000 USDT,True
TESTER-001,SRGridStrategyUser-000,BTC/USDT.SIM,SIM-001,O-20251222-091000-001-000-927,O-20251222-091000-001-000-924,SELL,FLAT,0.000000,0.009111,1766406600000000000,2025-12-22 12:30:00+00:00,1766430000000000000,2025-12-22 19:00:00+00:00,23400000000000.0,90323.13,88844.86,['0.32648493 USDT'],0.01637,13.15000000 USDT,True
TESTER-001,SRGridStrategyUser-000,BTC/USDT.SIM,SIM-001,O-20251222-091000-001-000-924,O-20251227-171000-001-000-956,BUY,FLAT,0.000000,0.273753,1766430000000000000,2025-12-22 19:00:00+00:00,1766873400000000000,2025-12-27 22:10:00+00:00,443400000000000.0,88134.42933203588,87882.59814820053,['19.65502766 USDT'],-0.00286,-139.62000000 USDT,True
TESTER-001,SRGridStrategyUser-000,BTC/USDT.SIM,SIM-001,O-20251227-171000-001-000-956,O-20251228-091000-001-000-957,SELL,FLAT,0.000000,0.053781,1766873400000000000,2025-12-27 22:10:00+00:00,1766914500000000000,2025-12-28 09:35:00+00:00,41100000000000.0,87677.93,87771.2,['1.88716905 USDT'],-0.00106,-6.90000000 USDT,True
TESTER-001,SRGridStrategyUser-000,BTC/USDT.SIM,SIM-001,O-20251228-091000-001-000-957,O-20251228-091000-001-000-959,BUY,FLAT,0.000000,0.003185,1766914500000000000,2025-12-28 09:35:00+00:00,1766917500000000000,2025-12-28 10:25:00+00:00,3000000000000.0,87771.2,87967.3,['0.11194601 USDT'],0.00223,0.51000000 USDT,True
TESTER-001,SRGridStrategyUser-000,BTC/USDT.SIM,SIM-001,O-20251228-091000-001-000-959,O-20251229-061500-001-000-965,SELL,FLAT,0.000000,0.121205,1766917500000000000,2025-12-28 10:25:00+00:00,1766989200000000000,2025-12-29 06:20:00+00:00,71700000000000.0,88281.00357117156,89307.24650685892,['6.32396453 USDT'],-0.01162,-204.25000000 USDT,True
TESTER-001,SRGridStrategyUser-000,BTC/USDT.SIM,SIM-001,O-20251229-082000-001-000-966,O-20251229-133500-001-000-970,BUY,FLAT,0.000000,0.111853,1766998200000000000,2025-12-29 08:50:00+00:00,1767016500000000000,2025-12-29 13:55:00+00:00,18300000000000.0,89402.7301464422,87343.82,['3.95000000 USDT'],-0.02303,-234.25000000 USDT,True
TESTER-001,SRGridStrategyUser-000,BTC/USDT.SIM,SIM-001,O-20251229-155500-001-000-971,O-20251230-075500-001-000-978,BUY,FLAT,0.000000,0.057384,1767041100000000000,2025-12-29 20:45:00+00:00,1767081900000000000,2025-12-30 08:05:00+00:00,40800000000000.0,87132.07,87652.06885473305,['2.00597036 USDT'],0.00597,27.83000000 USDT,True
TESTER-001,SRGridStrategyUser-000,BTC/USDT.SIM,SIM-001,O-20251230-075500-001-000-978,O-20251230-235500-001-000-979,SELL,FLAT,0.000000,0.056608,1767081900000000000,2025-12-30 08:05:00+00:00,1767140400000000000,2025-12-31 00:20:00+00:00,58500000000000.0,87799.52,88307.59,['1.99381770 USDT'],-0.00579,-30.75000000 USDT,True
TESTER-001,SRGridStrategyUser-000,BTC/USDT.SIM,SIM-001,O-20251230-235500-001-000-979,O-20251230-235500-001-000-981,BUY,FLAT,0.000000,0.000012,1767140400000000000,2025-12-31 00:20:00+00:00,1767144000000000000,2025-12-31 01:20:00+00:00,3600000000000.0,88307.59,88663.39,['0.00042473 USDT'],0.00403,0.00000000 USDT,True
TESTER-001,SRGridStrategyUser-000,BTC/USDT.SIM,SIM-001,O-20251230-235500-001-000-981,O-20251231-155500-001-000-983,SELL,FLAT,0.000000,0.112661,1767144000000000000,2025-12-31 01:20:00+00:00,1767199200000000000,2025-12-31 16:40:00+00:00,55200000000000.0,88752.26025678805,87804.35805176593,['3.97819869 USDT'],0.01068,102.81000000 USDT,True
TESTER-001,SRGridStrategyUser-000,BTC/USDT.SIM,SIM-001,O-20251231-155500-001-000-983,O-20260101-075500-001-000-990,BUY,FLAT,0.000000,0.001234,1767199200000000000,2025-12-31 16:40:00+00:00,1767254400000000000,2026-01-01 08:00:00+00:00,55200000000000.0,87474.32,87694.75,['0.04323157 USDT'],0.00252,0.23000000 USDT,True
TESTER-001,SRGridStrategyUser-000,BTC/USDT.SIM,SIM-001,O-20260101-075500-001-000-990,O-20260107-075500-001-000-1024,SELL,FLAT,0.000000,0.352723,1767254400000000000,2026-01-01 08:00:00+00:00,1767776700000000000,2026-01-07 09:05:00+00:00,522300000000000.0,90592.08421579801,92014.34641845577,['18.82692711 USDT'],-0.0157,-1057.59000000 USDT,True
TESTER-001,SRGridStrategyUser-000,BTC/USDT.SIM,SIM-001,O-20260107-075500-001-000-1024,O-20260114-155500-001-000-1071,BUY,FLAT,0.000000,0.159875,1767776700000000000,2026-01-07 09:05:00+00:00,1768408800000000000,2026-01-14 16:40:00+00:00,632100000000000.0,93036.91848559608,91933.85933255522,['27.91797438 USDT'],-0.01186,741.80000000 USDT,True
TESTER-001,SRGridStrategyUser-000,BTC/USDT.SIM,SIM-001,O-20260114-155500-001-000-1071,O-20260119-030500-001-000-1104,SELL,FLAT,0.000000,0.277332,1768408800000000000,2026-01-14 16:40:00+00:00,1768792800000000000,2026-01-19 03:20:00+00:00,384000000000000.0,95329.10664778342,94681.8778584291,['24.55345546 USDT'],0.00679,853.29000000 USDT,True
TESTER-001,SRGridStrategyUser-000,BTC/USDT.SIM,SIM-001,O-20260119-071000-001-000-1107,O-20260120-151000-001-000-1113,SELL,FLAT,0.000000,0.107621,1768809300000000000,2026-01-19 07:55:00+00:00,1768937400000000000,2026-01-20 19:30:00+00:00,128100000000000.0,92881.85691867727,91439.52814508838,['5.95301560 USDT'],0.01553,228.97000000 USDT,True
TESTER-001,SRGridStrategyUser-000,BTC/USDT.SIM,SIM-001,O-20260120-151000-001-000-1113,O-20260129-163500-001-000-1172,BUY,FLAT,0.000000,0.367872,1768937400000000000,2026-01-20 19:30:00+00:00,1769704800000000000,2026-01-29 16:40:00+00:00,767400000000000.0,88275.84442930549,87988.15471021816,['41.90698440 USDT'],-0.00326,-981.04000000 USDT,True
TESTER-001,SRGridStrategyUser-000,BTC/USDT.SIM,SIM-001,O-20260129-231500-001-000-1173,O-20260131-171500-001-000-1186,BUY,FLAT,0.000000,0.239975,1769732700000000000,2026-01-30 00:25:00+00:00,1769880000000000000,2026-01-31 17:20:00+00:00,147300000000000.0,83467.78938670897,80102.29240544754,['9.80000000 USDT'],-0.04032,-1024.22000000 USDT,True
TESTER-001,SRGridStrategyUser-000,BTC/USDT.SIM,SIM-001,O-20260201-002000-001-000-1187,O-20260202-114000-001-000-1203,BUY,FLAT,0.000000,0.207101,1769929200000000000,2026-02-01 07:00:00+00:00,1770032700000000000,2026-02-02 11:45:00+00:00,103500000000000.0,77256.97127739606,77804.0871326068,['6.42000000 USDT'],0.00708,106.88000000 USDT,True
TESTER-001,SRGridStrategyUser-000,BTC/USDT.SIM,SIM-001,O-20260202-145500-001-000-1206,O-20260203-065500-001-000-1210,SELL,FLAT,0.000000,0.126733,1770045600000000000,2026-02-02 15:20:00+00:00,1770129600000000000,2026-02-03 14:40:00+00:00,84000000000000.0,78905.88074029655,77967.9728264935,['3.97622195 USDT'],0.01189,114.89000000 USDT,True
TESTER-001,SRGridStrategyUser-000,BTC/USDT.SIM,SIM-001,O-20260203-065500-001-000-1210,O-20260203-180500-001-000-1213,BUY,FLAT,0.000000,0.001529,1770129600000000000,2026-02-03 14:40:00+00:00,1770142200000000000,2026-02-03 18:10:00+00:00,12600000000000.0,77756.63,74902.79000000001,['0.04377805 USDT'],-0.0367,-4.40000000 USDT,True
TESTER-001,SRGridStrategyUser-000,BTC/USDT.SIM,SIM-001,O-20260203-231500-001-000-1216,O-20260203-231500-001-000-1214,SELL,FLAT,0.000000,0.065447,1770166800000000000,2026-02-04 01:00:00+00:00,1770212700000000000,2026-02-04 13:45:00+00:00,45900000000000.0,76397.44,75135.04,['1.98347033 USDT'],0.01652,80.64000000 USDT,True
TESTER-001,SRGridStrategyUser-000,BTC/USDT.SIM,SIM-001,O-20260203-231500-001-000-1214,O-20260204-170000-001-000-1223,BUY,FLAT,0.000000,0.203605,1770212700000000000,2026-02-04 13:45:00+00:00,1770225000000000000,2026-02-04 17:10:00+00:00,12300000000000.0,74078.26153733945,73581.89,['6.01652967 USDT'],-0.0067,-107.08000000 USDT,True
TESTER-001,SRGridStrategyUser-000,BTC/USDT.SIM,SIM-001,O-20260204-224000-001-000-1224,O-20260205-041500-001-000-1228,BUY,FLAT,0.000000,0.069747,1770257700000000000,2026-02-05 02:15:00+00:00,1770265200000000000,2026-02-05 04:20:00+00:00,7500000000000.0,71687.45999999999,71177.72,['1.99000000 USDT'],-0.00711,-37.54000000 USDT,True
TESTER-001,SRGridStrategyUser-000,BTC/USDT.SIM,SIM-001,O-20260205-093000-001-000-1229,O-20260205-152500-001-000-1233,BUY,FLAT,0.000000,0.121577,1770288600000000000,2026-02-05 10:50:00+00:00,1770305400000000000,2026-02-05 15:30:00+00:00,16800000000000.0,70705.20832583464,66885.42,['3.35000000 USDT'],-0.05402,-467.75000000 USDT,True
TESTER-001,SRGridStrategyUser-000,BTC/USDT.SIM,SIM-001,O-20260206-085000-001-000-1244,O-20260206-144500-001-000-1246,SELL,FLAT,0.000000,0.150829,1770370200000000000,2026-02-06 09:30:00+00:00,1770389400000000000,2026-02-06 14:50:00+00:00,19200000000000.0,66300.0108265652,68206.98,['4.06000000 USDT'],-0.02876,-291.69000000 USDT,True
TESTER-001,SRGridStrategyUser-000,BTC/USDT.SIM,SIM-001,O-20260207-001500-001-000-1249,O-20260207-053000-001-000-1251,SELL,FLAT,0.000000,0.107598,1770434700000000000,2026-02-07 03:25:00+00:00,1770447000000000000,2026-02-07 06:50:00+00:00,12300000000000.0,71087.46911076414,69501.39,['3.02564226 USDT'],0.02231,167.63000000 USDT,True
TESTER-001,SRGridStrategyUser-000,BTC/USDT.SIM,SIM-001,O-20260207-053000-001-000-1251,O-20260207-094500-001-000-1254,BUY,FLAT,0.000000,0.254228,1770447000000000000,2026-02-07 06:50:00+00:00,1770457800000000000,2026-02-07 09:50:00+00:00,10800000000000.0,68921.3558951807,68000.9,['6.96435774 USDT'],-0.01336,-240.97000000 USDT,True
TESTER-001,SRGridStrategyUser-000,BTC/USDT.SIM,SIM-001,O-20260208-050500-001-000-1261,O-20260209-120000-001-000-1268,SELL,FLAT,0.000000,0.157754,1770535800000000000,2026-02-08 07:30:00+00:00,1770638700000000000,2026-02-09 12:05:00+00:00,102900000000000.0,70646.85992072745,70175.93394376239,['6.43000000 USDT'],0.00667,33.92000000 USDT,True
TESTER-001,SRGridStrategyUser-000,BTC/USDT.SIM,SIM-001,O-20260209-153500-001-000-1271,O-20260211-082500-001-000-1285,SELL,FLAT,0.000000,0.342552,1770658500000000000,2026-02-09 17:35:00+00:00,1770798600000000000,2026-02-11 08:30:00+00:00,140100000000000.0,69680.4263515245,67681.49369409846,['11.82000000 USDT'],0.02869,868.65000000 USDT,True
TESTER-001,SRGridStrategyUser-000,BTC/USDT.SIM,SIM-001,O-20260211-113000-001-000-1288,O-20260211-150000-001-000-1290,SELL,FLAT,0.000000,0.147922,1770812400000000000,2026-02-11 12:20:00+00:00,1770822300000000000,2026-02-11 15:05:00+00:00,9900000000000.0,67603.11597929991,66311.69849508523,['3.96179083 USDT'],0.0191,187.07000000 USDT,True
TESTER-001,SRGridStrategyUser-000,BTC/USDT.SIM,SIM-001,O-20260211-150000-001-000-1290,O-20260212-105000-001-000-1295,BUY,FLAT,0.000000,0.167403,1770822300000000000,2026-02-11 15:05:00+00:00,1770895500000000000,2026-02-12 11:25:00+00:00,73200000000000.0,66850.95953441694,67978.36844841491,['4.51416568 USDT'],0.01686,184.22000000 USDT,True
TESTER-001,SRGridStrategyUser-000,BTC/USDT.SIM,SIM-001,O-20260212-105000-001-000-1295,O-20260212-184000-001-000-1296,SELL,FLAT,0.000000,0.053139,1770895500000000000,2026-02-12 11:25:00+00:00,1770923100000000000,2026-02-12 19:05:00+00:00,27600000000000.0,68127.49,65400.08,['1.42404349 USDT'],0.04003,143.51000000 USDT,True
TESTER-001,SRGridStrategyUser-000,BTC/USDT.SIM,SIM-001,O-20260212-225500-001-000-1297,O-20260212-225500-001-000-1300,BUY,FLAT,0.000000,0.075869,1770942600000000000,2026-02-13 00:30:00+00:00,1770975900000000000,2026-02-13 09:45:00+00:00,33300000000000.0,65903.23999999999,66677.20240730734,['2.01174845 USDT'],0.01174,56.71000000 USDT,True
TESTER-001,SRGridStrategyUser-000,BTC/USDT.SIM,SIM-001,O-20260212-225500-001-000-1300,O-20260213-163500-001-000-1306,SELL,FLAT,0.000000,0.235819,1770975900000000000,2026-02-13 09:45:00+00:00,1771000800000000000,2026-02-13 16:40:00+00:00,24900000000000.0,67599.54396036791,69315.5,['6.45825155 USDT'],-0.02538,-411.12000000 USDT,True
TESTER-001,SRGridStrategyUser-000,BTC/USDT.SIM,SIM-001,O-20260213-214000-001-000-1309,O-20260217-214000-001-000-1336,SELL,FLAT,0.000000,0.258419,1771055100000000000,2026-02-14 07:45:00+00:00,1771378200000000000,2026-02-18 01:30:00+00:00,323100000000000.0,69019.7527441267,68275.34498765875,['17.09546432 USDT'],0.01079,693.89000000 USDT,True
TESTER-001,SRGridStrategyUser-000,BTC/USDT.SIM,SIM-001,O-20260217-214000-001-000-1336,O-20260217-214000-001-000-1337,BUY,FLAT,0.000000,0.039144,1771378200000000000,2026-02-18 01:30:00+00:00,1771390200000000000,2026-02-18 04:50:00+00:00,12000000000000.0,67000.34,67886.03,['1.05600079 USDT'],0.01322,33.62000000 USDT,True
TESTER-001,SRGridStrategyUser-000,BTC/USDT.SIM,SIM-001,O-20260217-214000-001-000-1337,O-20260218-135500-001-000-1343,SELL,FLAT,0.000000,0.107843,1771390200000000000,2026-02-18 04:50:00+00:00,1771425300000000000,2026-02-18 14:35:00+00:00,35100000000000.0,68086.78848056898,67033.37000000001,['2.91434532 USDT'],0.01547,110.68000000 USDT,True
TESTER-001,SRGridStrategyUser-000,BTC/USDT.SIM,SIM-001,O-20260218-135500-001-000-1343,O-20260219-054000-001-000-1347,BUY,FLAT,0.000000,0.191085,1771425300000000000,2026-02-18 14:35:00+00:00,1771481100000000000,2026-02-19 06:05:00+00:00,55800000000000.0,66833.94110165632,67516.32574095298,['5.13445567 USDT'],0.01021,125.26000000 USDT,True
TESTER-001,SRGridStrategyUser-000,BTC/USDT.SIM,SIM-001,O-20260219-054000-001-000-1347,O-20260219-054000-001-000-1346,SELL,FLAT,0.000000,0.105715,1771481100000000000,2026-02-19 06:05:00+00:00,1771502700000000000,2026-02-19 12:05:00+00:00,21600000000000.0,67148.81702454713,66491.56798231092,['2.82556350 USDT'],0.00979,66.65000000 USDT,True
TESTER-001,SRGridStrategyUser-000,BTC/USDT.SIM,SIM-001,O-20260219-054000-001-000-1346,O-20260219-214000-001-000-1352,BUY,FLAT,0.000000,0.119726,1771502700000000000,2026-02-19 12:05:00+00:00,1771547100000000000,2026-02-20 00:25:00+00:00,44400000000000.0,66575.7323157877,67287.06135726576,['3.20537817 USDT'],0.01068,81.97000000 USDT,True
TESTER-001,SRGridStrategyUser-000,BTC/USDT.SIM,SIM-001,O-20260219-214000-001-000-1352,O-20260219-214000-001-000-1350,SELL,FLAT,0.000000,0.028827,1771547100000000000,2026-02-20 00:25:00+00:00,1771594500000000000,2026-02-20 13:35:00+00:00,47400000000000.0,67435.41,66480.59,['0.77207903 USDT'],0.01416,26.75000000 USDT,True
TESTER-001,SRGridStrategyUser-000,BTC/USDT.SIM,SIM-001,O-20260219-214000-001-000-1350,O-20260220-134000-001-000-1355,BUY,FLAT,0.000000,0.046383,1771594500000000000,2026-02-20 13:35:00+00:00,1771597800000000000,2026-02-20 14:30:00+00:00,3300000000000.0,66480.59,67192.34999999999,['1.24003171 USDT'],0.01071,31.77000000 USDT,True
TESTER-001,SRGridStrategyUser-000,BTC/USDT.SIM,SIM-001,O-20260220-134000-001-000-1355,O-20260223-023000-001-000-1369,SELL,FLAT,0.000000,0.248772,1771597800000000000,2026-02-20 14:30:00+00:00,1771814100000000000,2026-02-23 02:35:00+00:00,216300000000000.0,67867.00941162993,67643.98010588008,['6.74668149 USDT'],0.00329,48.74000000 USDT,True
TESTER-001,SRGridStrategyUser-000,BTC/USDT.SIM,SIM-001,O-20260223-074500-001-000-1370,O-20260223-074500-001-000-1373,BUY,FLAT,0.000000,0.076220,1771835100000000000,2026-02-23 08:25:00+00:00,1771840800000000000,2026-02-23 10:00:00+00:00,5700000000000.0,65599.93,66255.16229362373,['2.01000000 USDT'],0.00999,47.93000000 USDT,True
TESTER-001,SRGridStrategyUser-000,BTC/USDT.SIM,SIM-001,O-20260223-074500-001-000-1373,O-20260223-074500-001-000-1371,SELL,FLAT,0.000000,0.074349,1771840800000000000,2026-02-23 10:00:00+00:00,1771863000000000000,2026-02-23 16:10:00+00:00,22200000000000.0,66577.97,65273.91,['1.96061358 USDT'],0.01959,94.99000000 USDT,True
TESTER-001,SRGridStrategyUser-000,BTC/USDT.SIM,SIM-001,O-20260223-074500-001-000-1371,O-20260223-212000-001-000-1375,BUY,FLAT,0.000000,0.078851,1771863000000000000,2026-02-23 16:10:00+00:00,1771881900000000000,2026-02-23 21:25:00+00:00,18900000000000.0,65273.91,64595.32000000001,['2.04938642 USDT'],-0.0104,-55.56000000 USDT,True
TESTER-001,SRGridStrategyUser-000,BTC/USDT.SIM,SIM-001,O-20260223-223000-001-000-1376,O-20260224-143000-001-000-1383,BUY,FLAT,0.000000,0.155125,1771890000000000000,2026-02-23 23:40:00+00:00,1771944600000000000,2026-02-24 14:50:00+00:00,54600000000000.0,64463.970903400485,63525.28357157131,['3.97087181 USDT'],-0.01456,-149.59000000 USDT,True
TESTER-001,SRGridStrategyUser-000,BTC/USDT.SIM,SIM-001,O-20260224-143000-001-000-1383,O-20260225-162000-001-000-1388,SELL,FLAT,0.000000,0.154845,1771944600000000000,2026-02-24 14:50:00+00:00,1772036700000000000,2026-02-25 16:25:00+00:00,92100000000000.0,65521.33780871193,67978.7,['4.13912819 USDT'],-0.0375,-384.65000000 USDT,True
TESTER-001,SRGridStrategyUser-000,BTC/USDT.SIM,SIM-001,O-20260225-231500-001-000-1389,O-20260227-071500-001-000-1400,BUY,FLAT,0.000000,0.148235,1772062800000000000,2026-02-25 23:40:00+00:00,1772179800000000000,2026-02-27 08:10:00+00:00,117000000000000.0,67460.89838405234,67796.79083286673,['4.00997537 USDT'],0.00498,45.79000000 USDT,True
TESTER-001,SRGridStrategyUser-000,BTC/USDT.SIM,SIM-001,O-20260227-071500-001-000-1400,O-20260227-071500-001-000-1397,SELL,FLAT,0.000000,0.072748,1772179800000000000,2026-02-27 08:10:00+00:00,1772185500000000000,2026-02-27 09:45:00+00:00,5700000000000.0,68045.20999999999,67439.62,['1.97124934 USDT'],0.0089,42.08000000 USDT,True
TESTER-001,SRGridStrategyUser-000,BTC/USDT.SIM,SIM-001,O-20260227-071500-001-000-1397,O-20260228-082000-001-000-1405,BUY,FLAT,0.000000,0.195788,1772185500000000000,2026-02-27 09:45:00+00:00,1772267100000000000,2026-02-28 08:25:00+00:00,81600000000000.0,66002.44229406297,63597.82,['5.07877529 USDT'],-0.03643,-475.88000000 USDT,True
TESTER-001,SRGridStrategyUser-000,BTC/USDT.SIM,SIM-001,O-20260228-131500-001-000-1408,O-20260228-201500-001-000-1410,SELL,FLAT,0.000000,0.149553,1772286300000000000,2026-02-28 13:45:00+00:00,1772312400000000000,2026-02-28 21:00:00+00:00,26100000000000.0,64433.014276945294,66561.17,['3.92000000 USDT'],-0.03303,-322.19000000 USDT,True
TESTER-001,SRGridStrategyUser-000,BTC/USDT.SIM,SIM-001,O-20260301-013000-001-000-1413,O-20260301-093500-001-000-1415,SELL,FLAT,0.000000,0.121535,1772329500000000000,2026-03-01 01:45:00+00:00,1772383500000000000,2026-03-01 16:45:00+00:00,54000000000000.0,67193.59383395729,66058.95000000001,['3.23569428 USDT'],0.01689,134.66000000 USDT,True
TESTER-001,SRGridStrategyUser-000,BTC/USDT.SIM,SIM-001,O-20260301-093500-001-000-1415,O-20260302-145000-001-000-1428,BUY,FLAT,0.000000,0.160213,1772383500000000000,2026-03-01 16:45:00+00:00,1772463600000000000,2026-03-02 15:00:00+00:00,80100000000000.0,65850.59766656031,66972.58630642312,['6.24421623 USDT'],0.01704,273.30000000 USDT,True
TESTER-001,SRGridStrategyUser-000,BTC/USDT.SIM,SIM-001,O-20260302-145000-001-000-1428,O-20260302-160500-001-000-1429,SELL,FLAT,0.000000,0.063171,1772463600000000000,2026-03-02 15:00:00+00:00,1772467800000000000,2026-03-02 16:10:00+00:00,4200000000000.0,67285.20999999999,69703.14,['1.73008949 USDT'],-0.03594,-154.47000000 USDT,True
TESTER-001,SRGridStrategyUser-000,BTC/USDT.SIM,SIM-001,O-20260302-230000-001-000-1430,O-20260303-150000-001-000-1437,BUY,FLAT,0.000000,0.145366,1772494200000000000,2026-03-02 23:30:00+00:00,1772553900000000000,2026-03-03 16:05:00+00:00,59700000000000.0,68791.70466319496,67946.12146664281,['3.97541892 USDT'],-0.01229,-126.89000000 USDT,True
TESTER-001,SRGridStrategyUser-000,BTC/USDT.SIM,SIM-001,O-20260303-150000-001-000-1437,O-20260304-093000-001-000-1442,SELL,FLAT,0.000000,0.146565,1772553900000000000,2026-03-03 16:05:00+00:00,1772617800000000000,2026-03-04 09:50:00+00:00,63900000000000.0,69067.82723863132,71450.47,['4.11458108 USDT'],-0.0345,-353.32000000 USDT,True
TESTER-001,SRGridStrategyUser-000,BTC/USDT.SIM,SIM-001,O-20260304-221000-001-000-1443,O-20260305-184500-001-000-1451,BUY,FLAT,0.000000,0.276614,1772664000000000000,2026-03-04 22:40:00+00:00,1772736900000000000,2026-03-05 18:55:00+00:00,72900000000000.0,72302.78120377132,70963.87,['7.93000000 USDT'],-0.01852,-378.29000000 USDT,True
TESTER-001,SRGridStrategyUser-000,BTC/USDT.SIM,SIM-001,O-20260305-210500-001-000-1452,O-20260306-155500-001-000-1460,BUY,FLAT,0.000000,0.186078,1772753400000000000,2026-03-05 23:30:00+00:00,1772812800000000000,2026-03-06 16:00:00+00:00,59400000000000.0,70173.878053182,68538.96,['5.16000000 USDT'],-0.0233,-309.38000000 USDT,True
TESTER-001,SRGridStrategyUser-000,BTC/USDT.SIM,SIM-001,O-20260306-220500-001-000-1461,O-20260310-060500-001-000-1486,BUY,FLAT,0.000000,0.253283,1772850900000000000,2026-03-07 02:35:00+00:00,1773126300000000000,2026-03-10 07:05:00+00:00,275400000000000.0,67141.07915672433,68195.05348489694,['12.55160157 USDT'],0.0157,360.76000000 USDT,True
TESTER-001,SRGridStrategyUser-000,BTC/USDT.SIM,SIM-001,O-20260310-060500-001-000-1486,O-20260310-060500-001-000-1485,SELL,FLAT,0.000000,0.088548,1773126300000000000,2026-03-10 07:05:00+00:00,1773152100000000000,2026-03-10 14:15:00+00:00,25800000000000.0,70492.5399488413,69567.49245426212,['2.48041429 USDT'],0.01312,79.43000000 USDT,True
TESTER-001,SRGridStrategyUser-000,BTC/USDT.SIM,SIM-001,O-20260310-060500-001-000-1485,O-20260310-220500-001-000-1490,BUY,FLAT,0.000000,0.055397,1773152100000000000,2026-03-10 14:15:00+00:00,1773187800000000000,2026-03-11 00:10:00+00:00,35700000000000.0,69316.53,70029.20999999999,['1.54386335 USDT'],0.01028,37.93000000 USDT,True
TESTER-001,SRGridStrategyUser-000,BTC/USDT.SIM,SIM-001,O-20260310-220500-001-000-1490,O-20260310-220500-001-000-1488,SELL,FLAT,0.000000,0.016002,1773187800000000000,2026-03-11 00:10:00+00:00,1773230100000000000,2026-03-11 11:55:00+00:00,42300000000000.0,70029.20999999999,69222.51,['0.44566002 USDT'],0.01152,12.47000000 USDT,True
TESTER-001,SRGridStrategyUser-000,BTC/USDT.SIM,SIM-001,O-20260310-220500-001-000-1488,O-20260310-220500-001-000-1491,BUY,FLAT,0.000000,0.056229,1773230100000000000,2026-03-11 11:55:00+00:00,1773235800000000000,2026-03-11 13:30:00+00:00,5700000000000.0,69222.51,70432.55,['1.57053008 USDT'],0.01748,66.47000000 USDT,True
TESTER-001,SRGridStrategyUser-000,BTC/USDT.SIM,SIM-001,O-20260310-220500-001-000-1491,O-20260318-150500-001-000-1549,SELL,FLAT,0.000000,0.426850,1773235800000000000,2026-03-11 13:30:00+00:00,1773846600000000000,2026-03-18 15:10:00+00:00,610800000000000.0,73969.81488007943,72123.19995214557,['31.35793069 USDT'],0.02496,186.98000000 USDT,True
TESTER-001,SRGridStrategyUser-000,BTC/USDT.SIM,SIM-001,O-20260318-195000-001-000-1550,O-20260320-041000-001-000-1565,BUY,FLAT,0.000000,0.301148,1773864300000000000,2026-03-18 20:05:00+00:00,1773994200000000000,2026-03-20 08:10:00+00:00,129900000000000.0,70094.20937937612,70919.9038715844,['12.46955827 USDT'],0.01178,335.42000000 USDT,True
TESTER-001,SRGridStrategyUser-000,BTC/USDT.SIM,SIM-001,O-20260320-041000-001-000-1565,O-20260320-035000-001-000-1561,SELL,FLAT,0.000000,0.051212,1773994200000000000,2026-03-20 08:10:00+00:00,1774013400000000000,2026-03-20 13:30:00+00:00,19200000000000.0,71315.82,70144.06,['1.44888397 USDT'],0.01643,58.56000000 USDT,True
TESTER-001,SRGridStrategyUser-000,BTC/USDT.SIM,SIM-001,O-20260320-035000-001-000-1561,O-20260320-195000-001-000-1568,BUY,FLAT,0.000000,0.020070,1774013400000000000,2026-03-20 13:30:00+00:00,1774042500000000000,2026-03-20 21:35:00+00:00,29100000000000.0,70144.06,70590.17,['0.56490827 USDT'],0.00636,8.39000000 USDT,True
TESTER-001,SRGridStrategyUser-000,BTC/USDT.SIM,SIM-001,O-20260320-195000-001-000-1568,O-20260322-035000-001-000-1574,SELL,FLAT,0.000000,0.192177,1774042500000000000,2026-03-20 21:35:00+00:00,1774164900000000000,2026-03-22 07:35:00+00:00,122400000000000.0,70680.85092289922,70125.5002876515,['5.41194884 USDT'],0.00786,101.32000000 USDT,True
TESTER-001,SRGridStrategyUser-000,BTC/USDT.SIM,SIM-001,O-20260322-035000-001-000-1574,O-20260323-135500-001-000-1586,BUY,FLAT,0.000000,0.110258,1774164900000000000,2026-03-22 07:35:00+00:00,1774274400000000000,2026-03-23 14:00:00+00:00,109500000000000.0,68056.67938514144,69226.26500098224,['5.04470065 USDT'],0.01719,157.62000000 USDT,True
TESTER-001,SRGridStrategyUser-000,BTC/USDT.SIM,SIM-001,O-20260323-192000-001-000-1587,O-20260324-181500-001-000-1597,BUY,FLAT,0.000000,0.283559,1774295700000000000,2026-03-23 19:55:00+00:00,1774376400000000000,2026-03-24 18:20:00+00:00,80700000000000.0,70531.98352794306,69426.39,['7.94000000 USDT'],-0.01568,-321.44000000 USDT,True
TESTER-001,SRGridStrategyUser-000,BTC/USDT.SIM,SIM-001,O-20260324-201500-001-000-1600,O-20260326-041500-001-000-1607,SELL,FLAT,0.000000,0.212754,1774383600000000000,2026-03-24 20:20:00+00:00,1774503600000000000,2026-03-26 05:40:00+00:00,120000000000000.0,70503.89953862208,70723.72100153228,['6.00934908 USDT'],-0.00312,-52.77000000 USDT,True
TESTER-001,SRGridStrategyUser-000,BTC/USDT.SIM,SIM-001,O-20260326-041500-001-000-1607,O-20260327-124000-001-000-1618,BUY,FLAT,0.000000,0.216484,1774503600000000000,2026-03-26 05:40:00+00:00,1774615500000000000,2026-03-27 12:45:00+00:00,111900000000000.0,69073.4712076643,66650.7,['5.88065092 USDT'],-0.03508,-530.37000000 USDT,True
TESTER-001,SRGridStrategyUser-000,BTC/USDT.SIM,SIM-001,O-20260327-185000-001-000-1621,O-20260402-075500-001-000-1658,SELL,FLAT,0.000000,0.300683,1774654500000000000,2026-03-27 23:35:00+00:00,1775118900000000000,2026-04-02 08:35:00+00:00,464400000000000.0,68785.3910729338,67025.21001629057,['25.60149280 USDT'],0.02559,427.43000000 USDT,True
TESTER-001,SRGridStrategyUser-000,BTC/USDT.SIM,SIM-001,O-20260402-075500-001-000-1658,O-20260402-075500-001-000-1659,BUY,FLAT,0.000000,0.017920,1775118900000000000,2026-04-02 08:35:00+00:00,1775147700000000000,2026-04-02 16:35:00+00:00,28800000000000.0,66548.09999999999,67122.13,['0.47907317 USDT'],0.00863,9.81000000 USDT,True
TESTER-001,SRGridStrategyUser-000,BTC/USDT.SIM,SIM-001,O-20260402-075500-001-000-1659,O-20260402-235500-001-000-1662,SELL,FLAT,0.000000,0.130850,1775147700000000000,2026-04-02 16:35:00+00:00,1775180100000000000,2026-04-03 01:35:00+00:00,32400000000000.0,67230.75274856707,66681.4667009553,['3.50448950 USDT'],0.00817,68.37000000 USDT,True
TESTER-001,SRGridStrategyUser-000,BTC/USDT.SIM,SIM-001,O-20260402-235500-001-000-1662,O-20260402-235500-001-000-1663,BUY,FLAT,0.000000,0.019142,1775180100000000000,2026-04-03 01:35:00+00:00,1775201400000000000,2026-04-03 07:30:00+00:00,21300000000000.0,66593.03,67056.47,['0.51166359 USDT'],0.00696,8.36000000 USDT,True
TESTER-001,SRGridStrategyUser-000,BTC/USDT.SIM,SIM-001,O-20260402-235500-001-000-1663,O-20260407-225500-001-000-1691,SELL,FLAT,0.000000,0.513784,1775201400000000000,2026-04-03 07:30:00+00:00,1775602800000000000,2026-04-07 23:00:00+00:00,401400000000000.0,67983.82472619167,69371.85926474503,['24.19328094 USDT'],-0.02042,-1569.72000000 USDT,True
TESTER-001,SRGridStrategyUser-000,BTC/USDT.SIM,SIM-001,O-20260408-052000-001-000-1692,O-20260408-052000-001-000-1695,BUY,FLAT,0.000000,0.069849,1775628000000000000,2026-04-08 06:00:00+00:00,1775652900000000000,2026-04-08 12:55:00+00:00,24900000000000.0,71582.58,71952.42536929664,['2.00516490 USDT'],0.00517,23.83000000 USDT,True
TESTER-001,SRGridStrategyUser-000,BTC/USDT.SIM,SIM-001,O-20260408-052000-001-000-1695,O-20260408-052000-001-000-1693,SELL,FLAT,0.000000,0.068956,1775652900000000000,2026-04-08 12:55:00+00:00,1775657100000000000,2026-04-08 14:05:00+00:00,4200000000000.0,72135.93,71398.13,['1.97949882 USDT'],0.01023,48.90000000 USDT,True
TESTER-001,SRGridStrategyUser-000,BTC/USDT.SIM,SIM-001,O-20260408-052000-001-000-1693,O-20260412-054500-001-000-1720,BUY,FLAT,0.000000,0.262295,1775657100000000000,2026-04-08 14:05:00+00:00,1775973000000000000,2026-04-12 05:50:00+00:00,315900000000000.0,72229.85666014091,72178.83957578655,['17.50533628 USDT'],-0.00071,256.86000000 USDT,True
TESTER-001,SRGridStrategyUser-000,BTC/USDT.SIM,SIM-001,O-20260412-071500-001-000-1723,O-20260412-071500-001-000-1721,SELL,FLAT,0.000000,0.069691,1775979900000000000,2026-04-12 07:45:00+00:00,1775987100000000000,2026-04-12 09:45:00+00:00,7200000000000.0,71745.04,71520.96,['1.99686740 USDT'],0.00312,13.62000000 USDT,True
TESTER-001,SRGridStrategyUser-000,BTC/USDT.SIM,SIM-001,O-20260412-071500-001-000-1721,O-20260412-231500-001-000-1727,BUY,FLAT,0.000000,0.070238,1775987100000000000,2026-04-12 09:45:00+00:00,1776040800000000000,2026-04-13 00:40:00+00:00,53700000000000.0,71409.25936857541,71116.51999999999,['2.00215119 USDT'],-0.0041,-22.56000000 USDT,True
TESTER-001,SRGridStrategyUser-000,BTC/USDT.SIM,SIM-001,O-20260412-231500-001-000-1727,O-20260413-232500-001-000-1737,SELL,FLAT,0.000000,0.289755,1776040800000000000,2026-04-13 00:40:00+00:00,1776123000000000000,2026-04-13 23:30:00+00:00,82200000000000.0,72491.78308653865,74693.47,['8.53098141 USDT'],-0.03037,-646.48000000 USDT,True
TESTER-001,SRGridStrategyUser-000,BTC/USDT.SIM,SIM-001,O-20260414-034500-001-000-1738,O-20260414-034500-001-000-1740,BUY,FLAT,0.000000,0.067349,1776145800000000000,2026-04-14 05:50:00+00:00,1776150300000000000,2026-04-14 07:05:00+00:00,4500000000000.0,74240.41,74831.32698495893,['2.00795617 USDT'],0.00796,37.79000000 USDT,True
TESTER-001,SRGridStrategyUser-000,BTC/USDT.SIM,SIM-001,O-20260414-034500-001-000-1740,O-20260414-034500-001-000-1739,SELL,FLAT,0.000000,0.066459,1776150300000000000,2026-04-14 07:05:00+00:00,1776192300000000000,2026-04-14 18:45:00+00:00,42000000000000.0,74635.39,74042.90999999999,['1.97621336 USDT'],0.00794,37.40000000 USDT,True
TESTER-001,SRGridStrategyUser-000,BTC/USDT.SIM,SIM-001,O-20260414-034500-001-000-1739,O-20260414-194500-001-000-1744,BUY,FLAT,0.000000,0.001069,1776192300000000000,2026-04-14 18:45:00+00:00,1776211500000000000,2026-04-15 00:05:00+00:00,19200000000000.0,74042.90999999999,74665.66,['0.03179403 USDT'],0.00841,0.63000000 USDT,True
TESTER-001,SRGridStrategyUser-000,BTC/USDT.SIM,SIM-001,O-20260414-194500-001-000-1744,O-20260414-194500-001-000-1742,SELL,FLAT,0.000000,0.065896,1776211500000000000,2026-04-15 00:05:00+00:00,1776237300000000000,2026-04-15 07:15:00+00:00,25800000000000.0,74665.66,73650.36,['1.95469399 USDT'],0.0136,64.95000000 USDT,True
TESTER-001,SRGridStrategyUser-000,BTC/USDT.SIM,SIM-001,O-20260414-194500-001-000-1742,O-20260415-114500-001-000-1749,BUY,FLAT,0.000000,0.001992,1776237300000000000,2026-04-15 07:15:00+00:00,1776256500000000000,2026-04-15 12:35:00+00:00,19200000000000.0,73650.36,74385.09000000001,['0.05897737 USDT'],0.00998,1.40000000 USDT,True
TESTER-001,SRGridStrategyUser-000,BTC/USDT.SIM,SIM-001,O-20260415-114500-001-000-1749,O-20260415-114500-001-000-1747,SELL,FLAT,0.000000,0.065226,1776256500000000000,2026-04-15 12:35:00+00:00,1776267000000000000,2026-04-15 15:30:00+00:00,10500000000000.0,74385.09000000001,73810.69,['1.93323838 USDT'],0.00772,35.53000000 USDT,True
TESTER-001,SRGridStrategyUser-000,BTC/USDT.SIM,SIM-001,O-20260415-114500-001-000-1747,O-20260415-114500-001-000-1750,BUY,FLAT,0.000000,0.002515,1776267000000000000,2026-04-15 15:30:00+00:00,1776279900000000000,2026-04-15 19:05:00+00:00,12900000000000.0,73810.69,74672.29000000001,['0.07468700 USDT'],0.01167,2.09000000 USDT,True
TESTER-001,SRGridStrategyUser-000,BTC/USDT.SIM,SIM-001,O-20260415-114500-001-000-1750,O-20260416-034500-001-000-1751,SELL,FLAT,0.000000,0.064444,1776279900000000000,2026-04-15 19:05:00+00:00,1776326400000000000,2026-04-16 08:00:00+00:00,46500000000000.0,74672.29000000001,74614.71,['1.92413256 USDT'],0.00077,1.79000000 USDT,True
TESTER-001,SRGridStrategyUser-000,BTC/USDT.SIM,SIM-001,O-20260416-034500-001-000-1751,O-20260416-201500-001-000-1759,BUY,FLAT,0.000000,0.070241,1776326400000000000,2026-04-16 08:00:00+00:00,1776415800000000000,2026-04-17 08:50:00+00:00,89400000000000.0,74800.01646245492,75482.21320508319,['4.10179127 USDT'],0.00912,121.78000000 USDT,True
TESTER-001,SRGridStrategyUser-000,BTC/USDT.SIM,SIM-001,O-20260416-201500-001-000-1759,O-20260417-153500-001-000-1766,SELL,FLAT,0.000000,0.285651,1776415800000000000,2026-04-17 08:50:00+00:00,1776440400000000000,2026-04-17 15:40:00+00:00,24600000000000.0,75922.40165968263,77657.72,['8.77651587 USDT'],-0.02286,-504.48000000 USDT,True
TESTER-001,SRGridStrategyUser-000,BTC/USDT.SIM,SIM-001,O-20260417-194000-001-000-1767,O-20260422-035500-001-000-1797,BUY,FLAT,0.000000,0.228321,1776467700000000000,2026-04-17 23:15:00+00:00,1776830400000000000,2026-04-22 04:00:00+00:00,362700000000000.0,75192.09807800892,75769.18107860569,['20.39000000 USDT'],0.00767,219.98000000 USDT,True
TESTER-001,SRGridStrategyUser-000,BTC/USDT.SIM,SIM-001,O-20260422-082000-001-000-1800,O-20260423-002000-001-000-1802,SELL,FLAT,0.000000,0.095148,1776857400000000000,2026-04-22 11:30:00+00:00,1776913800000000000,2026-04-23 03:10:00+00:00,56400000000000.0,78408.32497624753,77744.62333648631,['2.96944588 USDT'],0.00846,60.18000000 USDT,True
TESTER-001,SRGridStrategyUser-000,BTC/USDT.SIM,SIM-001,O-20260423-002000-001-000-1802,O-20260426-082000-001-000-1827,BUY,FLAT,0.000000,0.355841,1776913800000000000,2026-04-23 03:10:00+00:00,1777192500000000000,2026-04-26 08:35:00+00:00,278700000000000.0,77445.7726334252,77849.88481222746,['13.06871489 USDT'],0.00522,124.82000000 USDT,True
TESTER-001,SRGridStrategyUser-000,BTC/USDT.SIM,SIM-001,O-20260426-082000-001-000-1827,O-20260426-082000-001-000-1825,SELL,FLAT,0.000000,0.028915,1777192500000000000,2026-04-26 08:35:00+00:00,1777196100000000000,2026-04-26 09:35:00+00:00,3600000000000.0,78132.03,77957.95,['0.90267104 USDT'],0.00223,4.13000000 USDT,True
TESTER-001,SRGridStrategyUser-000,BTC/USDT.SIM,SIM-001,O-20260426-082000-001-000-1825,O-20260427-002000-001-000-1831,BUY,FLAT,0.000000,0.099431,1777196100000000000,2026-04-26 09:35:00+00:00,1777251300000000000,2026-04-27 00:55:00+00:00,55200000000000.0,77901.73620902938,78501.82339994569,['3.11027561 USDT'],0.0077,56.56000000 USDT,True
TESTER-001,SRGridStrategyUser-000,BTC/USDT.SIM,SIM-001,O-20260427-002000-001-000-1831,O-20260427-002000-001-000-1830,SELL,FLAT,0.000000,0.103273,1777251300000000000,2026-04-27 00:55:00+00:00,1777268100000000000,2026-04-27 05:35:00+00:00,16800000000000.0,79347.70352163682,77914.14483989039,['3.24818631 USDT'],0.01807,144.80000000 USDT,True
TESTER-001,SRGridStrategyUser-000,BTC/USDT.SIM,SIM-001,O-20260427-002000-001-000-1830,O-20260501-002000-001-000-1860,BUY,FLAT,0.000000,0.175825,1777268100000000000,2026-04-27 05:35:00+00:00,1777599600000000000,2026-05-01 01:40:00+00:00,331500000000000.0,75995.19369197445,76477.9084580106,['12.56742464 USDT'],0.00635,1.29000000 USDT,True
TESTER-001,SRGridStrategyUser-000,BTC/USDT.SIM,SIM-001,O-20260501-002000-001-000-1860,O-20260502-082000-001-000-1867,SELL,FLAT,0.000000,0.079615,1777599600000000000,2026-05-01 01:40:00+00:00,1777722000000000000,2026-05-02 11:40:00+00:00,122400000000000.0,78047.97722201562,78056.56528137835,['4.46222826 USDT'],-0.00011,-89.95000000 USDT,True
TESTER-001,SRGridStrategyUser-000,BTC/USDT.SIM,SIM-001,O-20260502-082000-001-000-1867,O-20260502-082000-001-000-1869,BUY,FLAT,0.000000,0.048696,1777722000000000000,2026-05-02 11:40:00+00:00,1777731900000000000,2026-05-02 14:25:00+00:00,9900000000000.0,78143.16,78438.9,['1.52498409 USDT'],0.00378,12.88000000 USDT,True
TESTER-001,SRGridStrategyUser-000,BTC/USDT.SIM,SIM-001,O-20260502-082000-001-000-1869,O-20260503-002000-001-000-1871,SELL,FLAT,0.000000,0.015048,1777731900000000000,2026-05-02 14:25:00+00:00,1777770000000000000,2026-05-03 01:00:00+00:00,38100000000000.0,78438.9,78311.20999999999,['0.47175403 USDT'],0.00163,1.45000000 USDT,True
TESTER-001,SRGridStrategyUser-000,BTC/USDT.SIM,SIM-001,O-20260503-002000-001-000-1871,O-20260503-002000-001-000-1873,BUY,FLAT,0.000000,0.112534,1777770000000000000,2026-05-03 01:00:00+00:00,1777810200000000000,2026-05-03 12:10:00+00:00,40200000000000.0,78390.06903069295,78789.56936516965,['3.53761683 USDT'],0.0051,41.42000000 USDT,True
TESTER-001,SRGridStrategyUser-000,BTC/USDT.SIM,SIM-001,O-20260503-002000-001-000-1873,O-20260504-082000-001-000-1879,SELL,FLAT,0.000000,0.141281,1777810200000000000,2026-05-03 12:10:00+00:00,1777889100000000000,2026-05-04 10:05:00+00:00,78900000000000.0,79706.72194125969,78844.99178967199,['6.44125119 USDT'],0.01081,54.25000000 USDT,True
TESTER-001,SRGridStrategyUser-000,BTC/USDT.SIM,SIM-001,O-20260504-082000-001-000-1879,O-20260504-082000-001-000-1881,BUY,FLAT,0.000000,0.049579,1777889100000000000,2026-05-04 10:05:00+00:00,1777905900000000000,2026-05-04 14:45:00+00:00,16800000000000.0,79211.91,80139.19,['1.58009710 USDT'],0.01171,44.39000000 USDT,True
TESTER-001,SRGridStrategyUser-000,BTC/USDT.SIM,SIM-001,O-20260504-082000-001-000-1881,O-20260507-002000-001-000-1894,SELL,FLAT,0.000000,0.179808,1777905900000000000,2026-05-04 14:45:00+00:00,1778114100000000000,2026-05-07 00:35:00+00:00,208200000000000.0,81449.56833299459,81155.41783189883,['9.83541890 USDT'],0.00361,-33.24000000 USDT,True
TESTER-001,SRGridStrategyUser-000,BTC/USDT.SIM,SIM-001,O-20260507-002000-001-000-1894,O-20260507-002000-001-000-1897,BUY,FLAT,0.000000,0.066723,1778114100000000000,2026-05-07 00:35:00+00:00,1778137800000000000,2026-05-07 07:10:00+00:00,23700000000000.0,80926.37921211575,81487.68841973532,['2.16735570 USDT'],0.00694,35.29000000 USDT,True
TESTER-001,SRGridStrategyUser-000,BTC/USDT.SIM,SIM-001,O-20260507-002000-001-000-1897,O-20260512-082000-001-000-1926,SELL,FLAT,0.000000,0.427199,1778137800000000000,2026-05-07 07:10:00+00:00,1778583000000000000,2026-05-12 10:50:00+00:00,445200000000000.0,80579.00213012172,80639.64889877927,['17.83052135 USDT'],-0.00075,-44.70000000 USDT,True
TESTER-001,SRGridStrategyUser-000,BTC/USDT.SIM,SIM-001,O-20260512-082000-001-000-1926,O-20260513-002000-001-000-1932,BUY,FLAT,0.000000,0.038597,1778583000000000000,2026-05-12 10:50:00+00:00,1778634600000000000,2026-05-13 01:10:00+00:00,51600000000000.0,80394.66773453893,80894.51,['1.24651017 USDT'],0.00622,18.05000000 USDT,True
TESTER-001,SRGridStrategyUser-000,BTC/USDT.SIM,SIM-001,O-20260513-002000-001-000-1932,O-20260513-002000-001-000-1931,SELL,FLAT,0.000000,0.084874,1778634600000000000,2026-05-13 01:10:00+00:00,1778674800000000000,2026-05-13 12:20:00+00:00,40200000000000.0,81034.42899262437,80457.68421648562,['2.74128758 USDT'],0.00712,46.20000000 USDT,True
TESTER-001,SRGridStrategyUser-000,BTC/USDT.SIM,SIM-001,O-20260513-002000-001-000-1931,O-20260513-162000-001-000-1936,BUY,FLAT,0.000000,0.039485,1778674800000000000,2026-05-13 12:20:00+00:00,1778692800000000000,2026-05-13 17:20:00+00:00,18000000000000.0,80316.76000000001,79336.98999999999,['1.26078367 USDT'],-0.0122,-39.94000000 USDT,True
TESTER-001,SRGridStrategyUser-000,BTC/USDT.SIM,SIM-001,O-20260513-162000-001-000-1936,O-20260514-082000-001-000-1939,SELL,FLAT,0.000000,0.086286,1778692800000000000,2026-05-13 17:20:00+00:00,1778757900000000000,2026-05-14 11:25:00+00:00,65100000000000.0,79588.4848736759,79483.80475372598,['2.74513887 USDT'],0.00132,6.30000000 USDT,True
TESTER-001,SRGridStrategyUser-000,BTC/USDT.SIM,SIM-001,O-20260514-082000-001-000-1939,O-20260514-082000-001-000-1940,BUY,FLAT,0.000000,0.039602,1778757900000000000,2026-05-14 11:25:00+00:00,1778764500000000000,2026-05-14 13:15:00+00:00,6600000000000.0,79331.18000000001,79959.68,['1.26164164 USDT'],0.00792,23.63000000 USDT,True
TESTER-001,SRGridStrategyUser-000,BTC/USDT.SIM,SIM-001,O-20260514-082000-001-000-1940,O-20260515-162000-001-000-1947,SELL,FLAT,0.000000,0.146528,1778764500000000000,2026-05-14 13:15:00+00:00,1778913600000000000,2026-05-16 06:40:00+00:00,149100000000000.0,79878.52031327206,80236.90382729964,['6.72667965 USDT'],-0.00449,26.81000000 USDT,True
TESTER-001,SRGridStrategyUser-000,BTC/USDT.SIM,SIM-001,O-20260515-162000-001-000-1947,O-20260531-002000-001-000-2038,BUY,FLAT,0.000000,0.495057,1778913600000000000,2026-05-16 06:40:00+00:00,1780190100000000000,2026-05-31 01:15:00+00:00,1276500000000000.0,75553.0609330373,76441.08312543223,['62.86161884 USDT'],0.01175,-684.22000000 USDT,True
TESTER-001,SRGridStrategyUser-000,BTC/USDT.SIM,SIM-001,O-20260531-002000-001-000-2038,O-20260531-002000-001-000-2035,SELL,FLAT,0.000000,0.046406,1780190100000000000,2026-05-31 01:15:00+00:00,1780212600000000000,2026-05-31 07:30:00+00:00,22500000000000.0,74170.93000000001,73871.5,['1.37401096 USDT'],0.00404,12.52000000 USDT,True
TESTER-001,SRGridStrategyUser-000,BTC/USDT.SIM,SIM-001,O-20260531-002000-001-000-2035,O-20260602-155000-001-000-2054,BUY,FLAT,0.000000,0.399090,1780212600000000000,2026-05-31 07:30:00+00:00,1780415700000000000,2026-06-02 15:55:00+00:00,203100000000000.0,71963.39335149516,69345.37995838017,['17.10438280 USDT'],-0.03638,-1921.97000000 USDT,True
TESTER-001,SRGridStrategyUser-000,BTC/USDT.SIM,SIM-001,O-20260602-212000-001-000-2055,O-20260604-005000-001-000-2063,BUY,FLAT,0.000000,0.292086,1780438200000000000,2026-06-02 22:10:00+00:00,1780534500000000000,2026-06-04 00:55:00+00:00,96300000000000.0,66800.78794149667,63209.66,['7.59000000 USDT'],-0.05376,-1056.51000000 USDT,True
TESTER-001,SRGridStrategyUser-000,BTC/USDT.SIM,SIM-001,O-20260604-045500-001-000-2064,O-20260604-121500-001-000-2068,BUY,FLAT,0.000000,0.157054,1780549500000000000,2026-06-04 05:05:00+00:00,1780575600000000000,2026-06-04 12:20:00+00:00,26100000000000.0,63672.16741668471,62698.14000000001,['3.97000000 USDT'],-0.0153,-156.94000000 USDT,True
TESTER-001,SRGridStrategyUser-000,BTC/USDT.SIM,SIM-001,O-20260604-125500-001-000-2071,O-20260604-125500-001-000-2069,SELL,FLAT,0.000000,0.077544,1780582200000000000,2026-06-04 14:10:00+00:00,1780594200000000000,2026-06-04 17:30:00+00:00,12000000000000.0,64479.7,63053.939999999995,['1.97789324 USDT'],0.02211,108.58000000 USDT,True
TESTER-001,SRGridStrategyUser-000,BTC/USDT.SIM,SIM-001,O-20260604-125500-001-000-2069,O-20260605-154500-001-000-2081,BUY,FLAT,0.000000,0.400952,1780594200000000000,2026-06-04 17:30:00+00:00,1780675800000000000,2026-06-05 16:10:00+00:00,81600000000000.0,62627.26038717851,60622.310000000005,['9.88210676 USDT'],-0.03201,-813.77000000 USDT,True
TESTER-001,SRGridStrategyUser-000,BTC/USDT.SIM,SIM-001,O-20260605-204500-001-000-2082,O-20260607-013000-001-000-2094,BUY,FLAT,0.000000,0.238104,1780702200000000000,2026-06-05 23:30:00+00:00,1780807200000000000,2026-06-07 04:40:00+00:00,105000000000000.0,60284.273394819065,61660.05689555824,['5.80630589 USDT'],0.02282,321.77000000 USDT,True
TESTER-001,SRGridStrategyUser-000,BTC/USDT.SIM,SIM-001,O-20260607-013000-001-000-2094,O-20260607-044500-001-000-2096,SELL,FLAT,0.000000,0.103067,1780807200000000000,2026-06-07 04:40:00+00:00,1780859700000000000,2026-06-07 19:15:00+00:00,52500000000000.0,62081.010696731246,61529.19178747804,['2.55201702 USDT'],0.00889,54.33000000 USDT,True
TESTER-001,SRGridStrategyUser-000,BTC/USDT.SIM,SIM-001,O-20260607-044500-001-000-2096,O-20260607-204500-001-000-2101,BUY,FLAT,0.000000,0.059639,1780859700000000000,2026-06-07 19:15:00+00:00,1780870200000000000,2026-06-07 22:10:00+00:00,10500000000000.0,61342.200000000004,62221.03,['1.47383416 USDT'],0.01433,50.94000000 USDT,True
TESTER-001,SRGridStrategyUser-000,BTC/USDT.SIM,SIM-001,O-20260607-204500-001-000-2101,O-20260608-021500-001-000-2103,SELL,FLAT,0.000000,0.100587,1780870200000000000,2026-06-07 22:10:00+00:00,1780886100000000000,2026-06-08 02:35:00+00:00,15900000000000.0,62525.159330927454,62944.509999999995,['2.52784293 USDT'],-0.00671,-44.71000000 USDT,True
TESTER-001,SRGridStrategyUser-000,BTC/USDT.SIM,SIM-001,O-20260608-043500-001-000-2104,O-20260608-043500-001-000-2107,BUY,FLAT,0.000000,0.079986,1780895700000000000,2026-06-08 05:15:00+00:00,1780910100000000000,2026-06-08 09:15:00+00:00,14400000000000.0,62511.049999999996,63079.490010501846,['2.00909851 USDT'],0.00909,43.46000000 USDT,True
TESTER-001,SRGridStrategyUser-000,BTC/USDT.SIM,SIM-001,O-20260608-043500-001-000-2107,O-20260608-203500-001-000-2109,SELL,FLAT,0.000000,0.156792,1780910100000000000,2026-06-08 09:15:00+00:00,1780964700000000000,2026-06-09 00:25:00+00:00,54600000000000.0,63488.57741466402,62956.56458167509,['3.96511903 USDT'],0.00838,79.45000000 USDT,True
TESTER-001,SRGridStrategyUser-000,BTC/USDT.SIM,SIM-001,O-20260608-203500-001-000-2109,O-20260612-203500-001-000-2137,BUY,FLAT,0.000000,0.343607,1780964700000000000,2026-06-09 00:25:00+00:00,1781339700000000000,2026-06-13 08:35:00+00:00,375000000000000.0,62997.71649283844,62803.391110425306,['18.56955795 USDT'],-0.00308,556.38000000 USDT,True
TESTER-001,SRGridStrategyUser-000,BTC/USDT.SIM,SIM-001,O-20260612-203500-001-000-2137,O-20260615-014000-001-000-2150,SELL,FLAT,0.000000,0.327997,1781339700000000000,2026-06-13 08:35:00+00:00,1781487900000000000,2026-06-15 01:45:00+00:00,148200000000000.0,64359.21654886378,65243.14693375885,['12.52622451 USDT'],-0.01373,-475.89000000 USDT,True
TESTER-001,SRGridStrategyUser-000,BTC/USDT.SIM,SIM-001,O-20260615-044500-001-000-2153,O-20260615-204500-001-000-2156,SELL,FLAT,0.000000,0.137459,1781503500000000000,2026-06-15 06:05:00+00:00,1781562600000000000,2026-06-15 22:30:00+00:00,59100000000000.0,65979.95979011925,66202.41186695671,['3.63002379 USDT'],-0.00337,-34.20000000 USDT,True
TESTER-001,SRGridStrategyUser-000,BTC/USDT.SIM,SIM-001,O-20260615-204500-001-000-2156,O-20260615-204500-001-000-2157,BUY,FLAT,0.000000,0.013617,1781562600000000000,2026-06-15 22:30:00+00:00,1781599800000000000,2026-06-16 08:50:00+00:00,37200000000000.0,66085.26000000001,66725.83,['0.36169612 USDT'],0.00969,8.36000000 USDT,True
TESTER-001,SRGridStrategyUser-000,BTC/USDT.SIM,SIM-001,O-20260615-204500-001-000-2157,O-20260616-124500-001-000-2160,SELL,FLAT,0.000000,0.136011,1781599800000000000,2026-06-16 08:50:00+00:00,1781619300000000000,2026-06-16 14:15:00+00:00,19500000000000.0,66843.09558748925,66007.07629177051,['3.61381545 USDT'],0.01251,110.10000000 USDT,True
TESTER-001,SRGridStrategyUser-000,BTC/USDT.SIM,SIM-001,O-20260616-124500-001-000-2160,O-20260623-102500-001-000-2206,BUY,FLAT,0.000000,0.329964,1781619300000000000,2026-06-16 14:15:00+00:00,1782212400000000000,2026-06-23 11:00:00+00:00,593100000000000.0,64114.16799566774,63726.483096833865,['32.32446464 USDT'],-0.00605,-463.52000000 USDT,True
TESTER-001,SRGridStrategyUser-000,BTC/USDT.SIM,SIM-001,O-20260623-125500-001-000-2207,O-20260623-125500-001-000-2210,BUY,FLAT,0.000000,0.080556,1782221100000000000,2026-06-23 13:25:00+00:00,1782223800000000000,2026-06-23 14:10:00+00:00,2700000000000.0,62068.61000000001,62445.721883410304,['2.00607533 USDT'],0.00608,28.38000000 USDT,True
TESTER-001,SRGridStrategyUser-000,BTC/USDT.SIM,SIM-001,O-20260623-125500-001-000-2210,O-20260624-045500-001-000-2212,SELL,FLAT,0.000000,0.158799,1782223800000000000,2026-06-23 14:10:00+00:00,1782299100000000000,2026-06-24 11:05:00+00:00,75300000000000.0,62781.40520532245,62466.63419026568,['3.97784493 USDT'],0.00501,46.01000000 USDT,True
TESTER-001,SRGridStrategyUser-000,BTC/USDT.SIM,SIM-001,O-20260624-045500-001-000-2212,O-20260624-045500-001-000-2214,BUY,FLAT,0.000000,0.001289,1782299100000000000,2026-06-24 11:05:00+00:00,1782301500000000000,2026-06-24 11:45:00+00:00,2400000000000.0,62373.219999999994,63115.619999999995,['0.03235088 USDT'],0.0119,0.92000000 USDT,True
TESTER-001,SRGridStrategyUser-000,BTC/USDT.SIM,SIM-001,O-20260624-045500-001-000-2214,O-20260624-164000-001-000-2215,SELL,FLAT,0.000000,0.077931,1782301500000000000,2026-06-24 11:45:00+00:00,1782319500000000000,2026-06-24 16:45:00+00:00,18000000000000.0,63115.619999999995,60231.869999999995,['1.92372886 USDT'],0.04569,222.81000000 USDT,True
TESTER-001,SRGridStrategyUser-000,BTC/USDT.SIM,SIM-001,O-20260624-213500-001-000-2218,O-20260625-133500-001-000-2221,SELL,FLAT,0.000000,0.162061,1782363600000000000,2026-06-25 05:00:00+00:00,1782395100000000000,2026-06-25 13:45:00+00:00,31500000000000.0,61705.07140471797,59932.12307649588,['3.94253079 USDT'],0.02873,283.39000000 USDT,True
TESTER-001,SRGridStrategyUser-000,BTC/USDT.SIM,SIM-001,O-20260625-133500-001-000-2221,O-20260625-144500-001-000-2225,BUY,FLAT,0.000000,0.088599,1782395100000000000,2026-06-25 13:45:00+00:00,1782399000000000000,2026-06-25 14:50:00+00:00,3900000000000.0,59677.06,59527.549999999996,['2.10746921 USDT'],-0.00251,-15.36000000 USDT,True
TESTER-001,SRGridStrategyUser-000,BTC/USDT.SIM,SIM-001,O-20260625-201000-001-000-2228,O-20260625-201000-001-000-2227,SELL,FLAT,0.000000,0.166464,1782423000000000000,2026-06-25 21:30:00+00:00,1782439800000000000,2026-06-26 02:10:00+00:00,16800000000000.0,60073.20924307959,59088.623439662624,['3.96722760 USDT'],0.01639,159.93000000 USDT,True
TESTER-001,SRGridStrategyUser-000,BTC/USDT.SIM,SIM-001,O-20260625-201000-001-000-2227,O-20260627-201000-001-000-2241,BUY,FLAT,0.000000,0.173374,1782439800000000000,2026-06-26 02:10:00+00:00,1782595800000000000,2026-06-27 21:30:00+00:00,156000000000000.0,59602.634681918535,60279.078202655895,['8.13263335 USDT'],0.01135,327.39000000 USDT,True
TESTER-001,SRGridStrategyUser-000,BTC/USDT.SIM,SIM-001,O-20260627-201000-001-000-2241,O-20260627-201000-001-000-2239,SELL,FLAT,0.000000,0.074446,1782595800000000000,2026-06-27 21:30:00+00:00,1782597900000000000,2026-06-27 22:05:00+00:00,2100000000000.0,60455.990000000005,60061.01,['1.79439604 USDT'],0.00653,27.61000000 USDT,True
TESTER-001,SRGridStrategyUser-000,BTC/USDT.SIM,SIM-001,O-20260627-201000-001-000-2239,O-20260701-201000-001-000-2264,BUY,FLAT,0.000000,0.474880,1782597900000000000,2026-06-27 22:05:00+00:00,1782940500000000000,2026-07-01 21:15:00+00:00,342600000000000.0,59432.41579600143,59886.291141567686,['14.65001027 USDT'],0.00764,199.87000000 USDT,True
TESTER-001,SRGridStrategyUser-000,BTC/USDT.SIM,SIM-001,O-20260701-201000-001-000-2264,O-20260701-201000-001-000-2261,SELL,FLAT,0.000000,0.026928,1782940500000000000,2026-07-01 21:15:00+00:00,1782951600000000000,2026-07-02 00:20:00+00:00,11100000000000.0,60481.869999999995,59755.78,['0.64755314 USDT'],0.01201,18.90000000 USDT,True
TESTER-001,SRGridStrategyUser-000,BTC/USDT.SIM,SIM-001,O-20260701-201000-001-000-2261,O-20260703-041000-001-000-2271,BUY,FLAT,0.000000,0.138508,1782951600000000000,2026-07-02 00:20:00+00:00,1783055700000000000,2026-07-03 05:15:00+00:00,104100000000000.0,60580.75520345395,61604.30064595549,['3.38471663 USDT'],0.0169,138.39000000 USDT,True
TESTER-001,SRGridStrategyUser-000,BTC/USDT.SIM,SIM-001,O-20260703-041000-001-000-2271,O-20260707-154000-001-000-2301,SELL,FLAT,0.000000,0.455612,1783055700000000000,2026-07-03 05:15:00+00:00,1783461600000000000,2026-07-07 22:00:00+00:00,405900000000000.0,63292.53301091032,62583.75619446155,['19.35031579 USDT'],0.0112,163.62000000 USDT,True
TESTER-001,SRGridStrategyUser-000,BTC/USDT.SIM,SIM-001,O-20260707-154000-001-000-2301,O-20260714-162500-001-000-2346,BUY,FLAT,0.000000,0.323113,1783461600000000000,2026-07-07 22:00:00+00:00,1784046600000000000,2026-07-14 16:30:00+00:00,585000000000000.0,62867.57202360789,63743.79311592125,['31.93314718 USDT'],0.01394,738.42000000 USDT,True
TESTER-001,SRGridStrategyUser-000,BTC/USDT.SIM,SIM-001,O-20260714-203500-001-000-2349,O-20260716-203500-001-000-2360,SELL,FLAT,0.000000,0.299199,1784062500000000000,2026-07-14 20:55:00+00:00,1784243700000000000,2026-07-16 23:15:00+00:00,181200000000000.0,64851.35831856147,64307.45067864004,['11.71205765 USDT'],0.00839,238.60000000 USDT,True
TESTER-001,SRGridStrategyUser-000,BTC/USDT.SIM,SIM-001,O-20260716-203500-001-000-2360,O-20260718-043500-001-000-2369,BUY,FLAT,0.000000,0.172160,1784243700000000000,2026-07-16 23:15:00+00:00,1784359200000000000,2026-07-18 07:20:00+00:00,115500000000000.0,62962.87547426812,63442.85649076442,['4.35240862 USDT'],0.00762,78.28000000 USDT,True
TESTER-001,SRGridStrategyUser-000,BTC/USDT.SIM,SIM-001,O-20260718-043500-001-000-2369,O-20260723-124000-001-000-2407,SELL,FLAT,0.000000,0.347398,1784359200000000000,2026-07-18 07:20:00+00:00,1784813100000000000,2026-07-23 13:25:00+00:00,453900000000000.0,66080.54818247847,65254.42723162895,['27.12041503 USDT'],0.0125,36.07000000 USDT,True
TESTER-001,SRGridStrategyUser-000,BTC/USDT.SIM,SIM-001,O-20260723-124000-001-000-2407,O-20260724-043500-001-000-2414,BUY,FLAT,0.000000,0.217309,1784813100000000000,2026-07-23 13:25:00+00:00,1784876700000000000,2026-07-24 07:05:00+00:00,63600000000000.0,64876.50929726794,65470.67955280269,['5.66059531 USDT'],0.00916,123.46000000 USDT,True
TESTER-001,SRGridStrategyUser-000,BTC/USDT.SIM,SIM-001,O-20260724-043500-001-000-2414,O-20260724-043500-001-000-2411,SELL,FLAT,0.000000,0.011777,1784876700000000000,2026-07-24 07:05:00+00:00,1784883900000000000,2026-07-24 09:05:00+00:00,7200000000000.0,65603.65000000001,65199.19,['0.30809370 USDT'],0.00617,4.46000000 USDT,True
TESTER-001,SRGridStrategyUser-000,BTC/USDT.SIM,SIM-001,O-20260724-043500-001-000-2411,O-20260726-203500-001-000-2430,BUY,FLAT,0.000000,0.297923,1784883900000000000,2026-07-24 09:05:00+00:00,1785100800000000000,2026-07-26 21:20:00+00:00,216900000000000.0,64514.114340362816,64493.92264070145,['11.68978555 USDT'],-0.00031,-27.09000000 USDT,True
TESTER-001,SRGridStrategyUser-000,BTC/USDT.SIM,SIM-001,O-20260726-203500-001-000-2430,O-20260728-053500-001-000-2436,SELL,FLAT,0.000000,0.165313,1785100800000000000,2026-07-26 21:20:00+00:00,1785233100000000000,2026-07-28 10:05:00+00:00,132300000000000.0,65229.330022563256,64606.590005807164,['4.29271063 USDT'],0.00955,98.65000000 USDT,True
TESTER-001,SRGridStrategyUser-000,BTC/USDT.SIM,SIM-001,O-20260728-053500-001-000-2436,O-20260728-053500-001-000-2439,BUY,FLAT,0.000000,0.147337,1785233100000000000,2026-07-28 10:05:00+00:00,1785252000000000000,2026-07-28 15:20:00+00:00,18900000000000.0,63254.090543312275,63765.27386386311,['3.74293889 USDT'],0.00808,71.57000000 USDT,True
TESTER-001,SRGridStrategyUser-000,BTC/USDT.SIM,SIM-001,O-20260728-053500-001-000-2439,O-20260728-213500-001-000-2440,SELL,FLAT,0.000000,0.009474,1785252000000000000,2026-07-28 15:20:00+00:00,1785277800000000000,2026-07-28 22:30:00+00:00,25800000000000.0,63855.939999999995,63889.13,['0.24205108 USDT'],-0.00052,-0.56000000 USDT,True
TESTER-001,SRGridStrategyUser-000,BTC/USDT.SIM,SIM-001,O-20260728-213500-001-000-2440,O-20260728-213500-001-000-2443,BUY,FLAT,0.000000,0.147188,1785277800000000000,2026-07-28 22:30:00+00:00,1785306300000000000,2026-07-29 06:25:00+00:00,28500000000000.0,63828.09794181592,64172.184895100145,['3.76801371 USDT'],0.00539,46.88000000 USDT,True
TESTER-001,SRGridStrategyUser-000,BTC/USDT.SIM,SIM-001,O-20260728-213500-001-000-2443,O-20260731-134500-001-000-2461,SELL,FLAT,0.000000,0.239757,1785306300000000000,2026-07-29 06:25:00+00:00,1785506400000000000,2026-07-31 14:00:00+00:00,200100000000000.0,64713.293605895,63966.06066575821,['12.16627248 USDT'],0.01155,265.76000000 USDT,True
TESTER-001,SRGridStrategyUser-000,BTC/USDT.SIM,SIM-001,O-20260731-134500-001-000-2461,O-20260802-133500-001-000-2473,BUY,FLAT,0.000000,0.170210,1785506400000000000,2026-07-31 14:00:00+00:00,1785678300000000000,2026-08-02 13:45:00+00:00,171900000000000.0,62949.556463838795,63021.95933240869,['6.28900390 USDT'],0.00115,-7.82000000 USDT,True
TESTER-001,SRGridStrategyUser-000,BTC/USDT.SIM,SIM-001,O-20260802-133500-001-000-2473,O-20260802-133500-001-000-2472,SELL,FLAT,0.000000,0.146898,1785678300000000000,2026-08-02 13:45:00+00:00,1785730200000000000,2026-08-03 04:10:00+00:00,51900000000000.0,63161.35506936786,62878.11406118531,['3.70298457 USDT'],0.00448,37.90000000 USDT,True
TESTER-001,SRGridStrategyUser-000,BTC/USDT.SIM,SIM-001,O-20260802-133500-001-000-2472,O-20260804-133500-001-000-2486,BUY,FLAT,0.000000,0.164966,1785730200000000000,2026-08-03 04:10:00+00:00,1785885300000000000,2026-08-04 23:15:00+00:00,155100000000000.0,63753.22418711546,63630.264802577076,['10.16280443 USDT'],-0.00193,158.72000000 USDT,True
TESTER-001,SRGridStrategyUser-000,BTC/USDT.SIM,SIM-001,O-20260804-133500-001-000-2486,O-20260805-053500-001-000-2489,SELL,FLAT,0.000000,0.085199,1785885300000000000,2026-08-04 23:15:00+00:00,1785914400000000000,2026-08-05 07:20:00+00:00,29100000000000.0,64546.88,64231.729557858656,['2.19435698 USDT'],0.00488,24.66000000 USDT,True
TESTER-001,SRGridStrategyUser-000,BTC/USDT.SIM,SIM-001,O-20260805-053500-001-000-2489,O-20260805-053500-001-000-2490,BUY,FLAT,0.000000,0.070616,1785914400000000000,2026-08-05 07:20:00+00:00,1785932400000000000,2026-08-05 12:20:00+00:00,18000000000000.0,64114.700000000004,64499.03,['1.81643483 USDT'],0.00599,25.32000000 USDT,True
TESTER-001,SRGridStrategyUser-000,BTC/USDT.SIM,SIM-001,O-20260805-053500-001-000-2490,,SELL,SHORT,0.315369,0.315369,1785932400000000000,2026-08-05 12:20:00+00:00,1786027200000000000,,,64711.358804537005,64473.87779227729,['8.08907264 USDT'],0.00517,29.36 USDT,False
