atr,lv,reb,ent,cap,return_pct,max_dd_pct,sharpe,n_fills,commissions,n_rebalances,n_regime_flips,n_liquidations,n_cap_enforcements,realized_pnl,final_equity
1.5,2,96,0.8,4,-3.124,-5.8323,-0.0479,366,785.42,82,162,0,0,-3148.96,96875.97
1.5,2,96,0.8,3,-3.124,-5.8323,-0.0479,366,785.42,82,162,0,0,-3148.96,96875.97
1.5,2,192,0.8,3,-3.124,-5.8323,-0.0479,366,785.42,82,162,0,0,-3148.96,96875.97
1.5,2,192,0.8,4,-3.124,-5.8323,-0.0479,366,785.42,82,162,0,0,-3148.96,96875.97
2.5,2,96,0.8,3,-3.1865,-6.2689,-0.0455,348,761.85,82,162,0,0,-3203.45,96813.46
2.5,2,96,0.8,4,-3.1865,-6.2689,-0.0455,348,761.85,82,162,0,0,-3203.45,96813.46
2.5,2,192,0.8,3,-3.1865,-6.2689,-0.0455,348,761.85,82,162,0,0,-3203.45,96813.46
2.5,2,192,0.8,4,-3.1865,-6.2689,-0.0455,348,761.85,82,162,0,0,-3203.45,96813.46
2.0,2,192,0.8,4,-3.3428,-6.0227,-0.0496,357,774.59,82,162,0,0,-3364.24,96657.18
2.0,2,192,0.8,3,-3.3428,-6.0227,-0.0496,357,774.59,82,162,0,0,-3364.24,96657.18
2.0,2,96,0.8,3,-3.3428,-6.0227,-0.0496,357,774.59,82,162,0,0,-3364.24,96657.18
2.0,2,96,0.8,4,-3.3428,-6.0227,-0.0496,357,774.59,82,162,0,0,-3364.24,96657.18
2.0,3,96,0.8,4,-5.8376,-9.5911,-0.0672,477,992.94,82,162,0,0,-5799.55,94162.42
2.0,3,96,0.8,3,-5.8376,-9.5911,-0.0672,477,992.94,82,162,0,0,-5799.55,94162.42
2.0,3,192,0.8,4,-5.8376,-9.5911,-0.0672,477,992.94,82,162,0,0,-5799.55,94162.42
2.0,3,192,0.8,3,-5.8376,-9.5911,-0.0672,477,992.94,82,162,0,0,-5799.55,94162.42
2.5,3,192,0.8,4,-6.5207,-9.349,-0.075,460,956.55,82,162,0,0,-6489.29,93479.26
2.5,3,192,0.8,3,-6.5207,-9.349,-0.075,460,956.55,82,162,0,0,-6489.29,93479.26
2.5,3,96,0.8,4,-6.5207,-9.349,-0.075,460,956.55,82,162,0,0,-6489.29,93479.26
2.5,3,96,0.8,3,-6.5207,-9.349,-0.075,460,956.55,82,162,0,0,-6489.29,93479.26
1.5,3,192,0.8,4,-6.6842,-10.2899,-0.0739,495,1043.27,82,162,0,0,-6639.51,93315.76
1.5,3,192,0.8,3,-6.6842,-10.2899,-0.0739,495,1043.27,82,162,0,0,-6639.51,93315.76
1.5,3,96,0.8,4,-6.6842,-10.2899,-0.0739,495,1043.27,82,162,0,0,-6639.51,93315.76
1.5,3,96,0.8,3,-6.6842,-10.2899,-0.0739,495,1043.27,82,162,0,0,-6639.51,93315.76
1.5,2,96,0.5,3,-7.8211,-9.8828,-0.1222,960,2213.78,227,452,0,0,-7779.5,92178.91
1.5,2,96,0.5,4,-7.8211,-9.8828,-0.1222,960,2213.78,227,452,0,0,-7779.5,92178.91
1.5,2,192,0.5,4,-7.8211,-9.8828,-0.1222,960,2213.78,227,452,0,0,-7779.5,92178.91
1.5,2,192,0.5,3,-7.8211,-9.8828,-0.1222,960,2213.78,227,452,0,0,-7779.5,92178.91
2.5,2,96,0.5,4,-8.2608,-9.4446,-0.1189,879,2100.55,227,452,0,0,-8226.6,91739.15
2.5,2,96,0.5,3,-8.2608,-9.4446,-0.1189,879,2100.55,227,452,0,0,-8226.6,91739.15
2.5,2,192,0.5,4,-8.2608,-9.4446,-0.1189,879,2100.55,227,452,0,0,-8226.6,91739.15
2.5,2,192,0.5,3,-8.2608,-9.4446,-0.1189,879,2100.55,227,452,0,0,-8226.6,91739.15
2.0,2,96,0.5,3,-8.9492,-10.183,-0.1351,918,2173.6,227,452,0,0,-8911.31,91050.78
2.0,2,96,0.5,4,-8.9492,-10.183,-0.1351,918,2173.6,227,452,0,0,-8911.31,91050.78
2.0,2,192,0.5,4,-8.9492,-10.183,-0.1351,918,2173.6,227,452,0,0,-8911.31,91050.78
2.0,2,192,0.5,3,-8.9492,-10.183,-0.1351,918,2173.6,227,452,0,0,-8911.31,91050.78
2.0,2,96,0.3,3,-10.6553,-10.9583,-0.1718,1809,4705.12,534,1068,0,0,-10612.07,89344.72
2.0,2,96,0.3,4,-10.6553,-10.9583,-0.1718,1809,4705.12,534,1068,0,0,-10612.07,89344.72
2.0,2,192,0.3,3,-10.6553,-10.9583,-0.1718,1809,4705.12,534,1068,0,0,-10612.07,89344.72
2.0,2,192,0.3,4,-10.6553,-10.9583,-0.1718,1809,4705.12,534,1068,0,0,-10612.07,89344.72
1.5,3,192,0.5,4,-11.368,-12.9067,-0.1388,1270,2710.62,227,452,0,0,-11257.01,88632.01
1.5,3,192,0.5,3,-11.368,-12.9067,-0.1388,1270,2710.62,227,452,0,0,-11257.01,88632.01
1.5,3,96,0.5,3,-11.368,-12.9067,-0.1388,1270,2710.62,227,452,0,0,-11257.01,88632.01
1.5,3,96,0.5,4,-11.368,-12.9067,-0.1388,1270,2710.62,227,452,0,0,-11257.01,88632.01
2.5,2,192,0.3,4,-11.5737,-11.9299,-0.183,1669,4451.72,534,1068,0,0,-11528.02,88426.3
2.5,2,192,0.3,3,-11.5737,-11.9299,-0.183,1669,4451.72,534,1068,0,0,-11528.02,88426.3
2.5,2,96,0.3,4,-11.5737,-11.9299,-0.183,1669,4451.72,534,1068,0,0,-11528.02,88426.3
2.5,2,96,0.3,3,-11.5737,-11.9299,-0.183,1669,4451.72,534,1068,0,0,-11528.02,88426.3
1.5,2,192,0.3,4,-11.6658,-12.0414,-0.1905,1972,5012.18,534,1068,0,0,-11712.34,88334.24
1.5,2,192,0.3,3,-11.6658,-12.0414,-0.1905,1972,5012.18,534,1068,0,0,-11712.34,88334.24
1.5,2,96,0.3,4,-11.6658,-12.0414,-0.1905,1972,5012.18,534,1068,0,0,-11712.34,88334.24
1.5,2,96,0.3,3,-11.6658,-12.0414,-0.1905,1972,5012.18,534,1068,0,0,-11712.34,88334.24
2.5,3,192,0.5,4,-12.1685,-13.3423,-0.155,1131,2506.84,227,452,0,0,-12100.53,87831.53
2.5,3,192,0.5,3,-12.1685,-13.3423,-0.155,1131,2506.84,227,452,0,0,-12100.53,87831.53
2.5,3,96,0.5,3,-12.1685,-13.3423,-0.155,1131,2506.84,227,452,0,0,-12100.53,87831.53
2.5,3,96,0.5,4,-12.1685,-13.3423,-0.155,1131,2506.84,227,452,0,0,-12100.53,87831.53
2.0,3,192,0.5,4,-12.5551,-13.5238,-0.1556,1197,2630.66,227,452,0,0,-12465.84,87444.93
2.0,3,192,0.5,3,-12.5551,-13.5238,-0.1556,1197,2630.66,227,452,0,0,-12465.84,87444.93
2.0,3,96,0.5,3,-12.5551,-13.5238,-0.1556,1197,2630.66,227,452,0,0,-12465.84,87444.93
2.0,3,96,0.5,4,-12.5551,-13.5238,-0.1556,1197,2630.66,227,452,0,0,-12465.84,87444.93
1.5,3,96,0.3,3,-13.1191,-13.3746,-0.1815,2517,5849.43,534,1068,0,0,-13163.21,86880.92
1.5,3,96,0.3,4,-13.1191,-13.3746,-0.1815,2517,5849.43,534,1068,0,0,-13163.21,86880.92
1.5,3,192,0.3,4,-13.1191,-13.3746,-0.1815,2517,5849.43,534,1068,0,0,-13163.21,86880.92
1.5,3,192,0.3,3,-13.1191,-13.3746,-0.1815,2517,5849.43,534,1068,0,0,-13163.21,86880.92
2.5,3,192,0.3,4,-13.8266,-14.0398,-0.2029,2059,4899.63,534,1068,0,0,-13828.22,86173.4
2.5,3,192,0.3,3,-13.8266,-14.0398,-0.2029,2059,4899.63,534,1068,0,0,-13828.22,86173.4
2.5,3,96,0.3,3,-13.8266,-14.0398,-0.2029,2059,4899.63,534,1068,0,0,-13828.22,86173.4
2.5,3,96,0.3,4,-13.8266,-14.0398,-0.2029,2059,4899.63,534,1068,0,0,-13828.22,86173.4
2.0,3,96,0.3,3,-14.4302,-14.8114,-0.2106,2270,5298.85,534,1068,0,0,-14420.07,85569.78
2.0,3,96,0.3,4,-14.4302,-14.8114,-0.2106,2270,5298.85,534,1068,0,0,-14420.07,85569.78
2.0,3,192,0.3,4,-14.4302,-14.8114,-0.2106,2270,5298.85,534,1068,0,0,-14420.07,85569.78
2.0,3,192,0.3,3,-14.4302,-14.8114,-0.2106,2270,5298.85,534,1068,0,0,-14420.07,85569.78
