"Edge","Timeframe","Gross_edge_source","Gross_edge_pct","Round_trip_cost_pct","Net_edge_pct","Verdict"
"Daily crash reversion","1d","ag-07: mean +2.47% median +3.07% over 5d (n=46, 6/6 coins, both halves; re-verified here)","2.47","0.09 taker / 0.11-0.19 taker+slippage","+2.38 mean / +2.98 median","REAL AND NET-POSITIVE (~26x fee); ag-08 OOS pending -> provisional"
"Weekday tilt","1d","ag-06: pattern real (perm p<0.0001, tilt +0.749%) but Rule A OOS gross -0.34%/trade","-0.34","0.09 taker","-0.43/trade","REAL statistically, NOT tradeable as spec'd (trades wrong day; corrected version untested)"
"1h post-crash bounce","1h","ag-03: p50 next +0.208%, mean +0.300% after ret<-3sig","0.21","0.09 taker","+0.12 (p50)","REAL but NOT robust (split-half fails); marginal -> borderline, not sizeable"
"5m post-crash bounce","5m","ag-03: p50 next +0.049% after ret<-3sig","0.05","0.09 taker / 0.19 taker+small-cap slippage","-0.04","REAL but tiny; dies net of fees -> NOT tradeable"
"1h body-position reversion","1h","ag-05: upper-wick -0.032% vs lower-wick +0.010% median_next (spread ~0.04%)","0.04","0.09 taker","-0.05","REAL but sub-fee; killed by 0.09% round trip -> NOT tradeable"
"Volatility clustering","all","ag-03/ag-05: |ret_next| 1.5-3.4x after extremes (vol_pct 2.4-3.4x, range_top1 2.1-2.5x, cooloff 2.0-2.2x)","0","0.09 per rebalance leg (only if traded)","n/a","REAL and robust, no directional leg -> SIZING input only"
"Hour-of-day volatility","5m/1h","ag-05: US-open bump, |ret_next| 1.75x (5m) / 1.58x (1h), 12/12 coins","0","0.09 per rebalance leg (only if traded)","n/a","REAL and robust (12/12), direction flat -> SIZING input only"
"Relative strength long-short","1d","ag-10 (PENDING - no output yet)","0","0.18 taker x2 legs daily","?","PENDING: ag-10 not run; must beat 0.18%/day breakeven"
"Fat tails (unconditional)","all","ag-02: kurtosis 9.3-13.8, p99.9 4.9-6.7sig","0","0","n/a","Descriptive; informs tail-risk sizing, not a direct edge"
