bar,side,px,notional,fee,kind
401,BUY,21414.72,5000.0,1.0,GRID
401,SELL,21414.72,5000.0,1.0,GRID
447,BUY,21508.97,10000.0,2.0,GRID
449,SELL,21571.16,10028.91,6.0173,FLAT
461,BUY,21399.11,10000.0,2.0,GRID
462,SELL,21425.0,10012.1,6.0073,FLAT
566,BUY,20192.86,6277.18,1.2554,GRID
566,BUY,19991.63,6638.7,1.3277,GRID
566,BUY,19790.4,2084.12,0.4168,GRID
568,SELL,19616.65,14678.06,8.8068,FLAT
591,BUY,20036.47,10000.0,2.0,GRID
598,SELL,20155.0,10059.16,6.0355,FLAT
614,BUY,19751.81,10000.0,2.0,GRID
618,SELL,19812.93,10030.94,6.0186,FLAT
638,SELL,20422.83,9598.25,1.9197,GRID
641,BUY,19891.19,10000.0,2.0,GRID
656,SELL,19785.31,648.14,0.3889,FLAT
720,SELL,19896.55,5687.03,1.1374,GRID
720,SELL,20051.71,5123.88,1.0248,GRID
737,BUY,19586.23,10000.0,2.0,GRID
737,BUY,19431.07,655.99,0.1312,GRID
737,BUY,19275.91,500.0,0.1,GRID
738,SELL,18958.66,547.88,0.3287,FLAT
796,BUY,20132.72,4794.79,0.959,GRID
797,SELL,20589.62,7917.45,1.5835,GRID
798,BUY,20693.48,3029.05,1.8174,FLAT
906,SELL,20750.53,3119.64,0.6239,GRID
907,BUY,20283.58,3049.44,1.8297,FLAT
1008,BUY,19961.56,4312.98,0.8626,GRID
1018,BUY,19796.92,8685.95,1.7372,GRID
1025,BUY,19632.27,2001.07,0.4002,GRID
1031,SELL,19416.18,14693.09,8.8159,FLAT
1173,BUY,18916.48,6947.24,1.3894,GRID
1197,SELL,18743.1,6883.57,4.1301,FLAT
1208,SELL,19110.99,7740.54,1.5481,GRID
1224,SELL,19342.56,4414.89,0.883,GRID
1225,SELL,19574.12,2844.57,0.5689,GRID
1227,BUY,20099.04,15649.14,9.3895,FLAT
1331,BUY,19178.9,5482.13,1.0964,GRID
1333,SELL,19332.38,5526.0,3.3156,FLAT
1349,SELL,19383.19,6242.41,1.2485,GRID
1354,BUY,19117.31,9729.71,1.9459,GRID
1362,SELL,19218.75,3591.89,2.1551,FLAT
1480,BUY,19445.2,4264.66,0.8529,GRID
1482,SELL,19456.63,4267.16,2.5603,FLAT
1633,SELL,19816.81,2880.25,0.576,GRID
1636,BUY,19812.52,2879.62,1.7278,FLAT
1679,BUY,18994.86,10000.0,2.0,GRID
1699,SELL,19220.64,7533.84,1.5068,GRID
1699,SELL,19333.54,7781.52,1.5563,GRID
1715,SELL,19446.43,9684.64,1.9369,GRID
1718,BUY,19473.84,14917.2,8.9503,FLAT
1765,BUY,19079.96,10000.0,2.0,GRID
1778,SELL,19062.77,9990.99,5.9946,FLAT
1837,SELL,19245.07,5902.44,1.1805,GRID
1841,BUY,19148.05,8111.87,1.6224,GRID
1860,BUY,19099.54,7332.33,1.4665,GRID
1865,SELL,19293.58,10000.0,2.0,GRID
1865,SELL,19342.09,10000.0,2.0,GRID
1870,BUY,19592.96,10471.9,6.2831,FLAT
2041,BUY,20500.11,5389.66,1.0779,GRID
2053,BUY,20322.74,4481.02,0.8962,GRID
2060,SELL,20401.49,9862.12,5.9173,FLAT
2073,SELL,20680.18,8234.01,1.6468,GRID
2077,BUY,20380.64,9303.25,1.8606,GRID
2084,SELL,20483.34,1194.49,0.7167,FLAT
2148,BUY,20520.34,5509.32,1.1019,GRID
2148,BUY,20385.58,4732.36,0.9465,GRID
2149,SELL,20789.84,10000.0,2.0,GRID
2150,SELL,20924.6,4834.81,0.967,GRID
2150,SELL,21059.35,547.95,0.1096,GRID
2152,BUY,20783.3,4935.19,2.9611,FLAT
2446,SELL,16681.65,4910.9,0.9822,GRID
2453,BUY,16578.36,4880.49,2.9283,FLAT
2472,SELL,16852.54,10000.0,2.0,GRID
2473,SELL,17010.92,2941.97,0.5884,GRID
2476,BUY,16808.69,12880.97,7.7286,FLAT
2489,BUY,16592.77,8693.86,1.7388,GRID
2541,BUY,16435.67,3478.77,0.6958,GRID
2541,BUY,16278.56,2827.36,0.5655,GRID
2544,SELL,16268.73,14793.18,8.8759,FLAT
2711,BUY,16428.16,7748.73,1.5497,GRID
2713,BUY,16328.13,2733.2,0.5466,GRID
2713,BUY,16228.09,4518.06,0.9036,GRID
2716,SELL,16209.96,14872.25,8.9234,FLAT
2750,BUY,16362.29,2694.92,0.539,GRID
2760,SELL,16611.03,9609.81,1.922,GRID
2760,SELL,16735.4,5289.59,1.0579,GRID
2760,SELL,16859.78,2795.51,0.5591,GRID
2762,BUY,16961.35,15192.26,9.1154,FLAT
2867,BUY,16927.09,7370.41,1.4741,GRID
2872,SELL,17088.31,10000.0,2.0,GRID
2879,SELL,17168.91,7220.39,1.4441,GRID
2880,SELL,17249.52,631.08,0.1262,GRID
2885,BUY,17340.42,10524.07,6.3144,FLAT
2928,SELL,17140.74,10000.0,2.0,GRID
2935,BUY,16867.06,7990.17,1.598,GRID
2935,BUY,16730.22,2557.28,0.5115,GRID
2941,SELL,16855.24,727.52,0.4365,FLAT
3058,SELL,16987.94,5804.47,1.1609,GRID
3068,BUY,17123.19,5850.69,3.5104,FLAT
3079,BUY,17085.39,4246.41,0.8493,GRID
3081,SELL,17252.51,10000.0,2.0,GRID
3081,SELL,17336.08,4287.22,0.8574,GRID
3081,SELL,17419.64,694.9,0.139,GRID
3086,BUY,17871.78,11049.72,6.6298,FLAT
3152,BUY,17251.81,2580.87,0.5162,GRID
3153,BUY,17107.6,5337.36,1.0675,GRID
3153,BUY,16963.4,7081.77,1.4164,GRID
3154,SELL,16994.06,14938.82,8.9633,FLAT
3302,BUY,16748.28,10000.0,2.0,GRID
3302,BUY,16643.76,3845.69,0.7691,GRID
3408,SELL,16957.32,9874.54,1.9749,GRID
3438,SELL,16612.64,4083.69,2.4502,FLAT
3526,BUY,16530.91,8734.41,1.7469,GRID
3526,BUY,16484.03,4039.45,0.8079,GRID
3548,SELL,16624.67,9315.71,1.8631,GRID
3555,SELL,16671.55,9070.35,1.8141,GRID
3559,SELL,16718.43,9387.8,1.8776,GRID
3575,BUY,16672.87,14880.86,8.9285,FLAT
3661,BUY,16689.46,4428.92,0.8858,GRID
3661,SELL,16786.98,4690.76,0.9382,GRID
3663,SELL,16835.74,9262.86,1.8526,GRID
3667,SELL,16884.5,5475.3,1.0951,GRID
3683,BUY,16918.3,15032.35,9.0194,FLAT
3719,SELL,17016.46,10000.0,2.0,GRID
3719,SELL,17069.78,1244.72,0.2489,GRID
3719,SELL,17123.1,500.0,0.1,GRID
3722,BUY,17191.47,11858.44,7.1151,FLAT
4000,SELL,21314.61,10000.0,2.0,GRID
4004,BUY,22288.37,10456.85,6.2741,FLAT
4172,SELL,23288.91,10000.0,2.0,GRID
4205,BUY,23249.5,9983.08,5.9898,FLAT
4291,BUY,22779.41,9183.06,1.8366,GRID
4291,SELL,23204.31,10000.0,2.0,GRID
4291,SELL,23416.77,1278.19,0.2556,GRID
4292,SELL,23629.22,10000.0,2.0,GRID
4296,BUY,24189.85,12230.72,7.3384,FLAT
4380,BUY,23160.95,5301.62,1.0603,GRID
4385,BUY,22900.88,6349.75,1.27,GRID
4386,SELL,22843.92,11563.01,6.9378,FLAT
4453,BUY,23061.65,8535.85,1.7072,GRID
4456,BUY,22796.9,5301.25,1.0602,GRID
4467,BUY,22532.16,1162.91,0.2326,GRID
4469,SELL,22603.08,14788.86,8.8733,FLAT
4597,BUY,21592.57,10000.0,2.0,GRID
4597,SELL,21847.61,10000.0,2.0,GRID
4598,SELL,21975.12,10000.0,2.0,GRID
4598,SELL,22102.64,2217.29,0.4435,GRID
4603,BUY,22208.65,12214.12,7.3285,FLAT
4737,SELL,24808.8,10000.0,2.0,GRID
4745,BUY,24810.05,10000.5,6.0003,FLAT
4778,BUY,23988.56,2465.77,0.4932,GRID
4780,SELL,24155.23,2482.9,1.4897,FLAT
4911,BUY,23622.44,4789.76,0.958,GRID
4912,BUY,23441.42,4282.92,0.8566,GRID
4912,BUY,23260.39,5927.32,1.1855,GRID
4952,SELL,23867.78,15282.42,9.1695,FLAT
4987,SELL,23485.06,4730.95,0.9462,GRID
4993,BUY,23132.84,10000.0,2.0,GRID
4993,BUY,22956.74,4629.16,0.9258,GRID
4993,BUY,22780.63,3664.85,0.733,GRID
4994,SELL,22348.57,13260.83,7.9565,FLAT
5099,BUY,22328.47,10000.0,2.0,GRID
5103,BUY,22196.28,2418.73,0.4837,GRID
5103,BUY,22064.08,528.9,0.1058,GRID
5116,SELL,22141.79,12859.95,7.716,FLAT
5230,BUY,21361.55,2192.28,0.4385,GRID
5231,SELL,22043.21,3894.46,0.7789,GRID
5232,BUY,22446.02,1662.05,0.9972,FLAT
5490,SELL,28333.75,10000.0,2.0,GRID
5500,BUY,28130.41,9928.23,5.9569,FLAT
5582,BUY,26610.39,6756.46,1.3513,GRID
5583,SELL,27196.85,5837.97,1.1676,GRID
5586,SELL,26968.94,1058.46,0.6351,FLAT
5623,SELL,28445.13,10000.0,2.0,GRID
5625,BUY,28382.23,9977.89,5.9867,FLAT
5676,SELL,28448.9,10000.0,2.0,GRID
5679,BUY,28430.76,9993.62,5.9962,FLAT
5724,BUY,28137.85,4476.61,0.8953,GRID
5727,BUY,28010.43,5803.49,1.1607,GRID
5730,BUY,27883.02,4719.9,0.944,GRID
5737,SELL,27719.09,14845.26,8.9072,FLAT
5772,SELL,28397.76,10000.0,2.0,GRID
5783,SELL,28684.48,2518.98,0.5038,GRID
5790,BUY,28525.21,12549.87,7.5299,FLAT
5807,BUY,27952.05,8138.09,1.6276,GRID
5817,SELL,27850.0,8108.38,4.865,FLAT
5838,BUY,27816.9,6623.87,1.3248,GRID
5843,SELL,27892.63,6641.91,3.9851,FLAT
5858,SELL,28012.21,5827.86,1.1656,GRID
5860,SELL,28144.15,4811.08,0.9622,GRID
5900,SELL,28276.09,4361.06,0.8722,GRID
5911,BUY,28295.16,15087.62,9.0526,FLAT
6040,BUY,30242.96,4898.36,0.9797,GRID
6066,SELL,30527.64,5912.41,1.1825,GRID
6071,BUY,30100.61,9610.92,1.9222,GRID
6071,BUY,29958.27,6403.12,1.2806,GRID
6079,SELL,29918.1,14998.58,8.9991,FLAT
6125,BUY,30104.73,9450.83,1.8902,GRID
6126,SELL,30077.76,9442.36,5.6654,FLAT
6397,SELL,29352.92,6980.51,1.3961,GRID
6398,SELL,29467.64,4885.54,0.9771,GRID
6398,SELL,29582.36,3133.95,0.6268,GRID
6406,BUY,29233.21,14895.68,8.9374,FLAT
6552,SELL,29084.55,5827.1,1.1654,GRID
6561,BUY,28847.74,5779.66,3.4678,FLAT
6570,BUY,28778.77,4516.82,0.9034,GRID
6574,BUY,28603.9,4693.17,0.9386,GRID
6574,BUY,28429.02,5790.01,1.158,GRID
6576,SELL,28220.34,14806.92,8.8842,FLAT
6743,BUY,26745.59,6998.45,1.3997,GRID
6744,SELL,27067.65,6000.04,1.2,GRID
6744,SELL,27228.69,3906.32,0.7813,GRID
6749,SELL,27389.72,10000.0,2.0,GRID
6751,BUY,27434.67,12854.92,7.713,FLAT
6792,SELL,27234.62,2519.02,0.5038,GRID
6798,BUY,26833.06,9599.06,1.9198,GRID
6802,BUY,26632.29,3067.76,0.6136,GRID
6806,SELL,26796.93,10194.32,6.1166,FLAT
6836,SELL,27041.02,4918.15,0.9836,GRID
6845,BUY,26902.72,4893.0,2.9358,FLAT
6880,BUY,27077.86,4604.33,0.9209,GRID
6880,BUY,27016.28,4755.05,0.951,GRID
6880,BUY,26954.69,5640.62,1.1281,GRID
6887,SELL,27201.04,9541.82,1.9084,GRID
6887,SELL,27262.62,9120.31,1.8241,GRID
6913,BUY,26649.67,3464.82,2.0789,FLAT
6936,SELL,27093.75,5003.49,1.0007,GRID
6938,SELL,27286.98,3540.72,0.7081,GRID
6940,SELL,27480.21,6455.79,1.2912,GRID
6944,BUY,27273.54,14982.91,8.9897,FLAT
6972,BUY,26568.54,5936.57,1.1873,GRID
6972,BUY,26388.49,6541.34,1.3083,GRID
6973,BUY,26208.45,2522.09,0.5044,GRID
6974,SELL,26314.69,14935.21,8.9611,FLAT
7044,BUY,26574.78,3912.45,0.7825,GRID
7055,SELL,26959.64,7394.75,1.4789,GRID
7056,SELL,27152.07,5530.58,1.1061,GRID
7059,BUY,27167.97,8985.93,5.3916,FLAT
7141,BUY,26904.94,6868.82,1.3738,GRID
7144,SELL,27055.4,6907.23,4.1443,FLAT
7214,SELL,27323.48,8217.16,1.6434,GRID
7220,BUY,26937.32,9928.13,1.9856,GRID
7252,BUY,26744.24,10000.0,2.0,GRID
7262,BUY,26551.15,3158.45,0.6317,GRID
7263,SELL,25809.05,14471.06,8.6826,FLAT
7304,BUY,26485.59,6183.52,1.2367,GRID
7308,SELL,26818.62,6261.28,3.7568,FLAT
7356,SELL,26718.1,5145.2,1.029,GRID
7364,BUY,26479.52,5099.26,3.0596,FLAT
7451,SELL,26282.56,2383.27,0.4767,GRID
7454,BUY,25877.46,6688.55,1.3377,GRID
7483,BUY,25674.92,8334.38,1.6669,GRID
7483,BUY,25472.37,2360.35,0.4721,GRID
7486,SELL,25128.6,14701.89,8.8211,FLAT
7528,SELL,26173.48,3051.9,0.6104,GRID
7529,SELL,26387.19,6884.5,1.3769,GRID
7530,BUY,26382.43,9959.52,5.9757,FLAT
7758,SELL,30563.55,7127.87,1.4256,GRID
7767,BUY,30029.17,10000.0,2.0,GRID
7789,SELL,30830.74,9273.36,1.8547,GRID
7820,BUY,30134.38,6056.65,3.634,FLAT
7849,SELL,30683.54,9247.34,1.8495,GRID
7851,SELL,30917.06,2849.74,0.5699,GRID
7851,SELL,31150.59,2902.92,0.5806,GRID
7852,BUY,30736.63,14960.79,8.9765,FLAT
7934,SELL,31010.94,10000.0,2.0,GRID
7937,BUY,31199.14,10060.69,6.0364,FLAT
7977,SELL,30554.51,5619.62,1.1239,GRID
7977,SELL,30678.8,5747.65,1.1495,GRID
7979,BUY,30305.91,6923.25,1.3847,GRID
7986,BUY,30431.95,4346.43,2.6079,FLAT
8002,BUY,30956.02,2802.6,0.5605,GRID
8003,BUY,30680.41,5814.02,1.1628,GRID
8004,BUY,30404.79,6383.38,1.2767,GRID
8013,SELL,30167.3,14781.5,8.8689,FLAT
8077,BUY,30243.09,5586.18,1.1172,GRID
8077,SELL,30438.95,5585.38,1.1171,GRID
8083,BUY,30145.16,9122.38,1.8245,GRID
8087,BUY,30047.23,5876.82,1.1754,GRID
8099,SELL,30161.47,15063.12,9.0379,FLAT
8105,SELL,30434.37,6209.78,1.242,GRID
8106,SELL,30590.54,4894.0,0.9788,GRID
8106,SELL,30746.7,3896.22,0.7792,GRID
8114,BUY,30476.0,14955.87,8.9735,FLAT
8168,SELL,30521.35,7138.32,1.4277,GRID
8174,SELL,30744.69,5525.48,1.1051,GRID
8174,SELL,30968.03,2336.2,0.4672,GRID
8179,BUY,31372.91,15342.61,9.2056,FLAT
8336,SELL,30374.29,7380.33,1.4761,GRID
8341,BUY,30031.25,10000.0,2.0,GRID
8341,BUY,29859.73,6377.24,1.2754,GRID
8341,BUY,29688.21,1708.54,0.3417,GRID
8361,SELL,29793.36,10759.26,6.4556,FLAT
8398,BUY,29779.26,10000.0,2.0,GRID
8398,BUY,29633.46,2498.36,0.4997,GRID
8416,SELL,30070.86,7505.36,1.5011,GRID
8417,SELL,30216.66,10000.0,2.0,GRID
8432,BUY,29487.67,10000.0,2.0,GRID
8435,SELL,29232.0,5223.92,3.1343,FLAT
8510,BUY,29273.42,9500.34,1.9001,GRID
8587,BUY,29058.49,5465.02,1.093,GRID
8617,BUY,28843.56,500.0,0.1,GRID
8624,SELL,28928.37,15330.37,9.1982,FLAT
8643,BUY,29585.15,1805.44,0.3611,GRID
8650,SELL,29562.49,1804.06,1.0824,FLAT
8677,SELL,29405.18,5534.07,1.1068,GRID
8705,BUY,28966.84,10000.0,2.0,GRID
8738,SELL,29063.99,4563.68,2.7382,FLAT
8756,BUY,29069.2,7033.76,1.4068,GRID
8756,SELL,29202.36,5432.27,1.0865,GRID
8773,BUY,29002.63,8024.58,1.6049,GRID
8774,BUY,28936.05,5373.93,1.0748,GRID
8780,SELL,29268.93,10000.0,2.0,GRID
8794,SELL,29335.51,10000.0,2.0,GRID
8799,BUY,29748.0,4884.52,2.9307,FLAT
8871,BUY,29304.48,6254.12,1.2508,GRID
8929,BUY,29142.88,5905.06,1.181,GRID
8942,SELL,29627.66,10000.0,2.0,GRID
8990,SELL,29106.55,2285.46,1.3713,FLAT
9135,BUY,25877.12,10000.0,2.0,GRID
9140,BUY,25704.24,500.0,0.1,GRID
9140,BUY,25531.36,500.0,0.1,GRID
9159,SELL,26222.88,10000.0,2.0,GRID
9159,SELL,26395.76,5875.96,1.1752,GRID
9160,SELL,26568.64,5643.5,1.1287,GRID
9164,BUY,26320.02,10288.25,6.173,FLAT
9205,BUY,25907.83,10000.0,2.0,GRID
9301,SELL,26331.59,10000.0,2.0,GRID
9301,SELL,26543.46,9052.45,1.8105,GRID
9301,SELL,26755.34,5673.44,1.1347,GRID
9303,BUY,27999.99,15312.63,9.1876,FLAT
9356,BUY,25670.1,10000.0,2.0,GRID
9359,SELL,26051.97,10148.76,6.0893,FLAT
9452,BUY,25709.12,9687.35,1.9375,GRID
9458,BUY,25581.56,2796.61,0.5593,GRID
9496,BUY,25454.0,2516.04,0.5032,GRID
9496,SELL,25964.24,10000.0,2.0,GRID
9524,SELL,26091.8,10000.0,2.0,GRID
9524,SELL,26219.36,4636.41,0.9273,GRID
9529,BUY,26248.33,9456.35,5.6738,FLAT
9567,SELL,25939.28,5096.8,1.0194,GRID
9579,BUY,25750.56,10000.0,2.0,GRID
9591,BUY,25656.2,5759.33,1.1519,GRID
9597,SELL,26033.64,10000.0,2.0,GRID
9613,BUY,25561.84,10000.0,2.0,GRID
9615,SELL,25185.01,10663.9,6.3983,FLAT
9639,SELL,26439.03,3174.56,0.6349,GRID
9645,BUY,25970.01,3118.24,1.8709,FLAT
9766,SELL,26508.74,5415.75,1.0832,GRID
9769,SELL,26581.13,5717.08,1.1434,GRID
9769,SELL,26653.51,3867.17,0.7734,GRID
9779,BUY,27371.35,15450.34,9.2702,FLAT
9852,BUY,26474.87,4622.93,0.9246,GRID
9860,SELL,26613.67,4647.17,2.7883,FLAT
9996,BUY,26591.25,7237.6,1.4475,GRID
9997,BUY,26460.03,4121.67,0.8243,GRID
9997,BUY,26328.8,3640.73,0.7281,GRID
10021,SELL,26853.71,7355.0,1.471,GRID
10022,SELL,26984.93,6827.2,1.3654,GRID
10023,SELL,27116.16,10000.0,2.0,GRID
10024,BUY,27160.13,8947.82,5.3687,FLAT
10147,BUY,27234.82,4358.85,0.8718,GRID
10160,SELL,27635.98,4461.38,0.8923,GRID
10170,SELL,27836.56,3519.51,0.7039,GRID
10180,BUY,27641.31,3533.15,2.1199,FLAT
10207,SELL,27662.27,6487.29,1.2975,GRID
10212,BUY,27526.1,6455.36,3.8732,FLAT
10220,SELL,28226.81,10000.0,2.0,GRID
10224,BUY,27901.94,9884.91,5.9309,FLAT
10279,BUY,27780.42,3303.28,0.6607,GRID
10280,BUY,27622.62,5363.8,1.0728,GRID
10280,BUY,27464.83,6332.92,1.2666,GRID
10288,SELL,27589.76,14999.76,8.9999,FLAT
10410,BUY,26862.43,5594.19,1.1188,GRID
10412,BUY,26798.28,5250.86,1.0502,GRID
10432,SELL,26990.73,9497.74,1.8995,GRID
10433,SELL,27054.88,9007.47,1.8015,GRID
10435,SELL,27119.03,7339.84,1.468,GRID
10440,BUY,27194.96,14992.08,8.9952,FLAT
10762,SELL,34311.65,4693.9,0.9388,GRID
10764,SELL,34511.23,6692.34,1.3385,GRID
10768,SELL,34710.8,3613.76,0.7228,GRID
10788,BUY,34660.84,15071.58,9.0429,FLAT
10815,SELL,34469.16,10000.0,2.0,GRID
10835,SELL,34731.3,4316.38,0.8633,GRID
10836,SELL,34993.45,500.0,0.1,GRID
10845,BUY,35280.28,15124.03,9.0744,FLAT
10885,SELL,34758.52,9141.32,1.8283,GRID
10917,SELL,35088.96,1082.58,0.2165,GRID
10923,BUY,35151.11,10329.07,6.1974,FLAT
10976,BUY,34715.7,4644.5,0.9289,GRID
10985,SELL,35394.28,10000.0,2.0,GRID
10987,SELL,35733.58,2520.05,0.504,GRID
10992,BUY,35375.06,7756.62,4.654,FLAT
11122,BUY,36786.22,5274.4,1.0549,GRID
11125,BUY,36549.11,5251.23,1.0502,GRID
11129,SELL,36746.99,10548.44,6.3291,FLAT
11132,BUY,36491.22,10000.0,2.0,GRID
11135,BUY,36197.26,2289.74,0.4579,GRID
11137,SELL,36426.99,12286.67,7.372,FLAT
11247,SELL,36765.44,5806.72,1.1613,GRID
11253,BUY,36506.0,5765.75,3.4594,FLAT
11270,BUY,36427.31,7483.38,1.4967,GRID
11273,SELL,36709.23,8083.49,1.6167,GRID
11273,SELL,36850.19,6680.71,1.3361,GRID
11275,SELL,36991.14,7719.18,1.5438,GRID
11284,BUY,37132.88,15029.17,9.0175,FLAT
11446,BUY,37354.66,6087.06,1.2174,GRID
11454,BUY,37092.87,5581.93,1.1164,GRID
11459,SELL,36971.61,11588.33,6.953,FLAT
11490,SELL,38297.73,10000.0,2.0,GRID
11497,BUY,37931.59,9904.4,5.9426,FLAT
11544,BUY,37707.73,5284.37,1.0569,GRID
11547,SELL,38184.31,10000.0,2.0,GRID
11550,BUY,38244.08,4656.12,2.7937,FLAT
11766,SELL,44014.65,10000.0,2.0,GRID
11784,BUY,43474.77,10000.0,2.0,GRID
11784,BUY,43204.83,10000.0,2.0,GRID
11785,BUY,42934.88,835.59,0.1671,GRID
11787,SELL,42164.0,10698.64,6.4192,FLAT
11916,SELL,42528.17,3345.22,0.669,GRID
11941,BUY,41603.91,10000.0,2.0,GRID
11946,SELL,42105.91,6808.66,4.0852,FLAT
12117,BUY,43426.12,4892.33,0.9785,GRID
12117,BUY,43189.13,3830.72,0.7661,GRID
12117,BUY,42952.15,6276.95,1.2554,GRID
12121,SELL,43063.59,14964.31,8.9786,FLAT
12197,BUY,43105.56,4703.62,0.9407,GRID
12204,BUY,42644.62,5609.31,1.1219,GRID
12215,SELL,42407.11,10205.47,6.1233,FLAT
12285,BUY,42315.41,7804.23,1.5608,GRID
12305,SELL,43003.43,7741.69,1.5483,GRID
12306,SELL,43347.44,4803.29,0.9607,GRID
12307,BUY,43687.86,4648.56,2.7891,FLAT
12384,BUY,43675.38,5996.17,1.1992,GRID
12384,BUY,43032.76,4531.78,0.9064,GRID
12394,SELL,43771.34,10618.9,6.3713,FLAT
12403,SELL,44226.64,6393.41,1.2787,GRID
12413,BUY,43454.7,6281.81,3.7691,FLAT
12444,SELL,44416.58,2347.93,0.4696,GRID
12446,BUY,44047.57,2328.42,1.3971,FLAT
12466,SELL,44360.56,3154.1,0.6308,GRID
12467,SELL,44808.24,2460.8,0.4922,GRID
12468,BUY,44911.58,5659.76,3.3959,FLAT
12566,SELL,45016.7,5016.48,1.0033,GRID
12567,BUY,43907.32,6826.13,1.3652,GRID
12567,BUY,43352.63,4758.06,0.9516,GRID
12568,SELL,43803.99,6736.32,4.0418,FLAT
12685,BUY,42366.11,10000.0,2.0,GRID
12711,BUY,42053.66,2278.28,0.4557,GRID
12711,BUY,41741.2,1615.06,0.323,GRID
12714,SELL,41022.32,13492.46,8.0955,FLAT
12896,SELL,40398.18,3678.29,0.7357,GRID
12897,SELL,40662.55,4140.65,0.8281,GRID
12898,SELL,40926.93,7181.06,1.4362,GRID
12901,BUY,41588.0,15318.56,9.1911,FLAT
13055,SELL,43409.33,10000.0,2.0,GRID
13065,BUY,43122.48,9933.92,5.9604,FLAT
13109,BUY,42858.98,4644.19,0.9288,GRID
13123,BUY,42549.17,6365.18,1.273,GRID
13125,BUY,42239.37,3990.63,0.7981,GRID
13140,SELL,43478.58,10000.0,2.0,GRID
13195,SELL,43788.39,2418.26,0.4837,GRID
13195,SELL,44098.19,501.36,0.1003,GRID
13196,SELL,44185.96,2467.28,1.4804,FLAT
13449,SELL,52018.48,10000.0,2.0,GRID
13500,SELL,52556.97,2386.3,0.4773,GRID
13504,BUY,50941.5,5006.38,1.0013,GRID
13532,BUY,51385.34,7161.39,4.2968,FLAT
13555,SELL,51985.76,10000.0,2.0,GRID
13562,BUY,51034.22,10000.0,2.0,GRID
13567,SELL,50958.54,182.77,0.1097,FLAT
13609,SELL,51799.58,6340.89,1.2682,GRID
13620,BUY,51612.92,6318.04,3.7908,FLAT
13640,SELL,51210.04,3456.64,0.6913,GRID
13645,SELL,51470.1,4873.15,0.9746,GRID
13646,SELL,51730.15,6670.21,1.334,GRID
13648,BUY,53502.6,15575.73,9.3454,FLAT
13852,SELL,65967.36,6917.29,1.3835,GRID
13854,BUY,66676.46,6991.65,4.195,FLAT
14065,BUY,69488.89,3481.15,0.6962,GRID
14066,BUY,67872.2,5648.76,1.1298,GRID
14068,SELL,67441.1,8991.45,5.3949,FLAT
14242,BUY,64429.65,2237.82,0.4476,GRID
14244,SELL,63058.61,2190.2,1.3141,FLAT
14278,BUY,64530.03,3438.84,0.6878,GRID
14289,SELL,65098.01,3469.11,2.0815,FLAT
14446,BUY,69576.0,5306.81,1.0614,GRID
14452,SELL,70273.82,8523.81,1.7048,GRID
14460,SELL,70622.73,6974.16,1.3948,GRID
14465,SELL,70971.64,4808.84,0.9618,GRID
14467,BUY,70840.0,14984.8,8.9909,FLAT
14485,BUY,68896.88,3990.7,0.7981,GRID
14486,BUY,68239.75,4774.89,0.955,GRID
14487,SELL,68566.16,8769.28,5.2616,FLAT
14569,BUY,67580.19,2746.15,0.5492,GRID
14572,BUY,66554.38,4895.33,0.9791,GRID
14586,SELL,67412.4,7697.77,4.6187,FLAT
14748,BUY,70032.89,5893.88,1.1788,GRID
14749,BUY,69531.53,5118.09,1.0236,GRID
14751,BUY,69030.18,3988.03,0.7976,GRID
14753,SELL,66492.0,14331.63,8.599,FLAT
15141,BUY,63329.06,6450.48,1.2901,GRID
15141,BUY,62927.62,4592.76,0.9186,GRID
15146,BUY,62526.19,3956.75,0.7914,GRID
15147,SELL,62542.0,14892.69,8.9356,FLAT
15175,SELL,62701.57,3986.21,0.7972,GRID
15176,BUY,61688.01,3921.77,2.3531,FLAT
15421,BUY,62462.77,6016.47,1.2033,GRID
15421,BUY,61900.09,4691.94,0.9384,GRID
15421,BUY,61337.42,4291.59,0.8583,GRID
15426,SELL,60716.97,14698.75,8.8193,FLAT
15481,BUY,61067.73,7847.4,1.5695,GRID
15486,SELL,61958.05,5312.44,1.0625,GRID
15486,SELL,62403.22,7223.67,1.4447,GRID
15487,SELL,62848.38,10000.0,2.0,GRID
15490,BUY,62738.0,14562.14,8.7373,FLAT
15534,SELL,62092.68,3388.9,0.6778,GRID
15536,SELL,62870.37,6436.14,1.2872,GRID
15539,SELL,63648.07,5174.96,1.035,GRID
15540,BUY,64145.99,15283.14,9.1699,FLAT
15651,SELL,67072.51,10000.0,2.0,GRID
15663,SELL,67624.62,628.72,0.1257,GRID
15663,SELL,68176.74,500.0,0.1,GRID
15665,BUY,68728.41,11389.91,6.8339,FLAT
15737,BUY,67058.88,7555.88,1.5112,GRID
15740,SELL,67992.77,7661.11,4.5967,FLAT
15798,SELL,69399.18,4670.04,0.934,GRID
15812,BUY,68652.78,3347.04,0.6694,GRID
15812,BUY,68279.59,5963.36,1.1927,GRID
15830,SELL,69772.37,10000.0,2.0,GRID
15830,SELL,70145.57,7461.27,1.4923,GRID
15833,BUY,69985.5,12659.92,7.596,FLAT
15849,SELL,68778.74,4538.1,0.9076,GRID
15858,BUY,68424.29,4514.72,2.7088,FLAT
15906,SELL,69358.09,7284.93,1.457,GRID
15920,BUY,67947.95,10000.0,2.0,GRID
15926,BUY,67242.87,7626.52,1.5253,GRID
15929,SELL,67414.88,10486.74,6.292,FLAT
15971,SELL,68251.75,5612.16,1.1224,GRID
15977,BUY,67618.23,8049.32,1.6099,GRID
15978,BUY,67301.47,6467.99,1.2936,GRID
15985,SELL,68568.51,10000.0,2.0,GRID
15989,SELL,68885.27,9988.67,1.9977,GRID
15992,BUY,69014.88,10899.24,6.5395,FLAT
16217,SELL,69527.75,7446.21,1.4892,GRID
16218,BUY,68128.27,10000.0,2.0,GRID
16218,BUY,67428.54,9202.2,1.8404,GRID
16230,SELL,67724.81,11930.29,7.1582,FLAT
16328,BUY,65778.95,3710.08,0.742,GRID
16332,BUY,65425.5,8566.56,1.7133,GRID
16333,SELL,65472.98,12265.61,7.3594,FLAT
16343,BUY,65692.18,10000.0,2.0,GRID
16344,BUY,64880.04,911.89,0.1824,GRID
16348,SELL,65596.01,10907.31,6.5444,FLAT
16404,SELL,65637.9,4645.7,0.9291,GRID
16407,BUY,64647.4,10000.0,2.0,GRID
16417,SELL,64786.0,5436.04,3.2616,FLAT
16590,BUY,61243.29,8619.37,1.7239,GRID
16599,BUY,60736.15,2466.49,0.4933,GRID
16602,BUY,60229.0,3914.14,0.7828,GRID
16614,SELL,61052.3,15039.46,9.0237,FLAT
16645,SELL,61835.77,9398.78,1.8798,GRID
16651,SELL,62141.84,3904.47,0.7809,GRID
16652,BUY,61940.01,13306.42,7.9839,FLAT
16711,BUY,60427.47,9102.35,1.8205,GRID
16712,SELL,60606.01,9129.24,5.4775,FLAT
16812,BUY,56893.06,3694.68,0.7389,GRID
16820,BUY,56326.13,5421.04,1.0842,GRID
16822,BUY,55759.19,5884.28,1.1769,GRID
16823,SELL,55094.0,14694.39,8.8166,FLAT
16938,BUY,57543.34,7928.74,1.5857,GRID
16952,SELL,58780.3,10000.0,2.0,GRID
16954,BUY,58534.0,1892.86,1.1357,FLAT
17094,BUY,63646.6,6435.53,1.2871,GRID
17100,SELL,64773.43,10000.0,2.0,GRID
17101,SELL,65336.84,4861.71,0.9723,GRID
17103,SELL,65900.26,1516.89,0.3034,GRID
17104,BUY,66755.42,10059.96,6.036,FLAT
17580,BUY,56972.68,4734.48,0.9469,GRID
17581,SELL,58876.56,5376.63,1.0753,GRID
17583,SELL,59828.5,1062.1,0.2124,GRID
17584,BUY,59469.88,1544.56,0.9267,FLAT
17807,SELL,59715.79,6016.7,1.2033,GRID
17809,SELL,60034.46,2216.98,0.4434,GRID
17824,BUY,59527.58,8196.0,4.9176,FLAT
17840,BUY,58052.05,5669.44,1.1339,GRID
17846,SELL,58539.24,5717.02,3.4302,FLAT
17855,SELL,60137.27,4495.44,0.8991,GRID
17856,SELL,60836.04,9150.55,1.8301,GRID
17858,BUY,60619.18,13649.39,8.1896,FLAT
17892,BUY,59077.23,5939.36,1.1879,GRID
17893,SELL,60177.41,5428.45,1.0857,GRID
17897,SELL,60727.5,9815.14,1.963,GRID
17898,SELL,61277.59,5695.76,1.1392,GRID
17900,BUY,61235.97,14956.77,8.9741,FLAT
18033,BUY,62333.29,500.0,0.1,GRID
18038,SELL,61709.13,494.99,0.297,FLAT
18199,BUY,58829.74,7027.37,1.4055,GRID
18204,BUY,58271.47,6258.47,1.2517,GRID
18205,BUY,57713.2,1714.15,0.3428,GRID
18216,SELL,56784.01,14568.28,8.741,FLAT
18349,BUY,55114.98,2949.06,0.5898,GRID
18351,SELL,56258.86,4209.84,0.842,GRID
18354,BUY,57089.54,1217.29,0.7304,FLAT
18516,BUY,58074.27,5831.42,1.1663,GRID
18518,SELL,57881.69,5812.08,3.4872,FLAT
18546,BUY,60164.81,5122.25,1.0244,GRID
18549,SELL,60240.01,5128.65,3.0772,FLAT
18703,SELL,63716.49,10000.0,2.0,GRID
18714,SELL,64308.99,1913.65,0.3827,GRID
18718,BUY,64262.7,11997.99,7.1988,FLAT
18746,SELL,63475.0,9616.48,1.9233,GRID
18753,SELL,64004.0,4058.59,0.8117,GRID
18755,SELL,64532.99,1324.93,0.265,GRID
18759,BUY,65338.0,15383.36,9.23,FLAT
18848,BUY,63899.18,3524.97,0.705,GRID
18849,BUY,63442.37,5542.3,1.1085,GRID
18850,SELL,63819.44,9095.81,5.4575,FLAT
19050,BUY,61918.5,5815.64,1.1631,GRID
19073,SELL,61196.01,5747.78,3.4487,FLAT
19125,BUY,62393.87,5725.89,1.1452,GRID
19127,SELL,62840.0,5766.83,3.4601,FLAT
19367,BUY,66700.42,3927.55,0.7855,GRID
19370,SELL,67390.02,3968.16,2.3809,FLAT
19434,BUY,67779.41,5169.92,1.034,GRID
19436,SELL,68840.17,10000.0,2.0,GRID
19453,BUY,68311.31,4712.69,2.8276,FLAT
19462,BUY,65730.67,10000.0,2.0,GRID
19481,SELL,67042.0,10199.5,6.1197,FLAT
19499,SELL,67438.36,6050.96,1.2102,GRID
19500,SELL,67716.71,5341.38,1.0683,GRID
19504,SELL,67995.07,3607.66,0.7215,GRID
19508,BUY,67930.01,15057.49,9.0345,FLAT
19608,SELL,70258.64,2883.2,0.5766,GRID
19614,BUY,69273.7,2842.78,1.7057,FLAT
19722,SELL,69777.34,7045.53,1.4091,GRID
19727,SELL,70558.69,3147.65,0.6295,GRID
19727,SELL,71340.04,4806.83,0.9614,GRID
19728,BUY,71128.81,15147.66,9.0886,FLAT
20012,BUY,89141.62,5058.56,1.0117,GRID
20016,SELL,90730.38,7661.73,1.5323,GRID
20021,SELL,91524.75,7634.51,1.5269,GRID
20025,BUY,91769.42,10196.71,6.118,FLAT
20030,SELL,91430.33,10000.0,2.0,GRID
20030,SELL,92552.66,4697.41,0.9395,GRID
20033,BUY,90356.8,14468.54,8.6811,FLAT
20179,SELL,96802.76,2899.89,0.58,GRID
20181,SELL,97702.69,6093.32,1.2187,GRID
20192,SELL,98602.61,6006.78,1.2014,GRID
20198,BUY,95002.9,4230.48,0.8461,GRID
20202,BUY,94669.48,10291.68,6.175,FLAT
20258,BUY,95411.25,3210.54,0.6421,GRID
20270,SELL,95007.14,3196.95,1.9182,FLAT
20281,SELL,96499.82,2979.31,0.5959,GRID
20290,SELL,97347.85,5460.29,1.0921,GRID
20293,BUY,98002.01,8522.67,5.1136,FLAT
20365,SELL,95993.32,3957.19,0.7914,GRID
20366,SELL,97014.63,5333.09,1.0666,GRID
20374,BUY,95840.62,9219.44,5.5317,FLAT
20411,BUY,95779.23,7152.45,1.4305,GRID
20415,BUY,95046.47,4561.37,0.9123,GRID
20419,SELL,97244.77,9888.76,1.9778,GRID
20419,SELL,97977.53,10000.0,2.0,GRID
20419,SELL,98710.3,6679.19,1.3358,GRID
20423,BUY,98296.01,14621.62,8.773,FLAT
20584,SELL,100748.78,4854.85,0.971,GRID
20588,BUY,101520.12,4892.02,2.9352,FLAT
20754,BUY,103584.6,2649.6,0.5299,GRID
20755,BUY,102360.21,3466.6,0.6933,GRID
20755,BUY,101135.82,8883.8,1.7768,GRID
20758,SELL,100204.01,14758.65,8.8552,FLAT
20898,BUY,97720.86,5775.14,1.155,GRID
20902,SELL,98663.58,5830.85,3.4985,FLAT
21080,BUY,92900.64,10000.0,2.0,GRID
21096,SELL,95433.12,10000.0,2.0,GRID
21102,SELL,95822.0,273.71,0.1642,FLAT
21344,BUY,94103.55,7328.99,1.4658,GRID
21350,SELL,95056.45,9288.82,1.8578,GRID
21359,SELL,95532.91,8037.98,1.6076,GRID
21365,BUY,93627.09,10000.0,2.0,GRID
21367,BUY,93150.64,7625.53,1.5251,GRID
21372,SELL,91131.41,7718.28,4.631,FLAT
21392,BUY,96160.81,1656.7,0.3313,GRID
21396,SELL,96336.0,1659.72,0.9958,FLAT
21601,BUY,102584.51,5299.43,1.0599,GRID
21604,SELL,102532.52,5296.75,3.178,FLAT
21640,SELL,106611.33,10000.0,2.0,GRID
21642,BUY,105760.94,9920.23,5.9521,FLAT
21665,SELL,105240.16,9187.39,1.8375,GRID
21694,BUY,104069.64,7900.05,1.58,GRID
21694,BUY,103484.37,8719.86,1.744,GRID
21694,BUY,102899.11,7567.48,1.5135,GRID
21698,SELL,101395.64,14846.07,8.9076,FLAT
21906,SELL,100711.13,2870.39,0.5741,GRID
21907,BUY,97983.25,6323.52,1.2647,GRID
21908,BUY,96619.31,6783.58,1.3567,GRID
21912,SELL,97849.82,10396.05,6.2376,FLAT
21951,BUY,96475.74,10000.0,2.0,GRID
21953,SELL,96316.84,9983.53,5.9901,FLAT
21972,SELL,98674.09,7223.99,1.4448,GRID
21973,SELL,100009.99,2655.67,0.5311,GRID
21979,BUY,96002.31,4966.66,0.9933,GRID
21981,BUY,96062.76,4613.88,2.7683,FLAT
22073,BUY,95427.2,6433.45,1.2867,GRID
22084,SELL,95886.54,6464.42,3.8787,FLAT
22109,BUY,96415.57,7969.77,1.594,GRID
22154,SELL,97653.19,8072.07,4.8432,FLAT
22197,BUY,96667.4,6076.8,1.2154,GRID
22198,BUY,96276.34,4798.05,0.9596,GRID
22204,SELL,96242.66,10846.46,6.5079,FLAT
22274,SELL,97307.54,6379.22,1.2758,GRID
22283,BUY,97428.36,6387.14,3.8323,FLAT
22349,BUY,96169.23,6118.4,1.2237,GRID
22355,BUY,95760.46,5176.4,1.0353,GRID
22360,SELL,95656.78,11256.59,6.754,FLAT
22509,SELL,86206.89,3656.89,0.7314,GRID
22515,BUY,85752.8,3637.63,2.1826,FLAT
22632,BUY,85872.82,7184.96,1.437,GRID
22636,SELL,88221.21,7381.45,4.4289,FLAT
22764,SELL,83892.09,5680.19,1.136,GRID
22766,BUY,81480.45,7417.14,1.4834,GRID
22782,SELL,83151.99,1939.22,1.1635,FLAT
22812,SELL,83571.74,5255.89,1.0512,GRID
22814,SELL,84916.51,4233.51,0.8467,GRID
22816,BUY,84365.18,9511.81,5.7071,FLAT
22863,SELL,84344.88,6716.85,1.3434,GRID
22863,SELL,85055.22,3452.98,0.6906,GRID
22866,BUY,82924.18,9284.8,1.857,GRID
22869,BUY,82213.84,7139.42,1.4279,GRID
22878,SELL,83567.87,6566.32,3.9398,FLAT
22885,BUY,82559.21,6711.9,1.3424,GRID
22888,SELL,84129.47,8482.07,1.6964,GRID
22892,BUY,84077.8,1641.5,0.9849,FLAT
22902,SELL,83216.3,7814.47,1.5629,GRID
22908,BUY,81683.72,9465.38,1.8931,GRID
22910,SELL,81610.21,1793.21,1.0759,FLAT
22937,BUY,83679.64,5091.16,1.0182,GRID
22937,SELL,84957.54,2587.26,0.5175,GRID
22937,SELL,85596.49,6126.13,1.2252,GRID
22939,BUY,85353.99,3515.07,2.109,FLAT
22979,BUY,83410.4,6108.59,1.2217,GRID
23026,SELL,84682.64,8564.07,1.7128,GRID
23031,SELL,85318.75,5292.7,1.0585,GRID
23038,SELL,85954.87,7251.82,1.4504,GRID
23043,BUY,86841.83,15136.37,9.0818,FLAT
23125,BUY,86711.79,5881.59,1.1763,GRID
23139,BUY,86126.24,4468.56,0.8937,GRID
23142,BUY,85540.7,4649.85,0.93,GRID
23143,SELL,85213.87,14833.29,8.9,FLAT
23244,BUY,83554.14,5659.72,1.1319,GRID
23245,BUY,82932.29,5063.26,1.0127,GRID
23246,SELL,84797.84,7893.46,1.5787,GRID
23246,SELL,85419.69,9493.94,1.8988,GRID
23249,BUY,85126.68,6421.96,3.8532,FLAT
23293,BUY,81486.5,10000.0,2.0,GRID
23295,SELL,81830.56,10042.22,6.0253,FLAT
23340,BUY,82552.55,10000.0,2.0,GRID
23346,SELL,82860.0,10037.24,6.0223,FLAT
23594,SELL,83938.61,4978.27,0.9957,GRID
23601,BUY,83937.02,4978.17,2.9869,FLAT
23629,BUY,83736.59,4916.57,0.9833,GRID
23632,SELL,85154.49,10000.0,2.0,GRID
23641,BUY,84888.0,4984.53,2.9907,FLAT
23667,SELL,85248.99,9871.79,1.9744,GRID
23685,BUY,85259.86,9873.05,5.9238,FLAT
23707,SELL,84689.09,6114.89,1.223,GRID
23707,SELL,85012.61,5208.55,1.0417,GRID
23711,SELL,85336.14,3676.56,0.7353,GRID
23714,BUY,87205.56,15396.6,9.238,FLAT
23879,BUY,93462.9,6669.05,1.3338,GRID
23880,BUY,92872.2,6835.66,1.3671,GRID
23885,SELL,94644.3,10000.0,2.0,GRID
23890,SELL,95235.0,10000.0,2.0,GRID
23892,BUY,93965.7,6173.95,3.7044,FLAT
23902,SELL,95110.18,10000.0,2.0,GRID
23911,BUY,95030.0,9991.57,5.9949,FLAT
23940,BUY,93770.91,7268.79,1.4538,GRID
23941,BUY,92995.04,6645.75,1.3291,GRID
23960,SELL,95322.66,10000.0,2.0,GRID
23961,SELL,96098.54,549.41,0.1099,GRID
23965,SELL,96827.99,3713.93,2.2284,FLAT
24025,SELL,96210.23,4422.37,0.8845,GRID
24031,BUY,95502.61,3700.62,0.7401,GRID
24045,BUY,95148.8,7062.35,1.4125,GRID
24045,BUY,94794.99,8659.4,1.7319,GRID
24050,SELL,94031.47,14890.46,8.9343,FLAT
24098,BUY,96276.47,2653.54,0.5307,GRID
24104,SELL,96978.4,2672.89,1.6037,FLAT
24270,BUY,103432.79,7636.51,1.5273,GRID
24292,BUY,102511.39,5593.58,1.1187,GRID
24296,BUY,101589.99,1769.91,0.354,GRID
24297,SELL,101804.74,14844.98,8.907,FLAT
24344,BUY,102851.43,9267.49,1.8535,GRID
24367,SELL,104000.69,10000.0,2.0,GRID
24372,SELL,104575.32,7588.32,1.5177,GRID
24373,SELL,105149.94,939.94,0.188,GRID
24376,BUY,104836.67,9178.44,5.5071,FLAT
24513,SELL,109188.54,7942.49,1.5885,GRID
24536,BUY,107131.67,7792.87,4.6757,FLAT
24576,BUY,108760.81,6162.22,1.2324,GRID
24576,BUY,107809.06,3232.45,0.6465,GRID
24588,SELL,110664.31,10000.0,2.0,GRID
24591,BUY,110217.39,410.2,0.2461,FLAT
24609,BUY,108338.77,5372.08,1.0744,GRID
24613,BUY,107637.09,3848.26,0.7697,GRID
24618,SELL,106946.01,9126.57,5.4759,FLAT
24757,SELL,106592.0,4819.89,0.964,GRID
24760,BUY,105943.98,4790.59,2.8744,FLAT
24803,SELL,105598.29,6299.31,1.2599,GRID
24804,BUY,104304.79,10000.0,2.0,GRID
24807,BUY,103658.05,6356.79,1.2714,GRID
24809,BUY,103011.3,3596.09,0.7192,GRID
24810,SELL,101914.77,13498.98,8.0994,FLAT
24845,SELL,105266.29,7041.03,1.4082,GRID
24861,BUY,105820.51,7078.1,4.2469,FLAT
24973,SELL,107609.05,5127.56,1.0255,GRID
24976,SELL,108317.15,4266.61,0.8533,GRID
24979,BUY,106192.85,4025.3,0.8051,GRID
24980,BUY,105894.31,5203.05,3.1218,FLAT
25069,SELL,107723.87,5666.17,1.1332,GRID
25070,BUY,107424.96,5650.45,3.3903,FLAT
25098,SELL,104641.38,5639.02,1.1278,GRID
25102,BUY,104551.17,5634.16,3.3805,FLAT
25165,BUY,105078.85,6515.64,1.3031,GRID
25165,BUY,104483.71,5390.76,1.0782,GRID
25165,BUY,103888.56,3093.6,0.6187,GRID
25169,SELL,103165.45,14791.81,8.8751,FLAT
25375,SELL,107538.03,7558.49,1.5117,GRID
25376,SELL,107811.9,5060.44,1.0121,GRID
25377,SELL,108085.78,2381.06,0.4762,GRID
25405,BUY,106990.27,10000.0,2.0,GRID
25422,BUY,106716.4,9671.76,1.9344,GRID
25425,BUY,106442.52,7260.13,1.452,GRID
25432,SELL,106253.79,12012.02,7.2072,FLAT
25455,SELL,109381.85,10000.0,2.0,GRID
25459,BUY,109136.3,9977.55,5.9865,FLAT
25509,SELL,108048.57,6381.38,1.2763,GRID
25548,SELL,108627.91,3353.9,0.6708,GRID
25556,SELL,109207.25,5264.72,1.0529,GRID
25627,BUY,110714.97,15294.6,9.1768,FLAT
25800,BUY,118387.58,4054.32,0.8109,GRID
25811,BUY,117483.26,6634.42,1.3269,GRID
25820,SELL,120196.24,9525.66,1.9051,GRID
25828,SELL,120589.95,1382.74,0.8296,FLAT
25837,BUY,117520.53,10000.0,2.0,GRID
25920,SELL,117750.01,10019.53,6.0117,FLAT
25932,BUY,118184.85,8275.06,1.655,GRID
25942,SELL,119954.42,8398.96,5.0394,FLAT
25959,BUY,117772.3,8516.42,1.7033,GRID
25982,SELL,119362.48,10000.0,2.0,GRID
25993,BUY,116977.21,10000.0,2.0,GRID
25994,BUY,116182.11,5252.08,1.0504,GRID
25997,SELL,115284.25,13744.94,8.247,FLAT
26053,SELL,118491.16,6511.92,1.3024,GRID
26055,SELL,118901.14,5039.74,1.0079,GRID
26055,SELL,119311.12,3448.33,0.6897,GRID
26059,BUY,118754.13,14992.12,8.9953,FLAT
26093,SELL,118885.5,9310.86,1.8622,GRID
26102,BUY,117328.29,10000.0,2.0,GRID
26129,BUY,116549.69,6510.38,1.3021,GRID
26158,BUY,115771.08,4246.23,0.8492,GRID
26160,SELL,115331.86,11469.76,6.8819,FLAT
26258,BUY,114574.43,5862.32,1.1725,GRID
26262,BUY,113955.45,5134.63,1.0269,GRID
26269,BUY,113336.47,4003.05,0.8006,GRID
26301,SELL,115106.67,15141.63,9.085,FLAT
26730,BUY,114174.57,3881.78,0.7764,GRID
26730,BUY,113722.17,5456.76,1.0914,GRID
26730,BUY,113269.77,5661.46,1.1323,GRID
26737,SELL,113412.36,14966.35,8.9798,FLAT
26826,BUY,112169.98,6198.2,1.2396,GRID
26831,SELL,112200.94,6199.91,3.7199,FLAT
26838,BUY,110549.36,5073.81,1.0148,GRID
26839,BUY,109819.28,7831.55,1.5663,GRID
26844,BUY,109089.19,2094.64,0.4189,GRID
26846,SELL,108386.23,14785.03,8.871,FLAT
26996,SELL,110530.61,4275.52,0.8551,GRID
26997,SELL,111261.23,6281.72,1.2563,GRID
27006,BUY,112954.32,10746.58,6.448,FLAT
27039,BUY,110074.02,5582.79,1.1166,GRID
27047,SELL,110356.75,5597.13,3.3583,FLAT
27064,BUY,110938.11,5391.48,1.0783,GRID
27079,SELL,111721.87,6962.84,1.3926,GRID
27081,SELL,112113.75,6218.97,1.2438,GRID
27085,SELL,112505.63,7209.67,1.4419,GRID
27087,BUY,112398.0,14980.06,8.988,FLAT
27126,SELL,112294.66,8102.77,1.6206,GRID
27131,SELL,113033.16,6299.38,1.2599,GRID
27132,SELL,113771.66,597.85,0.1196,GRID
27134,BUY,113853.99,15158.69,9.0952,FLAT
27268,SELL,115650.46,10000.0,2.0,GRID
27280,SELL,116432.34,4005.01,0.801,GRID
27293,SELL,117214.21,500.0,0.1,GRID
27295,BUY,116860.0,14622.79,8.7737,FLAT
27310,SELL,116884.82,10000.0,2.0,GRID
27314,SELL,117731.25,702.08,0.1404,GRID
27322,BUY,117063.4,10713.38,6.428,FLAT
27366,SELL,115957.48,7225.16,1.445,GRID
27407,BUY,114857.5,9262.35,1.8525,GRID
27407,BUY,114307.5,6235.8,1.2472,GRID
27409,SELL,114187.81,8322.73,4.9936,FLAT
27578,BUY,111614.36,8941.39,1.7883,GRID
27582,SELL,111865.95,8961.54,5.3769,FLAT
27817,BUY,121990.81,8960.28,1.7921,GRID
27823,SELL,121261.62,8906.72,5.344,FLAT
27828,SELL,123303.97,5418.36,1.0837,GRID
27829,BUY,121527.51,9164.13,1.8328,GRID
27831,BUY,120639.27,5337.29,1.0675,GRID
27831,BUY,119751.04,5916.94,1.1834,GRID
27832,SELL,120974.0,15135.88,9.0815,FLAT
27936,BUY,114460.01,4572.99,0.9146,GRID
27939,BUY,113206.64,6276.45,1.2553,GRID
27941,SELL,111987.38,10683.05,6.4098,FLAT
27972,BUY,110883.67,10000.0,2.0,GRID
27974,SELL,110798.01,9992.27,5.9954,FLAT
28079,BUY,107868.66,3057.72,0.6115,GRID
28082,SELL,109948.2,1588.82,0.3178,GRID
28084,SELL,110987.96,8902.52,1.7805,GRID
28085,BUY,111298.55,7380.82,4.4285,FLAT
28138,BUY,106961.71,8625.7,1.7251,GRID
28146,SELL,107870.35,8698.98,5.2194,FLAT
28167,SELL,110495.12,4169.36,0.8339,GRID
28176,BUY,110585.08,4172.75,2.5037,FLAT
28395,BUY,110271.82,5910.89,1.1822,GRID
28402,SELL,111068.72,9836.08,1.9672,GRID
28407,BUY,109873.37,10000.0,2.0,GRID
28413,BUY,109474.93,8912.06,1.7824,GRID
28424,SELL,107197.94,14736.02,8.8416,FLAT
28572,SELL,102874.67,4339.03,0.8678,GRID
28573,SELL,103684.2,6765.26,1.3531,GRID
28577,SELL,104493.72,3895.71,0.7791,GRID
28582,BUY,104722.96,15154.28,9.0926,FLAT
28645,BUY,104239.09,5136.43,1.0273,GRID
28646,BUY,103438.19,5794.32,1.1589,GRID
28646,BUY,102637.29,4069.24,0.8138,GRID
28650,SELL,101297.31,14681.99,8.8092,FLAT
28928,BUY,86388.74,4523.48,0.9047,GRID
28937,SELL,88647.7,736.33,0.1473,GRID
28939,SELL,89089.06,3924.87,2.3549,FLAT
29276,SELL,91069.79,7135.47,1.4271,GRID
29294,SELL,92015.1,4398.41,0.8797,GRID
29295,SELL,92960.41,3466.12,0.6932,GRID
29296,BUY,93917.99,15349.83,9.2099,FLAT
29534,SELL,89208.22,4021.19,0.8042,GRID
29536,BUY,87189.18,10000.0,2.0,GRID
29540,SELL,87839.4,6115.09,3.6691,FLAT
29629,BUY,86741.24,7868.44,1.5737,GRID
29630,SELL,87443.45,7932.14,4.7593,FLAT
29683,BUY,87736.48,5145.03,1.029,GRID
29685,BUY,87333.88,5089.5,1.0179,GRID
29687,BUY,86931.27,4765.47,0.9531,GRID
29689,SELL,88541.68,10000.0,2.0,GRID
29689,SELL,88944.28,7393.83,1.4788,GRID
29689,SELL,89346.89,8193.58,1.6387,GRID
29764,BUY,89984.0,10441.58,6.2649,FLAT
29786,BUY,86896.24,9975.37,1.9951,GRID
29789,SELL,87443.17,10038.15,6.0229,FLAT
29799,SELL,89392.7,8589.28,1.7179,GRID
29802,BUY,88092.56,8998.83,1.7998,GRID
29817,SELL,88847.26,539.05,0.3234,FLAT
29848,SELL,88239.24,8263.16,1.6526,GRID
29854,SELL,88816.48,4486.44,0.8973,GRID
29864,SELL,89393.71,2250.4,0.4501,GRID
29868,BUY,89348.68,15129.64,9.0778,FLAT
29990,BUY,91298.01,4467.68,0.8935,GRID
29999,SELL,91394.71,4472.41,2.6834,FLAT
30085,SELL,91058.48,5044.87,1.009,GRID
30087,SELL,91267.51,5525.98,1.1052,GRID
30091,BUY,90640.42,8062.22,1.6124,GRID
30091,BUY,90431.39,8526.81,1.7054,GRID
30096,SELL,91476.54,10000.0,2.0,GRID
30102,BUY,91408.09,3841.83,2.3051,FLAT
30128,SELL,92400.48,6333.21,1.2666,GRID
30130,BUY,92000.74,6305.81,3.7835,FLAT
30230,SELL,95580.13,6517.79,1.3036,GRID
30237,BUY,95067.59,9599.72,1.9199,GRID
30259,SELL,95304.01,3124.64,1.8748,FLAT
30397,BUY,89323.87,5982.12,1.1964,GRID
30410,BUY,89052.34,5275.1,1.055,GRID
30413,BUY,88780.81,3742.78,0.7486,GRID
30425,SELL,87420.01,14718.44,8.8311,FLAT
30517,BUY,87134.49,7026.68,1.4053,GRID
30518,BUY,86376.98,7971.25,1.5943,GRID
30518,BUY,85619.46,500.0,0.1,GRID
30519,SELL,85270.0,15243.38,9.146,FLAT
30759,BUY,70332.73,4347.59,0.8695,GRID
30762,SELL,71422.97,4414.98,2.649,FLAT
30947,SELL,69451.17,5269.13,1.0538,GRID
30950,BUY,68074.53,7445.29,1.4891,GRID
30950,BUY,67386.2,8178.77,1.6358,GRID
30974,SELL,67392.05,10437.22,6.2623,FLAT
31042,SELL,67806.58,3869.11,0.7738,GRID
31044,BUY,66830.24,5340.11,1.068,GRID
31044,BUY,66342.08,8617.95,1.7236,GRID
31064,SELL,68294.74,10000.0,2.0,GRID
31067,SELL,68203.42,431.19,0.2587,FLAT
31103,BUY,67061.54,6286.33,1.2573,GRID
31104,BUY,66694.76,4777.37,0.9555,GRID
31104,BUY,66327.98,3936.3,0.7873,GRID
31106,SELL,64934.17,14591.75,8.7551,FLAT
31229,BUY,64845.34,7125.16,1.425,GRID
31229,BUY,63987.5,3716.3,0.7433,GRID
31229,BUY,63129.65,4158.55,0.8317,GRID
31230,SELL,63826.0,14924.49,8.9547,FLAT
31248,BUY,66153.63,8490.18,1.698,GRID
31249,SELL,67620.65,8678.46,5.2071,FLAT
31465,SELL,69437.84,6051.2,1.2102,GRID
31465,SELL,70443.52,1697.71,0.3395,GRID
31467,BUY,70072.94,7795.33,4.6772,FLAT
31585,SELL,71317.73,7746.56,1.5493,GRID
31588,SELL,71788.11,4478.5,0.8957,GRID
31590,BUY,71453.59,12218.95,7.3314,FLAT
31862,BUY,69060.66,7485.25,1.497,GRID
31864,BUY,68474.74,4732.42,0.9465,GRID
31867,SELL,69005.21,12248.32,7.349,FLAT
31960,BUY,67058.54,3251.62,0.6503,GRID
31962,BUY,66317.54,10000.0,2.0,GRID
31984,SELL,68540.54,6982.4,1.3965,GRID
31987,SELL,68265.53,6649.5,3.9897,FLAT
32027,BUY,66159.8,10000.0,2.0,GRID
32028,SELL,66270.87,10016.79,6.0101,FLAT
32078,SELL,67279.52,4077.98,0.8156,GRID
32078,SELL,67461.18,4990.28,0.9981,GRID
32092,BUY,66916.22,7435.14,1.487,GRID
32093,BUY,66734.56,8763.44,1.7527,GRID
32102,SELL,67642.83,10000.0,2.0,GRID
32113,BUY,69207.99,2767.72,1.6606,FLAT
32268,BUY,70934.61,7716.16,1.5432,GRID
32271,SELL,70936.27,7716.34,4.6298,FLAT
32301,SELL,74012.55,10000.0,2.0,GRID
32302,SELL,74845.39,500.0,0.1,GRID
32304,BUY,74386.02,10547.39,6.3284,FLAT
32435,SELL,75655.42,8570.35,1.7141,GRID
32436,SELL,76058.49,4692.01,0.9384,GRID
32440,BUY,74849.26,9800.49,1.9601,GRID
32443,BUY,74446.19,10000.0,2.0,GRID
32445,BUY,74043.11,7628.06,1.5256,GRID
32446,SELL,73801.79,14266.82,8.5601,FLAT
32494,SELL,76297.17,7041.54,1.4083,GRID
32497,SELL,77048.72,3396.92,0.6794,GRID
32500,BUY,77994.93,10636.86,6.3821,FLAT
32582,BUY,77310.78,9090.26,1.8181,GRID
32595,SELL,77803.5,10000.0,2.0,GRID
32596,SELL,78049.87,8513.02,1.7026,GRID
32609,SELL,78296.23,5258.67,1.0517,GRID
32618,BUY,79105.49,14807.24,8.8843,FLAT
32638,SELL,77269.59,4038.2,0.8076,GRID
32640,BUY,77084.68,4028.54,2.4171,FLAT
32723,SELL,77750.76,8725.23,1.745,GRID
32724,SELL,78232.96,4764.39,0.9529,GRID
32724,SELL,78715.17,1510.38,0.3021,GRID
32726,BUY,78445.89,15085.81,9.0515,FLAT
32881,BUY,79530.19,1343.26,0.2687,GRID
32884,SELL,79600.01,1344.43,0.8067,FLAT
32942,SELL,81124.25,5434.23,1.0868,GRID
32943,SELL,81443.0,6356.71,1.2713,GRID
32947,BUY,80486.75,6543.13,1.3086,GRID
32949,SELL,81761.74,9752.2,1.9504,GRID
32951,BUY,81471.13,14910.74,8.9464,FLAT
32992,SELL,80475.82,4516.96,0.9034,GRID
33000,SELL,80951.62,5294.09,1.0588,GRID
33013,BUY,79524.2,7058.68,1.4117,GRID
33014,BUY,79048.4,6847.16,1.3694,GRID
33016,SELL,79514.97,4282.26,2.5694,FLAT
33052,BUY,80643.94,5897.96,1.1796,GRID
33059,SELL,80385.11,5879.03,3.5274,FLAT
33182,SELL,77651.52,3465.56,0.6931,GRID
33192,SELL,78098.43,6573.03,1.3146,GRID
33204,BUY,76757.7,10000.0,2.0,GRID
33233,BUY,76310.79,8525.5,1.7051,GRID
33234,BUY,75863.88,610.25,0.122,GRID
33239,SELL,75352.64,9136.64,5.482,FLAT
33277,BUY,76627.3,9508.2,1.9016,GRID
33301,SELL,77714.0,9643.04,5.7858,FLAT
33321,SELL,77166.93,6637.73,1.3275,GRID
33321,SELL,77603.01,4721.35,0.9443,GRID
33325,SELL,78039.1,3640.92,0.7282,GRID
33326,BUY,76294.75,10000.0,2.0,GRID
33328,BUY,75858.66,6417.38,1.2835,GRID
33339,BUY,75422.58,8204.85,1.641,GRID
33348,SELL,75073.4,9830.08,5.898,FLAT
33445,BUY,73605.98,5603.72,1.1207,GRID
33454,SELL,74136.5,7947.11,1.5894,GRID
33456,BUY,73340.72,10000.0,2.0,GRID
33461,BUY,73075.46,6999.69,1.3999,GRID
33468,SELL,71711.89,14419.3,8.6516,FLAT
33673,BUY,61410.51,7040.06,1.408,GRID
33680,SELL,61334.94,7031.4,4.2188,FLAT
33712,SELL,63509.49,10000.0,2.0,GRID
33714,BUY,63605.68,10015.15,6.0091,FLAT
33854,SELL,65516.91,4304.68,0.8609,GRID
33855,SELL,65992.94,6147.04,1.2294,GRID
33858,BUY,64564.85,2978.3,0.5957,GRID
33858,BUY,64088.82,7350.62,1.4701,GRID
33864,SELL,64548.74,127.34,0.0764,FLAT
33955,BUY,63849.05,5174.89,1.035,GRID
33958,BUY,63404.1,5136.26,1.0273,GRID
33960,SELL,64738.95,4919.89,0.984,GRID
33971,SELL,65183.9,5275.38,1.0551,GRID
33973,SELL,64980.39,333.39,0.2,FLAT
34125,BUY,58993.51,2449.93,0.49,GRID
34125,SELL,59898.39,6318.7,1.2637,GRID
34127,BUY,59667.01,3816.39,2.2898,FLAT
34154,BUY,59600.55,10000.0,2.0,GRID
34163,BUY,58787.12,565.36,0.1131,GRID
34166,SELL,58381.99,10357.01,6.2142,FLAT
34197,SELL,61224.29,4610.55,0.9221,GRID
34199,BUY,59731.73,10000.0,2.0,GRID
34204,SELL,60504.54,5573.04,3.3438,FLAT
34351,BUY,61997.68,4931.67,0.9863,GRID
34358,SELL,61704.01,4908.31,2.945,FLAT
34392,SELL,63860.52,10000.0,2.0,GRID
34397,BUY,63854.71,9999.09,5.9995,FLAT
34471,SELL,63266.75,3935.35,0.7871,GRID
34476,BUY,62318.0,3876.34,2.3258,FLAT
34563,BUY,63349.33,3970.37,0.7941,GRID
34564,BUY,62868.46,7056.84,1.4114,GRID
34571,SELL,63099.75,11037.54,6.6225,FLAT
34601,SELL,64667.47,10000.0,2.0,GRID
34639,BUY,63552.53,7395.63,1.4791,GRID
34646,SELL,65224.93,10000.0,2.0,GRID
34649,BUY,65240.01,12498.84,7.4993,FLAT
34730,SELL,65328.35,4209.96,0.842,GRID
34734,SELL,65746.7,5524.25,1.1048,GRID
34740,BUY,64491.63,7178.96,1.4358,GRID
34740,BUY,64073.28,10000.0,2.0,GRID
34742,SELL,64093.85,7622.11,4.5733,FLAT
34799,BUY,65130.62,3519.01,0.7038,GRID
34805,SELL,65669.36,6514.51,1.3029,GRID
34811,BUY,64861.25,8441.47,1.6883,GRID
34813,BUY,64591.88,9554.03,1.9108,GRID
34817,SELL,64878.0,15109.36,9.0656,FLAT
34862,BUY,64036.71,9403.02,1.8806,GRID
34866,BUY,63565.88,2750.2,0.55,GRID
34883,SELL,64978.37,10000.0,2.0,GRID
34909,BUY,63095.05,10000.0,2.0,GRID
34911,SELL,62870.88,12240.77,7.3445,FLAT
34967,BUY,63260.09,6870.37,1.3741,GRID
34970,BUY,62950.18,5424.68,1.0849,GRID
34973,BUY,62640.27,2704.95,0.541,GRID
34974,SELL,62621.1,14901.42,8.9408,FLAT
34991,BUY,63340.14,8192.04,1.6384,GRID
35003,SELL,63906.41,8265.28,4.9592,FLAT
