entry_i,exit_i,entry_dt,exit_dt,side,entry_px,exit_px,pnl_usd,equity,bars
6,7,2024-08-02 00:00:00+00:00,2024-08-02 04:00:00+00:00,S,3168.0,3126.2979,121.64,10121.64,1
7,8,2024-08-02 04:00:00+00:00,2024-08-02 08:00:00+00:00,L,3146.3,3164.5404,48.56,10170.19,1
30,31,2024-08-06 00:00:00+00:00,2024-08-06 04:00:00+00:00,S,2491.1,2480.5234,33.01,10203.2,1
47,48,2024-08-08 20:00:00+00:00,2024-08-09 00:00:00+00:00,L,2680.9,2698.6839,57.48,10260.68,1
48,49,2024-08-09 00:00:00+00:00,2024-08-09 04:00:00+00:00,S,2692.9,2648.4558,159.08,10419.77,1
66,67,2024-08-12 00:00:00+00:00,2024-08-12 04:00:00+00:00,L,2540.5,2581.8518,159.18,10578.95,1
69,70,2024-08-12 12:00:00+00:00,2024-08-12 16:00:00+00:00,S,2690.9,2628.4073,235.1,10814.05,1
70,71,2024-08-12 16:00:00+00:00,2024-08-12 20:00:00+00:00,L,2660.7,2749.1685,348.75,11162.81,1
78,79,2024-08-14 00:00:00+00:00,2024-08-14 04:00:00+00:00,S,2709.7,2709.4121,-9.98,11152.83,1
84,85,2024-08-15 00:00:00+00:00,2024-08-15 04:00:00+00:00,L,2651.7,2654.7018,1.47,11154.3,1
104,105,2024-08-18 08:00:00+00:00,2024-08-18 12:00:00+00:00,S,2647.0,2642.1909,9.11,11163.41,1
106,107,2024-08-18 16:00:00+00:00,2024-08-18 20:00:00+00:00,L,2666.7,2668.998,-1.54,11161.87,1
107,108,2024-08-18 20:00:00+00:00,2024-08-19 00:00:00+00:00,S,2610.9,2603.3008,21.33,11183.2,1
109,110,2024-08-19 04:00:00+00:00,2024-08-19 08:00:00+00:00,L,2612.7,2621.6932,27.31,11210.51,1
114,115,2024-08-20 00:00:00+00:00,2024-08-20 04:00:00+00:00,S,2661.4,2657.914,3.47,11213.98,1
120,121,2024-08-21 00:00:00+00:00,2024-08-21 04:00:00+00:00,L,2589.2,2604.2925,54.15,11268.13,1
123,124,2024-08-21 12:00:00+00:00,2024-08-21 16:00:00+00:00,S,2601.1,2592.5659,25.7,11293.84,1
125,126,2024-08-21 20:00:00+00:00,2024-08-22 00:00:00+00:00,L,2629.8,2638.3269,25.33,11319.16,1
132,133,2024-08-23 00:00:00+00:00,2024-08-23 04:00:00+00:00,S,2636.8,2636.2627,-9.01,11310.15,1
137,138,2024-08-23 20:00:00+00:00,2024-08-24 00:00:00+00:00,L,2762.1,2769.4743,18.89,11329.03,1
138,139,2024-08-24 00:00:00+00:00,2024-08-24 04:00:00+00:00,S,2746.9,2740.2987,15.9,11344.93,1
143,144,2024-08-24 20:00:00+00:00,2024-08-25 00:00:00+00:00,L,2769.4,2782.1091,40.72,11385.65,1
154,155,2024-08-26 16:00:00+00:00,2024-08-26 20:00:00+00:00,S,2679.3,2665.6917,46.44,11432.09,1
156,157,2024-08-27 00:00:00+00:00,2024-08-27 04:00:00+00:00,L,2683.7,2697.9454,49.25,11481.34,1
168,169,2024-08-29 00:00:00+00:00,2024-08-29 04:00:00+00:00,S,2521.3,2519.0357,-1.17,11480.17,1
174,175,2024-08-30 00:00:00+00:00,2024-08-30 04:00:00+00:00,L,2517.3,2532.0758,55.9,11536.08,1
180,181,2024-08-31 00:00:00+00:00,2024-08-31 04:00:00+00:00,S,2522.1,2517.7888,8.18,11544.26,1
186,187,2024-09-01 00:00:00+00:00,2024-09-01 04:00:00+00:00,L,2487.6,2488.761,-6.16,11538.1,1
194,195,2024-09-02 08:00:00+00:00,2024-09-02 12:00:00+00:00,S,2515.1,2491.7777,95.45,11633.56,1
196,197,2024-09-02 16:00:00+00:00,2024-09-02 20:00:00+00:00,L,2523.8,2563.7626,172.58,11806.13,1
198,199,2024-09-03 00:00:00+00:00,2024-09-03 04:00:00+00:00,S,2514.3,2511.9782,-0.9,11805.23,1
201,202,2024-09-03 12:00:00+00:00,2024-09-03 16:00:00+00:00,L,2442.4,2466.107,102.78,11908.01,1
203,204,2024-09-03 20:00:00+00:00,2024-09-04 00:00:00+00:00,S,2423.9,2311.0475,542.51,12450.52,1
204,205,2024-09-04 00:00:00+00:00,2024-09-04 04:00:00+00:00,L,2371.5,2411.7547,198.89,12649.41,1
214,215,2024-09-05 16:00:00+00:00,2024-09-05 20:00:00+00:00,S,2361.8,2349.2542,54.54,12703.95,1
217,218,2024-09-06 04:00:00+00:00,2024-09-06 08:00:00+00:00,L,2343.4,2378.0158,174.95,12878.91,1
228,229,2024-09-08 00:00:00+00:00,2024-09-08 04:00:00+00:00,S,2285.7,2284.8245,-7.95,12870.96,1
233,234,2024-09-08 20:00:00+00:00,2024-09-09 00:00:00+00:00,L,2295.8,2319.0917,117.71,12988.67,1
234,235,2024-09-09 00:00:00+00:00,2024-09-09 04:00:00+00:00,S,2303.3,2283.1901,100.41,13089.08,1
239,240,2024-09-09 20:00:00+00:00,2024-09-10 00:00:00+00:00,L,2358.7,2341.5,-108.54,12980.38,1
240,241,2024-09-10 00:00:00+00:00,2024-09-10 04:00:00+00:00,S,2341.5,2331.8664,40.42,13020.81,1
244,245,2024-09-10 16:00:00+00:00,2024-09-10 20:00:00+00:00,L,2381.1,2397.1388,74.69,13095.49,1
252,253,2024-09-12 00:00:00+00:00,2024-09-12 04:00:00+00:00,S,2368.5,2353.2454,71.25,13166.74,1
257,258,2024-09-12 20:00:00+00:00,2024-09-13 00:00:00+00:00,L,2361.9,2362.9209,-7.48,13159.27,1
258,259,2024-09-13 00:00:00+00:00,2024-09-13 04:00:00+00:00,S,2355.1,2336.9552,88.23,13247.49,1
263,264,2024-09-13 20:00:00+00:00,2024-09-14 00:00:00+00:00,L,2438.4,2439.5271,-7.12,13240.37,1
264,265,2024-09-14 00:00:00+00:00,2024-09-14 04:00:00+00:00,S,2432.2,2414.0461,85.59,13325.95,1
274,285,2024-09-15 16:00:00+00:00,2024-09-17 12:00:00+00:00,L,2370.9,2392.4052,107.53,13431.82,11
285,286,2024-09-17 12:00:00+00:00,2024-09-17 16:00:00+00:00,S,2383.9,2328.7266,297.44,13729.26,1
288,289,2024-09-18 00:00:00+00:00,2024-09-18 04:00:00+00:00,L,2334.0,2334.3228,-11.83,13717.43,1
291,292,2024-09-18 12:00:00+00:00,2024-09-18 16:00:00+00:00,S,2294.2,2288.7355,18.96,13736.38,1
293,294,2024-09-18 20:00:00+00:00,2024-09-19 00:00:00+00:00,L,2374.3,2411.8079,203.26,13939.65,1
294,295,2024-09-19 00:00:00+00:00,2024-09-19 04:00:00+00:00,S,2402.8,2398.9886,8.17,13947.82,1
299,300,2024-09-19 20:00:00+00:00,2024-09-20 00:00:00+00:00,L,2464.8,2519.7054,296.75,14244.57,1
300,301,2024-09-20 00:00:00+00:00,2024-09-20 04:00:00+00:00,S,2520.0,2517.3193,0.91,14245.48,1
308,309,2024-09-21 08:00:00+00:00,2024-09-21 12:00:00+00:00,L,2558.4,2576.3056,85.46,14330.93,1
312,313,2024-09-22 00:00:00+00:00,2024-09-22 04:00:00+00:00,S,2595.3,2577.9898,81.25,14412.19,1
324,325,2024-09-24 00:00:00+00:00,2024-09-24 04:00:00+00:00,L,2628.5,2650.1996,104.57,14516.76,1
330,331,2024-09-25 00:00:00+00:00,2024-09-25 04:00:00+00:00,S,2647.0,2611.1667,182.0,14698.76,1
338,339,2024-09-26 08:00:00+00:00,2024-09-26 12:00:00+00:00,L,2629.4,2663.1748,174.11,14872.86,1
342,343,2024-09-27 00:00:00+00:00,2024-09-27 04:00:00+00:00,S,2638.6,2637.9863,-11.41,14861.45,1
347,348,2024-09-27 20:00:00+00:00,2024-09-28 00:00:00+00:00,L,2696.2,2705.2422,34.98,14896.43,1
348,349,2024-09-28 00:00:00+00:00,2024-09-28 04:00:00+00:00,S,2692.1,2676.2418,72.85,14969.28,1
354,364,2024-09-29 00:00:00+00:00,2024-09-30 16:00:00+00:00,L,2674.3,2596.4,-450.95,14516.46,10
364,365,2024-09-30 16:00:00+00:00,2024-09-30 20:00:00+00:00,S,2596.4,2578.6949,84.47,14600.93,1
369,370,2024-10-01 12:00:00+00:00,2024-10-01 16:00:00+00:00,L,2528.7,2531.8753,3.73,14604.66,1
383,384,2024-10-03 20:00:00+00:00,2024-10-04 00:00:00+00:00,S,2348.8,2339.8507,41.04,14645.7,1
390,391,2024-10-05 00:00:00+00:00,2024-10-05 04:00:00+00:00,L,2398.9,2425.0741,145.15,14790.86,1
396,397,2024-10-06 00:00:00+00:00,2024-10-06 04:00:00+00:00,S,2412.8,2409.6628,4.44,14795.3,1
408,409,2024-10-08 00:00:00+00:00,2024-10-08 04:00:00+00:00,L,2435.9,2443.6399,32.22,14827.51,1
414,415,2024-10-09 00:00:00+00:00,2024-10-09 04:00:00+00:00,S,2446.6,2431.8497,74.57,14902.08,1
420,421,2024-10-10 00:00:00+00:00,2024-10-10 04:00:00+00:00,L,2394.2,2409.53,80.52,14982.59,1
426,427,2024-10-11 00:00:00+00:00,2024-10-11 04:00:00+00:00,S,2409.0,2402.6771,24.34,15006.94,1
430,431,2024-10-11 16:00:00+00:00,2024-10-11 20:00:00+00:00,L,2458.1,2460.557,-0.01,15006.93,1
432,438,2024-10-12 00:00:00+00:00,2024-10-13 00:00:00+00:00,S,2437.4,2457.2,-136.9,14868.9,6
438,439,2024-10-13 00:00:00+00:00,2024-10-13 04:00:00+00:00,L,2457.2,2468.101,51.09,14919.99,1
444,445,2024-10-14 00:00:00+00:00,2024-10-14 04:00:00+00:00,S,2519.4,2510.9579,35.07,14955.07,1
448,449,2024-10-14 16:00:00+00:00,2024-10-14 20:00:00+00:00,L,2618.9,2652.4588,176.68,15131.75,1
450,451,2024-10-15 00:00:00+00:00,2024-10-15 04:00:00+00:00,S,2612.1,2590.624,109.28,15241.03,1
453,454,2024-10-15 12:00:00+00:00,2024-10-15 16:00:00+00:00,L,2572.1,2615.5973,242.5,15483.53,1
456,457,2024-10-16 00:00:00+00:00,2024-10-16 04:00:00+00:00,S,2616.6,2599.371,86.47,15570.0,1
473,474,2024-10-18 20:00:00+00:00,2024-10-19 00:00:00+00:00,L,2642.0,2663.1268,108.94,15678.93,1
474,475,2024-10-19 00:00:00+00:00,2024-10-19 04:00:00+00:00,S,2646.6,2639.136,28.54,15707.47,1
480,481,2024-10-20 00:00:00+00:00,2024-10-20 04:00:00+00:00,L,2640.5,2651.7139,51.0,15758.47,1
483,484,2024-10-20 12:00:00+00:00,2024-10-20 16:00:00+00:00,S,2706.1,2686.3155,99.45,15857.93,1
489,490,2024-10-21 12:00:00+00:00,2024-10-21 16:00:00+00:00,L,2680.7,2684.128,4.42,15862.35,1
490,491,2024-10-21 16:00:00+00:00,2024-10-21 20:00:00+00:00,S,2680.1,2665.6502,69.66,15932.01,1
492,493,2024-10-22 00:00:00+00:00,2024-10-22 04:00:00+00:00,L,2644.3,2658.7323,71.02,16003.03,1
497,498,2024-10-22 20:00:00+00:00,2024-10-23 00:00:00+00:00,S,2622.0,2601.8462,107.0,16110.03,1
498,499,2024-10-23 00:00:00+00:00,2024-10-23 04:00:00+00:00,L,2614.8,2622.5696,31.76,16141.79,1
522,523,2024-10-27 00:00:00+00:00,2024-10-27 04:00:00+00:00,S,2484.5,2478.3452,23.85,16165.64,1
528,529,2024-10-28 00:00:00+00:00,2024-10-28 04:00:00+00:00,L,2477.1,2524.9609,296.18,16461.81,1
534,540,2024-10-29 00:00:00+00:00,2024-10-30 00:00:00+00:00,S,2607.7,2601.835,20.56,16481.35,6
546,547,2024-10-31 00:00:00+00:00,2024-10-31 04:00:00+00:00,L,2658.0,2658.3602,-14.25,16467.1,1
548,549,2024-10-31 08:00:00+00:00,2024-10-31 12:00:00+00:00,S,2639.6,2543.6954,581.83,17048.93,1
549,550,2024-10-31 12:00:00+00:00,2024-10-31 16:00:00+00:00,L,2563.0,2563.0871,-16.47,17032.46,1
570,571,2024-11-04 00:00:00+00:00,2024-11-04 04:00:00+00:00,S,2472.3,2456.7636,90.0,17122.46,1
574,575,2024-11-04 16:00:00+00:00,2024-11-04 20:00:00+00:00,L,2429.2,2429.3721,-15.91,17106.55,1
577,578,2024-11-05 04:00:00+00:00,2024-11-05 08:00:00+00:00,S,2444.3,2431.8744,69.85,17176.41,1
578,579,2024-11-05 08:00:00+00:00,2024-11-05 12:00:00+00:00,L,2441.4,2479.9061,253.73,17430.14,1
580,581,2024-11-05 16:00:00+00:00,2024-11-05 20:00:00+00:00,S,2408.6,2402.8366,24.28,17454.42,1
586,587,2024-11-06 16:00:00+00:00,2024-11-06 20:00:00+00:00,L,2690.4,2747.831,355.14,17809.56,1
588,589,2024-11-07 00:00:00+00:00,2024-11-07 04:00:00+00:00,S,2855.2,2782.2596,437.16,18246.72,1
599,600,2024-11-08 20:00:00+00:00,2024-11-09 00:00:00+00:00,L,2964.0,2996.1626,179.75,18426.47,1
600,601,2024-11-09 00:00:00+00:00,2024-11-09 04:00:00+00:00,S,2968.0,2959.2983,35.6,18462.07,1
604,605,2024-11-09 16:00:00+00:00,2024-11-09 20:00:00+00:00,L,3073.5,3159.992,501.08,18963.15,1
606,607,2024-11-10 00:00:00+00:00,2024-11-10 04:00:00+00:00,S,3138.1,3134.3185,3.89,18967.04,1
617,618,2024-11-11 20:00:00+00:00,2024-11-12 00:00:00+00:00,L,3375.4,3376.4754,-12.92,18954.11,1
618,619,2024-11-12 00:00:00+00:00,2024-11-12 04:00:00+00:00,S,3340.5,3322.5126,83.11,19037.22,1
624,625,2024-11-13 00:00:00+00:00,2024-11-13 04:00:00+00:00,L,3209.9,3230.8097,104.97,19142.19,1
630,631,2024-11-14 00:00:00+00:00,2024-11-14 04:00:00+00:00,S,3221.1,3180.3354,223.11,19365.31,1
633,634,2024-11-14 12:00:00+00:00,2024-11-14 16:00:00+00:00,L,3080.3,3182.904,625.69,19990.99,1
642,643,2024-11-16 00:00:00+00:00,2024-11-16 04:00:00+00:00,S,3157.9,3103.8116,322.41,20313.41,1
648,649,2024-11-17 00:00:00+00:00,2024-11-17 04:00:00+00:00,L,3080.7,3147.9407,423.06,20736.46,1
653,654,2024-11-17 20:00:00+00:00,2024-11-18 00:00:00+00:00,S,3078.3,3073.3631,12.52,20748.98,1
659,660,2024-11-18 20:00:00+00:00,2024-11-19 00:00:00+00:00,L,3213.0,3223.7449,48.64,20797.62,1
660,661,2024-11-19 00:00:00+00:00,2024-11-19 04:00:00+00:00,S,3152.4,3113.5101,235.77,21033.4,1
661,662,2024-11-19 04:00:00+00:00,2024-11-19 08:00:00+00:00,L,3121.4,3130.7488,41.96,21075.36,1
663,664,2024-11-19 12:00:00+00:00,2024-11-19 16:00:00+00:00,S,3107.9,3104.8013,-0.06,21075.3,1
666,667,2024-11-20 00:00:00+00:00,2024-11-20 04:00:00+00:00,L,3099.0,3115.8095,93.24,21168.54,1
669,670,2024-11-20 12:00:00+00:00,2024-11-20 16:00:00+00:00,S,3131.8,3033.3281,644.43,21812.96,1
670,671,2024-11-20 16:00:00+00:00,2024-11-20 20:00:00+00:00,L,3060.5,3094.9042,223.39,22036.36,1
671,672,2024-11-20 20:00:00+00:00,2024-11-21 00:00:00+00:00,S,3071.6,3036.0951,232.68,22269.04,1
672,673,2024-11-21 00:00:00+00:00,2024-11-21 04:00:00+00:00,L,3083.7,3145.7128,425.56,22694.6,1
673,674,2024-11-21 04:00:00+00:00,2024-11-21 08:00:00+00:00,S,3140.2,3121.6409,111.43,22806.04,1
674,675,2024-11-21 08:00:00+00:00,2024-11-21 12:00:00+00:00,L,3150.6,3374.0311,1594.53,24400.56,1
675,676,2024-11-21 12:00:00+00:00,2024-11-21 16:00:00+00:00,S,3281.1,3348.3,-524.14,23876.12,1
676,677,2024-11-21 16:00:00+00:00,2024-11-21 20:00:00+00:00,L,3348.3,3382.2334,218.1,24094.22,1
678,679,2024-11-22 00:00:00+00:00,2024-11-22 04:00:00+00:00,S,3370.9,3360.5598,49.81,24144.03,1
688,689,2024-11-23 16:00:00+00:00,2024-11-23 20:00:00+00:00,L,3410.7,3429.9817,112.35,24256.38,1
690,691,2024-11-24 00:00:00+00:00,2024-11-24 04:00:00+00:00,S,3430.9,3402.5396,176.25,24432.63,1
702,703,2024-11-26 00:00:00+00:00,2024-11-26 04:00:00+00:00,L,3437.3,3442.9996,16.08,24448.71,1
708,709,2024-11-27 00:00:00+00:00,2024-11-27 04:00:00+00:00,S,3365.2,3364.3681,-18.4,24430.31,1
712,713,2024-11-27 16:00:00+00:00,2024-11-27 20:00:00+00:00,L,3593.0,3687.0672,615.17,25045.48,1
714,715,2024-11-28 00:00:00+00:00,2024-11-28 04:00:00+00:00,S,3600.1,3571.6961,172.56,25218.04,1
721,722,2024-11-29 04:00:00+00:00,2024-11-29 08:00:00+00:00,L,3547.7,3601.8987,360.04,25578.08,1
726,727,2024-11-30 00:00:00+00:00,2024-11-30 04:00:00+00:00,S,3662.1,3640.7713,123.39,25701.47,1
738,739,2024-12-02 00:00:00+00:00,2024-12-02 04:00:00+00:00,L,3689.3,3711.0009,125.48,25826.95,1
750,759,2024-12-04 00:00:00+00:00,2024-12-05 12:00:00+00:00,S,3665.8,3893.6,-1630.58,24193.46,9
759,760,2024-12-05 12:00:00+00:00,2024-12-05 16:00:00+00:00,L,3893.6,3928.5727,193.11,24386.58,1
760,761,2024-12-05 16:00:00+00:00,2024-12-05 20:00:00+00:00,S,3835.5,3645.7233,1182.24,25568.81,1
766,767,2024-12-06 16:00:00+00:00,2024-12-06 20:00:00+00:00,L,4073.0,4087.9637,68.37,25637.18,1
768,769,2024-12-07 00:00:00+00:00,2024-12-07 04:00:00+00:00,S,3990.9,3973.2824,87.54,25724.72,1
771,772,2024-12-07 12:00:00+00:00,2024-12-07 16:00:00+00:00,L,4009.3,4024.6529,72.78,25797.5,1
792,793,2024-12-11 00:00:00+00:00,2024-12-11 04:00:00+00:00,S,3667.7,3651.6673,86.97,25884.47,1
794,795,2024-12-11 08:00:00+00:00,2024-12-11 12:00:00+00:00,L,3717.2,3823.3382,713.2,26597.67,1
798,799,2024-12-12 00:00:00+00:00,2024-12-12 04:00:00+00:00,S,3940.7,3901.859,235.56,26833.23,1
816,817,2024-12-15 00:00:00+00:00,2024-12-15 04:00:00+00:00,L,3875.5,3913.375,235.41,27068.64,1
822,823,2024-12-16 00:00:00+00:00,2024-12-16 04:00:00+00:00,S,3944.2,3940.8249,-3.91,27064.73,1
834,835,2024-12-18 00:00:00+00:00,2024-12-18 04:00:00+00:00,L,3852.0,3865.3065,66.43,27131.16,1
852,853,2024-12-21 00:00:00+00:00,2024-12-21 04:00:00+00:00,S,3466.2,3462.7388,-0.04,27131.12,1
858,859,2024-12-22 00:00:00+00:00,2024-12-22 04:00:00+00:00,L,3355.8,3358.951,-1.66,27129.47,1
863,864,2024-12-22 20:00:00+00:00,2024-12-23 00:00:00+00:00,S,3280.9,3217.756,495.0,27624.47,1
869,870,2024-12-23 20:00:00+00:00,2024-12-24 00:00:00+00:00,L,3424.5,3426.0069,-15.47,27609.0,1
870,871,2024-12-24 00:00:00+00:00,2024-12-24 04:00:00+00:00,S,3399.3,3389.2161,54.29,27663.29,1
875,876,2024-12-24 20:00:00+00:00,2024-12-25 00:00:00+00:00,L,3494.0,3496.8899,-4.78,27658.51,1
876,877,2024-12-25 00:00:00+00:00,2024-12-25 04:00:00+00:00,S,3480.9,3472.7413,37.17,27695.68,1
881,882,2024-12-25 20:00:00+00:00,2024-12-26 00:00:00+00:00,L,3499.4,3516.3327,106.32,27802.0,1
887,888,2024-12-26 20:00:00+00:00,2024-12-27 00:00:00+00:00,S,3335.2,3317.914,116.29,27918.29,1
889,890,2024-12-27 04:00:00+00:00,2024-12-27 08:00:00+00:00,L,3325.7,3440.6022,936.65,28854.94,1
890,891,2024-12-27 08:00:00+00:00,2024-12-27 12:00:00+00:00,S,3419.8,3308.2584,912.29,29767.23,1
894,895,2024-12-28 00:00:00+00:00,2024-12-28 04:00:00+00:00,L,3348.2,3360.5333,79.88,29847.11,1
901,902,2024-12-29 04:00:00+00:00,2024-12-29 08:00:00+00:00,S,3409.0,3392.5992,113.75,29960.86,1
909,910,2024-12-30 12:00:00+00:00,2024-12-30 16:00:00+00:00,L,3328.0,3410.9836,717.11,30677.97,1
917,918,2024-12-31 20:00:00+00:00,2025-01-01 00:00:00+00:00,S,3336.8,3336.7793,-30.49,30647.49,1
918,921,2025-01-01 00:00:00+00:00,2025-01-01 12:00:00+00:00,L,3356.3,3360.5397,8.07,30654.79,3
924,935,2025-01-02 00:00:00+00:00,2025-01-03 20:00:00+00:00,S,3390.1,3610.5,-2023.33,28627.24,11
935,936,2025-01-03 20:00:00+00:00,2025-01-04 00:00:00+00:00,L,3610.5,3621.3449,57.36,28684.6,1
936,937,2025-01-04 00:00:00+00:00,2025-01-04 04:00:00+00:00,S,3598.3,3585.5192,73.2,28757.8,1
941,942,2025-01-04 20:00:00+00:00,2025-01-05 00:00:00+00:00,L,3657.8,3676.0047,114.37,28872.17,1
942,943,2025-01-05 00:00:00+00:00,2025-01-05 04:00:00+00:00,S,3638.2,3629.7545,38.15,28910.32,1
947,948,2025-01-05 20:00:00+00:00,2025-01-06 00:00:00+00:00,L,3636.0,3684.1714,354.11,29264.43,1
948,949,2025-01-06 00:00:00+00:00,2025-01-06 04:00:00+00:00,S,3665.6,3643.4427,147.63,29412.06,1
957,958,2025-01-07 12:00:00+00:00,2025-01-07 16:00:00+00:00,L,3463.0,3492.2974,219.42,29631.47,1
970,971,2025-01-09 16:00:00+00:00,2025-01-09 20:00:00+00:00,S,3192.1,3156.4776,301.04,29932.52,1
972,973,2025-01-10 00:00:00+00:00,2025-01-10 04:00:00+00:00,L,3252.1,3310.3726,506.41,30438.93,1
973,974,2025-01-10 04:00:00+00:00,2025-01-10 08:00:00+00:00,S,3294.4,3287.8681,29.91,30468.84,1
974,975,2025-01-10 08:00:00+00:00,2025-01-10 12:00:00+00:00,L,3310.0,3314.1606,7.83,30476.67,1
984,985,2025-01-12 00:00:00+00:00,2025-01-12 04:00:00+00:00,S,3287.5,3265.2193,176.08,30652.75,1
986,987,2025-01-12 08:00:00+00:00,2025-01-12 12:00:00+00:00,L,3255.2,3296.104,354.52,31007.27,1
996,1001,2025-01-14 00:00:00+00:00,2025-01-14 20:00:00+00:00,S,3157.4,3223.4,-679.12,30326.21,5
1001,1002,2025-01-14 20:00:00+00:00,2025-01-15 00:00:00+00:00,L,3223.4,3242.1478,146.06,30472.27,1
1002,1003,2025-01-15 00:00:00+00:00,2025-01-15 04:00:00+00:00,S,3240.7,3214.2092,218.62,30690.89,1
1006,1007,2025-01-15 16:00:00+00:00,2025-01-15 20:00:00+00:00,L,3434.6,3472.1104,304.49,30995.38,1
1008,1009,2025-01-16 00:00:00+00:00,2025-01-16 04:00:00+00:00,S,3361.9,3361.4829,-27.15,30968.23,1
1011,1012,2025-01-16 12:00:00+00:00,2025-01-16 16:00:00+00:00,L,3332.8,3365.7909,275.58,31243.82,1
1013,1018,2025-01-16 20:00:00+00:00,2025-01-17 16:00:00+00:00,S,3309.3,3433.3,-1201.88,30039.98,5
1018,1019,2025-01-17 16:00:00+00:00,2025-01-17 20:00:00+00:00,L,3433.3,3525.1367,773.49,30813.48,1
1026,1027,2025-01-19 00:00:00+00:00,2025-01-19 04:00:00+00:00,S,3336.8,3261.7769,661.98,31475.46,1
1027,1028,2025-01-19 04:00:00+00:00,2025-01-19 08:00:00+00:00,L,3275.9,3276.3255,-27.39,31448.07,1
1029,1030,2025-01-19 12:00:00+00:00,2025-01-19 16:00:00+00:00,S,3388.8,3383.9235,13.81,31461.88,1
1030,1031,2025-01-19 16:00:00+00:00,2025-01-19 20:00:00+00:00,L,3423.7,3434.6424,69.09,31530.97,1
1033,1034,2025-01-20 04:00:00+00:00,2025-01-20 08:00:00+00:00,S,3386.2,3340.2776,396.08,31927.05,1
1034,1035,2025-01-20 08:00:00+00:00,2025-01-20 12:00:00+00:00,L,3380.2,3382.1114,-13.87,31913.18,1
1037,1038,2025-01-20 20:00:00+00:00,2025-01-21 00:00:00+00:00,S,3285.1,3204.6011,750.1,32663.27,1
1038,1040,2025-01-21 00:00:00+00:00,2025-01-21 08:00:00+00:00,L,3264.0,3313.9415,467.1,33129.97,2
1044,1045,2025-01-22 00:00:00+00:00,2025-01-22 04:00:00+00:00,S,3332.3,3288.5238,402.1,33532.06,1
1050,1051,2025-01-23 00:00:00+00:00,2025-01-23 04:00:00+00:00,L,3225.8,3229.8327,8.39,33540.45,1
1055,1056,2025-01-23 20:00:00+00:00,2025-01-24 00:00:00+00:00,S,3340.1,3274.6617,623.57,34164.03,1
1059,1060,2025-01-24 12:00:00+00:00,2025-01-24 16:00:00+00:00,L,3386.5,3410.4244,207.19,34371.22,1
1061,1062,2025-01-24 20:00:00+00:00,2025-01-25 00:00:00+00:00,S,3309.4,3268.7267,388.06,34759.28,1
1062,1065,2025-01-25 00:00:00+00:00,2025-01-25 12:00:00+00:00,L,3319.0,3342.621,212.61,34971.02,3
1068,1069,2025-01-26 00:00:00+00:00,2025-01-26 04:00:00+00:00,S,3339.2,3332.2613,37.7,35008.72,1
1073,1074,2025-01-26 20:00:00+00:00,2025-01-27 00:00:00+00:00,L,3230.9,3251.6092,189.39,35198.11,1
1080,1081,2025-01-28 00:00:00+00:00,2025-01-28 04:00:00+00:00,S,3202.0,3190.0292,96.39,35294.5,1
1085,1086,2025-01-28 20:00:00+00:00,2025-01-29 00:00:00+00:00,L,3076.0,3131.3237,599.5,35894.0,1
1092,1093,2025-01-30 00:00:00+00:00,2025-01-30 04:00:00+00:00,S,3204.3,3178.3829,254.42,36148.42,1
1097,1098,2025-01-30 20:00:00+00:00,2025-01-31 00:00:00+00:00,L,3247.7,3280.1466,325.0,36473.42,1
1101,1102,2025-01-31 12:00:00+00:00,2025-01-31 16:00:00+00:00,S,3430.8,3295.9599,1397.03,37870.45,1
1104,1105,2025-02-01 00:00:00+00:00,2025-02-01 04:00:00+00:00,L,3293.2,3307.5503,127.15,37997.6,1
1108,1109,2025-02-01 16:00:00+00:00,2025-02-01 20:00:00+00:00,S,3195.6,3101.4695,1081.27,39078.87,1
1109,1110,2025-02-01 20:00:00+00:00,2025-02-02 00:00:00+00:00,L,3114.5,3160.0986,533.07,39611.94,1
1122,1123,2025-02-04 00:00:00+00:00,2025-02-04 04:00:00+00:00,S,2809.9,2660.4299,2067.51,41679.45,1
1123,1124,2025-02-04 04:00:00+00:00,2025-02-04 08:00:00+00:00,L,2702.6,2785.9178,1243.25,42922.7,1
1134,1136,2025-02-06 00:00:00+00:00,2025-02-06 08:00:00+00:00,S,2806.8,2794.6209,143.32,43065.48,2
1137,1138,2025-02-06 12:00:00+00:00,2025-02-06 16:00:00+00:00,L,2705.9,2728.1134,310.47,43375.95,1
1139,1140,2025-02-06 20:00:00+00:00,2025-02-07 00:00:00+00:00,S,2687.7,2682.8781,34.44,43410.39,1
1140,1141,2025-02-07 00:00:00+00:00,2025-02-07 04:00:00+00:00,L,2715.8,2728.4727,159.16,43569.55,1
1144,1145,2025-02-07 16:00:00+00:00,2025-02-07 20:00:00+00:00,S,2658.0,2563.0464,1512.9,45082.45,1
1146,1147,2025-02-08 00:00:00+00:00,2025-02-08 04:00:00+00:00,L,2640.9,2646.5621,51.57,45134.02,1
1152,1153,2025-02-09 00:00:00+00:00,2025-02-09 04:00:00+00:00,S,2677.8,2649.9293,424.62,45558.65,1
1157,1158,2025-02-09 20:00:00+00:00,2025-02-10 00:00:00+00:00,L,2626.8,2656.4484,468.66,46027.3,1
1164,1165,2025-02-11 00:00:00+00:00,2025-02-11 04:00:00+00:00,S,2678.6,2676.4363,-8.85,46018.45,1
1170,1171,2025-02-12 00:00:00+00:00,2025-02-12 04:00:00+00:00,L,2586.0,2622.3323,600.52,46618.98,1
1176,1177,2025-02-13 00:00:00+00:00,2025-02-13 04:00:00+00:00,S,2744.6,2668.0148,1254.23,47873.21,1
1196,1197,2025-02-16 08:00:00+00:00,2025-02-16 12:00:00+00:00,L,2710.0,2710.5766,-37.69,47835.52,1
1199,1200,2025-02-16 20:00:00+00:00,2025-02-17 00:00:00+00:00,S,2660.0,2656.9842,6.4,47841.92,1
1200,1201,2025-02-17 00:00:00+00:00,2025-02-17 04:00:00+00:00,L,2670.8,2693.2915,355.05,48196.97,1
1202,1203,2025-02-17 08:00:00+00:00,2025-02-17 12:00:00+00:00,S,2754.3,2745.1633,111.69,48308.65,1
1206,1207,2025-02-18 00:00:00+00:00,2025-02-18 04:00:00+00:00,L,2710.8,2715.5794,36.86,48345.52,1
1212,1213,2025-02-19 00:00:00+00:00,2025-02-19 04:00:00+00:00,S,2693.8,2665.1426,465.97,48811.49,1
1217,1218,2025-02-19 20:00:00+00:00,2025-02-20 00:00:00+00:00,L,2714.3,2748.9795,574.83,49386.32,1
1218,1219,2025-02-20 00:00:00+00:00,2025-02-20 04:00:00+00:00,S,2742.0,2722.0022,310.8,49697.12,1
1222,1223,2025-02-20 16:00:00+00:00,2025-02-20 20:00:00+00:00,L,2746.3,2758.9159,178.6,49875.72,1
1224,1227,2025-02-21 00:00:00+00:00,2025-02-21 12:00:00+00:00,S,2743.2,2671.0532,1261.84,51136.3,3
1227,1228,2025-02-21 12:00:00+00:00,2025-02-21 16:00:00+00:00,L,2723.1,2768.9206,809.32,51945.62,1
1236,1237,2025-02-23 00:00:00+00:00,2025-02-23 04:00:00+00:00,S,2752.4,2747.1272,47.57,51993.19,1
1242,1243,2025-02-24 00:00:00+00:00,2025-02-24 04:00:00+00:00,L,2715.3,2732.9811,286.57,52279.76,1
1246,1247,2025-02-24 16:00:00+00:00,2025-02-24 20:00:00+00:00,S,2639.2,2473.7044,3226.01,55505.77,1
1248,1249,2025-02-25 00:00:00+00:00,2025-02-25 04:00:00+00:00,L,2494.4,2510.4142,300.85,55806.61,1
1254,1255,2025-02-26 00:00:00+00:00,2025-02-26 04:00:00+00:00,S,2490.0,2475.4778,269.67,56076.28,1
1257,1258,2025-02-26 12:00:00+00:00,2025-02-26 16:00:00+00:00,L,2427.5,2430.809,20.36,56096.64,1
1272,1273,2025-03-01 00:00:00+00:00,2025-03-01 04:00:00+00:00,S,2261.7,2225.2725,847.41,56944.05,1
1283,1284,2025-03-02 20:00:00+00:00,2025-03-03 00:00:00+00:00,L,2517.8,2520.8657,12.39,56956.44,1
1284,1285,2025-03-03 00:00:00+00:00,2025-03-03 04:00:00+00:00,S,2440.3,2354.6599,1941.88,58898.32,1
1290,1291,2025-03-04 00:00:00+00:00,2025-03-04 04:00:00+00:00,L,2073.5,2118.7636,1226.83,60125.15,1
1296,1301,2025-03-05 00:00:00+00:00,2025-03-05 20:00:00+00:00,S,2159.3,2240.6,-2323.76,57797.63,5
1301,1302,2025-03-05 20:00:00+00:00,2025-03-06 00:00:00+00:00,L,2240.6,2292.8354,1289.65,59087.28,1
1302,1303,2025-03-06 00:00:00+00:00,2025-03-06 04:00:00+00:00,S,2288.7,2276.0099,268.53,59355.81,1
1308,1309,2025-03-07 00:00:00+00:00,2025-03-07 04:00:00+00:00,L,2145.9,2190.7655,1181.63,60537.44,1
1328,1329,2025-03-10 08:00:00+00:00,2025-03-10 12:00:00+00:00,S,2127.5,1996.7048,3661.2,64198.64,1
1329,1330,2025-03-10 12:00:00+00:00,2025-03-10 16:00:00+00:00,L,2016.5,2022.3862,123.2,64321.84,1
1331,1332,2025-03-10 20:00:00+00:00,2025-03-11 00:00:00+00:00,S,1864.3,1757.6642,3614.81,67936.66,1
1332,1333,2025-03-11 00:00:00+00:00,2025-03-11 04:00:00+00:00,L,1848.9,1909.2602,2149.96,70086.62,1
1340,1341,2025-03-12 08:00:00+00:00,2025-03-12 12:00:00+00:00,S,1916.0,1828.7117,3122.89,73209.51,1
1344,1345,2025-03-13 00:00:00+00:00,2025-03-13 04:00:00+00:00,L,1885.6,1888.8225,51.91,73261.41,1
1346,1347,2025-03-13 08:00:00+00:00,2025-03-13 12:00:00+00:00,S,1899.4,1863.6383,1306.1,74567.51,1
1359,1360,2025-03-15 12:00:00+00:00,2025-03-15 16:00:00+00:00,L,1936.6,1945.0559,251.02,74818.53,1
1368,1369,2025-03-17 00:00:00+00:00,2025-03-17 04:00:00+00:00,S,1908.0,1879.5545,1040.62,75859.15,1
1373,1374,2025-03-17 20:00:00+00:00,2025-03-18 00:00:00+00:00,L,1924.8,1928.0606,52.65,75911.8,1
1380,1381,2025-03-19 00:00:00+00:00,2025-03-19 04:00:00+00:00,S,1938.1,1930.7473,212.08,76123.88,1
1388,1389,2025-03-20 08:00:00+00:00,2025-03-20 12:00:00+00:00,L,1988.0,2009.1851,735.09,76858.97,1
1391,1392,2025-03-20 20:00:00+00:00,2025-03-21 00:00:00+00:00,S,1982.9,1972.7397,316.96,77175.93,1
1392,1393,2025-03-21 00:00:00+00:00,2025-03-21 04:00:00+00:00,L,1977.5,1988.6773,359.04,77534.97,1
1398,1399,2025-03-22 00:00:00+00:00,2025-03-22 04:00:00+00:00,S,1985.1,1983.0344,3.15,77538.12,1
1412,1413,2025-03-24 08:00:00+00:00,2025-03-24 12:00:00+00:00,L,2091.1,2100.8792,285.08,77823.19,1
1427,1428,2025-03-26 20:00:00+00:00,2025-03-27 00:00:00+00:00,S,2008.4,2006.8457,-17.59,77805.6,1
1431,1432,2025-03-27 12:00:00+00:00,2025-03-27 16:00:00+00:00,L,2004.7,2013.7967,275.25,78080.85,1
1432,1433,2025-03-27 16:00:00+00:00,2025-03-27 20:00:00+00:00,S,2002.2,1999.2882,35.47,78116.32,1
1434,1435,2025-03-28 00:00:00+00:00,2025-03-28 04:00:00+00:00,L,1998.9,2002.9157,78.81,78195.14,1
1445,1446,2025-03-29 20:00:00+00:00,2025-03-30 00:00:00+00:00,S,1826.9,1811.8893,564.29,78759.43,1
1446,1447,2025-03-30 00:00:00+00:00,2025-03-30 04:00:00+00:00,L,1833.5,1845.0395,416.93,79176.36,1
1458,1459,2025-04-01 00:00:00+00:00,2025-04-01 04:00:00+00:00,S,1833.8,1831.899,2.9,79179.26,1
1464,1465,2025-04-02 00:00:00+00:00,2025-04-02 04:00:00+00:00,L,1874.9,1881.6722,206.82,79386.08,1
1467,1468,2025-04-02 12:00:00+00:00,2025-04-02 16:00:00+00:00,S,1900.2,1882.247,670.65,80056.73,1
1468,1469,2025-04-02 16:00:00+00:00,2025-04-02 20:00:00+00:00,L,1911.3,1953.7568,1698.29,81755.02,1
1482,1483,2025-04-05 00:00:00+00:00,2025-04-05 04:00:00+00:00,S,1808.9,1803.6228,156.75,81911.77,1
1485,1486,2025-04-05 12:00:00+00:00,2025-04-05 16:00:00+00:00,L,1780.9,1793.3598,491.17,82402.94,1
1488,1489,2025-04-06 00:00:00+00:00,2025-04-06 04:00:00+00:00,S,1808.8,1793.6939,605.78,83008.72,1
1490,1491,2025-04-06 08:00:00+00:00,2025-04-06 12:00:00+00:00,L,1787.7,1789.7123,10.43,83019.15,1
1500,1501,2025-04-08 00:00:00+00:00,2025-04-08 04:00:00+00:00,S,1584.1,1562.0313,1073.55,84092.7,1
1504,1505,2025-04-08 16:00:00+00:00,2025-04-08 20:00:00+00:00,L,1465.8,1484.1894,970.91,85063.61,1
1505,1506,2025-04-08 20:00:00+00:00,2025-04-09 00:00:00+00:00,S,1472.1,1383.5651,5030.82,90094.43,1
1506,1507,2025-04-09 00:00:00+00:00,2025-04-09 04:00:00+00:00,L,1418.1,1489.2146,4427.94,94522.37,1
1512,1513,2025-04-10 00:00:00+00:00,2025-04-10 04:00:00+00:00,S,1616.1,1585.2654,1708.93,96231.31,1
1515,1516,2025-04-10 12:00:00+00:00,2025-04-10 16:00:00+00:00,L,1495.4,1529.5035,2098.38,98329.69,1
1518,1519,2025-04-11 00:00:00+00:00,2025-04-11 04:00:00+00:00,S,1544.0,1541.4323,65.19,98394.88,1
1522,1523,2025-04-11 16:00:00+00:00,2025-04-11 20:00:00+00:00,L,1564.6,1585.0955,1190.53,99585.42,1
1525,1526,2025-04-12 04:00:00+00:00,2025-04-12 08:00:00+00:00,S,1580.4,1592.9,-887.23,98696.94,1
1526,1527,2025-04-12 08:00:00+00:00,2025-04-12 12:00:00+00:00,L,1592.9,1666.9645,4490.38,103187.32,1
1527,1528,2025-04-12 12:00:00+00:00,2025-04-12 16:00:00+00:00,S,1655.2,1629.0095,1529.56,104716.88,1
1530,1532,2025-04-13 00:00:00+00:00,2025-04-13 08:00:00+00:00,L,1623.5,1625.987,55.69,104771.27,2
1532,1533,2025-04-13 08:00:00+00:00,2025-04-13 12:00:00+00:00,S,1603.2,1563.3127,2501.92,107273.18,1
1533,1534,2025-04-13 12:00:00+00:00,2025-04-13 16:00:00+00:00,L,1585.9,1660.3959,4931.77,112204.95,1
1536,1537,2025-04-14 00:00:00+00:00,2025-04-14 04:00:00+00:00,S,1628.9,1612.9862,984.0,113188.95,1
1545,1546,2025-04-15 12:00:00+00:00,2025-04-15 16:00:00+00:00,L,1620.1,1625.8171,286.24,113475.19,1
1546,1547,2025-04-15 16:00:00+00:00,2025-04-15 20:00:00+00:00,S,1606.5,1582.9652,1548.91,115024.1,1
1548,1549,2025-04-16 00:00:00+00:00,2025-04-16 04:00:00+00:00,L,1590.5,1591.8582,-16.8,115007.3,1
1557,1558,2025-04-17 12:00:00+00:00,2025-04-17 16:00:00+00:00,S,1581.9,1577.2747,221.26,115228.56,1
1558,1559,2025-04-17 16:00:00+00:00,2025-04-17 20:00:00+00:00,L,1580.9,1590.262,567.15,115795.71,1
1559,1560,2025-04-17 20:00:00+00:00,2025-04-18 00:00:00+00:00,S,1582.6,1577.0024,293.77,116089.48,1
1560,1561,2025-04-18 00:00:00+00:00,2025-04-18 04:00:00+00:00,L,1583.2,1583.5311,-91.81,115997.67,1
1566,1567,2025-04-19 00:00:00+00:00,2025-04-19 04:00:00+00:00,S,1597.0,1595.2371,12.05,116009.72,1
1571,1572,2025-04-19 20:00:00+00:00,2025-04-20 00:00:00+00:00,L,1612.0,1617.5305,282.0,116291.72,1
1572,1573,2025-04-20 00:00:00+00:00,2025-04-20 04:00:00+00:00,S,1611.0,1587.8779,1552.8,117844.52,1
1573,1574,2025-04-20 04:00:00+00:00,2025-04-20 08:00:00+00:00,L,1596.4,1572.0,-1919.0,115924.05,1
1574,1575,2025-04-20 08:00:00+00:00,2025-04-20 12:00:00+00:00,S,1572.0,1570.6723,-18.01,115906.03,1
1584,1585,2025-04-22 00:00:00+00:00,2025-04-22 04:00:00+00:00,L,1578.6,1622.07,3075.81,118981.84,1
1587,1588,2025-04-22 12:00:00+00:00,2025-04-22 16:00:00+00:00,S,1702.7,1683.4039,1229.39,120211.24,1
1588,1589,2025-04-22 16:00:00+00:00,2025-04-22 20:00:00+00:00,L,1697.8,1786.1098,6132.48,126343.72,1
1590,1591,2025-04-23 00:00:00+00:00,2025-04-23 04:00:00+00:00,S,1794.9,1774.1283,1335.79,127679.51,1
1596,1597,2025-04-24 00:00:00+00:00,2025-04-24 04:00:00+00:00,L,1767.1,1774.7067,421.94,128101.44,1
1603,1604,2025-04-25 04:00:00+00:00,2025-04-25 08:00:00+00:00,S,1776.7,1764.8373,727.21,128828.65,1
1611,1612,2025-04-26 12:00:00+00:00,2025-04-26 16:00:00+00:00,L,1799.4,1812.4897,808.33,129636.98,1
1614,1615,2025-04-27 00:00:00+00:00,2025-04-27 04:00:00+00:00,S,1809.0,1789.3051,1281.74,130918.73,1
1620,1621,2025-04-28 00:00:00+00:00,2025-04-28 04:00:00+00:00,L,1783.6,1810.7606,1862.71,132781.44,1
1626,1627,2025-04-29 00:00:00+00:00,2025-04-29 04:00:00+00:00,S,1801.0,1787.6007,855.1,133636.54,1
1632,1633,2025-04-30 00:00:00+00:00,2025-04-30 04:00:00+00:00,L,1808.1,1811.5439,120.9,133757.44,1
1633,1634,2025-04-30 04:00:00+00:00,2025-04-30 08:00:00+00:00,S,1795.6,1792.8425,71.65,133829.09,1
1634,1635,2025-04-30 08:00:00+00:00,2025-04-30 12:00:00+00:00,L,1814.6,1814.6839,-127.64,133701.45,1
1638,1639,2025-05-01 00:00:00+00:00,2025-05-01 04:00:00+00:00,S,1808.2,1802.5611,283.25,133984.69,1
1645,1646,2025-05-02 04:00:00+00:00,2025-05-02 08:00:00+00:00,L,1815.5,1833.7632,1213.85,135198.54,1
1658,1659,2025-05-04 08:00:00+00:00,2025-05-04 12:00:00+00:00,S,1827.4,1817.5962,590.13,135788.67,1
1662,1663,2025-05-05 00:00:00+00:00,2025-05-05 04:00:00+00:00,L,1794.1,1828.669,2480.61,138269.27,1
1674,1675,2025-05-07 00:00:00+00:00,2025-05-07 04:00:00+00:00,S,1825.7,1824.5893,-54.15,138215.12,1
1684,1685,2025-05-08 16:00:00+00:00,2025-05-08 20:00:00+00:00,L,2118.8,2228.7799,7036.07,145251.19,1
1686,1687,2025-05-09 00:00:00+00:00,2025-05-09 04:00:00+00:00,S,2206.3,2205.639,-101.73,145149.46,1
1696,1697,2025-05-10 16:00:00+00:00,2025-05-10 20:00:00+00:00,L,2501.2,2600.9691,5644.64,150794.1,1
1698,1699,2025-05-11 00:00:00+00:00,2025-05-11 04:00:00+00:00,S,2540.4,2457.1032,4793.57,155587.68,1
1710,1711,2025-05-13 00:00:00+00:00,2025-05-13 04:00:00+00:00,L,2425.7,2479.3305,3284.34,158872.02,1
1713,1714,2025-05-13 12:00:00+00:00,2025-05-13 16:00:00+00:00,S,2566.1,2562.2151,81.65,158953.67,1
1722,1723,2025-05-15 00:00:00+00:00,2025-05-15 04:00:00+00:00,L,2575.0,2594.4605,1042.34,159996.01,1
1728,1729,2025-05-16 00:00:00+00:00,2025-05-16 04:00:00+00:00,S,2580.5,2565.4568,772.71,160768.72,1
1734,1735,2025-05-17 00:00:00+00:00,2025-05-17 04:00:00+00:00,L,2495.4,2510.2409,795.37,161564.09,1
1739,1740,2025-05-17 20:00:00+00:00,2025-05-18 00:00:00+00:00,S,2474.1,2467.9499,240.05,161804.14,1
1740,1741,2025-05-18 00:00:00+00:00,2025-05-18 04:00:00+00:00,L,2476.2,2514.5757,2345.81,164149.95,1
1741,1742,2025-05-18 04:00:00+00:00,2025-05-18 08:00:00+00:00,S,2508.1,2499.4897,399.37,164549.32,1
1744,1745,2025-05-18 16:00:00+00:00,2025-05-18 20:00:00+00:00,L,2410.3,2511.4845,6743.24,171292.56,1
1752,1753,2025-05-20 00:00:00+00:00,2025-05-20 04:00:00+00:00,S,2555.1,2524.0881,1907.73,173200.29,1
1762,1763,2025-05-21 16:00:00+00:00,2025-05-21 20:00:00+00:00,L,2511.9,2602.3402,6062.83,179263.12,1
1764,1765,2025-05-22 00:00:00+00:00,2025-05-22 04:00:00+00:00,S,2631.6,2604.8447,1643.29,180906.41,1
1776,1777,2025-05-24 00:00:00+00:00,2025-05-24 04:00:00+00:00,L,2550.1,2562.0103,664.02,181570.44,1
1788,1789,2025-05-26 00:00:00+00:00,2025-05-26 04:00:00+00:00,S,2559.4,2558.1432,-92.41,181478.03,1
1794,1795,2025-05-27 00:00:00+00:00,2025-05-27 04:00:00+00:00,L,2549.6,2618.9666,4755.97,186234.0,1
1795,1798,2025-05-27 04:00:00+00:00,2025-05-27 16:00:00+00:00,S,2609.1,2689.2,-5903.44,180323.57,3
1798,1799,2025-05-27 16:00:00+00:00,2025-05-27 20:00:00+00:00,L,2689.2,2693.5852,113.73,180437.3,1
1802,1803,2025-05-28 08:00:00+00:00,2025-05-28 12:00:00+00:00,S,2657.1,2614.3267,2724.2,183161.5,1
1805,1806,2025-05-28 20:00:00+00:00,2025-05-29 00:00:00+00:00,L,2682.3,2789.0506,7106.33,190267.82,1
1806,1807,2025-05-29 00:00:00+00:00,2025-05-29 04:00:00+00:00,S,2764.5,2705.6578,3859.57,194127.39,1
1812,1813,2025-05-30 00:00:00+00:00,2025-05-30 04:00:00+00:00,L,2631.0,2647.7253,1039.95,195167.34,1
1816,1817,2025-05-30 16:00:00+00:00,2025-05-30 20:00:00+00:00,S,2572.8,2509.1985,4629.51,199796.85,1
1818,1819,2025-05-31 00:00:00+00:00,2025-05-31 04:00:00+00:00,L,2513.2,2525.7541,798.24,200595.1,1
1836,1837,2025-06-03 00:00:00+00:00,2025-06-03 04:00:00+00:00,S,2605.0,2592.5786,755.9,201350.99,1
1849,1850,2025-06-05 04:00:00+00:00,2025-06-05 08:00:00+00:00,L,2605.3,2613.8422,458.84,201809.83,1
1860,1861,2025-06-07 00:00:00+00:00,2025-06-07 04:00:00+00:00,S,2488.3,2479.7604,490.78,202300.61,1
1863,1864,2025-06-07 12:00:00+00:00,2025-06-07 16:00:00+00:00,L,2519.4,2524.5383,210.29,202510.9,1
1866,1867,2025-06-08 00:00:00+00:00,2025-06-08 04:00:00+00:00,S,2511.4,2508.9612,-5.86,202505.04,1
1870,1871,2025-06-08 16:00:00+00:00,2025-06-08 20:00:00+00:00,L,2532.0,2548.4621,1114.11,203619.15,1
1874,1875,2025-06-09 08:00:00+00:00,2025-06-09 12:00:00+00:00,S,2541.9,2510.4475,2315.88,205935.03,1
1883,1884,2025-06-10 20:00:00+00:00,2025-06-11 00:00:00+00:00,L,2819.1,2835.6371,1002.1,206937.13,1
1884,1885,2025-06-11 00:00:00+00:00,2025-06-11 04:00:00+00:00,S,2793.0,2783.3131,510.78,207447.91,1
1890,1891,2025-06-12 00:00:00+00:00,2025-06-12 04:00:00+00:00,L,2764.4,2774.7026,565.68,208013.6,1
1895,1896,2025-06-12 20:00:00+00:00,2025-06-13 00:00:00+00:00,S,2641.2,2435.661,15979.67,223993.26,1
1896,1897,2025-06-13 00:00:00+00:00,2025-06-13 04:00:00+00:00,L,2513.7,2538.5729,1992.41,225985.67,1
1908,1909,2025-06-15 00:00:00+00:00,2025-06-15 04:00:00+00:00,S,2529.2,2522.3339,387.5,226373.17,1
1910,1911,2025-06-15 08:00:00+00:00,2025-06-15 12:00:00+00:00,L,2514.7,2553.0234,3223.5,229596.67,1
1913,1914,2025-06-15 20:00:00+00:00,2025-06-16 00:00:00+00:00,S,2546.6,2514.9979,2619.59,232216.27,1
1926,1927,2025-06-18 00:00:00+00:00,2025-06-18 04:00:00+00:00,L,2526.8,2545.7773,1511.82,233728.09,1
1932,1933,2025-06-19 00:00:00+00:00,2025-06-19 04:00:00+00:00,S,2524.7,2514.459,714.35,234442.43,1
1935,1936,2025-06-19 12:00:00+00:00,2025-06-19 16:00:00+00:00,L,2490.9,2520.1001,2513.86,236956.29,1
1938,1939,2025-06-20 00:00:00+00:00,2025-06-20 04:00:00+00:00,S,2516.0,2502.6306,1022.17,237978.46,1
1942,1943,2025-06-20 16:00:00+00:00,2025-06-20 20:00:00+00:00,L,2414.2,2435.736,1884.93,239863.39,1
1943,1944,2025-06-20 20:00:00+00:00,2025-06-21 00:00:00+00:00,S,2404.9,2395.5392,693.77,240557.16,1
1944,1945,2025-06-21 00:00:00+00:00,2025-06-21 04:00:00+00:00,L,2424.3,2426.2218,-49.86,240507.3,1
1956,1957,2025-06-23 00:00:00+00:00,2025-06-23 04:00:00+00:00,S,2233.2,2228.118,306.8,240814.11,1
1967,1968,2025-06-24 20:00:00+00:00,2025-06-25 00:00:00+00:00,L,2447.0,2466.1064,1639.48,242453.59,1
1968,1969,2025-06-25 00:00:00+00:00,2025-06-25 04:00:00+00:00,S,2442.9,2423.4476,1688.16,244141.75,1
1971,1972,2025-06-25 12:00:00+00:00,2025-06-25 16:00:00+00:00,L,2404.3,2436.8041,3056.45,247198.2,1
1973,1974,2025-06-25 20:00:00+00:00,2025-06-26 00:00:00+00:00,S,2416.8,2416.554,-222.03,246976.16,1
1986,1987,2025-06-28 00:00:00+00:00,2025-06-28 04:00:00+00:00,L,2419.6,2432.3075,1050.12,248026.29,1
1994,1995,2025-06-29 08:00:00+00:00,2025-06-29 12:00:00+00:00,S,2461.4,2433.969,2516.1,250542.39,1
2004,2009,2025-07-01 00:00:00+00:00,2025-07-01 20:00:00+00:00,L,2485.2,2403.6,-8476.42,242050.31,5
2009,2010,2025-07-01 20:00:00+00:00,2025-07-02 00:00:00+00:00,S,2403.6,2373.792,2759.71,244810.02,1
2021,2022,2025-07-03 20:00:00+00:00,2025-07-04 00:00:00+00:00,L,2589.9,2600.9746,802.02,245612.04,1
2026,2027,2025-07-04 16:00:00+00:00,2025-07-04 20:00:00+00:00,S,2482.9,2482.228,-179.14,245432.9,1
2046,2047,2025-07-08 00:00:00+00:00,2025-07-08 04:00:00+00:00,L,2538.3,2562.9226,2135.37,247568.27,1
2048,2049,2025-07-08 08:00:00+00:00,2025-07-08 12:00:00+00:00,S,2575.7,2559.0024,1357.35,248925.62,1
2050,2051,2025-07-08 16:00:00+00:00,2025-07-08 20:00:00+00:00,L,2611.7,2617.3746,291.93,249217.55,1
2052,2073,2025-07-09 00:00:00+00:00,2025-07-12 12:00:00+00:00,S,2591.4,2916.9,-31544.6,217607.54,21
2073,2074,2025-07-12 12:00:00+00:00,2025-07-12 16:00:00+00:00,L,2916.9,2945.9864,1952.3,219559.84,1
2076,2077,2025-07-13 00:00:00+00:00,2025-07-13 04:00:00+00:00,S,2957.1,2951.9893,159.9,219719.75,1
2088,2089,2025-07-15 00:00:00+00:00,2025-07-15 04:00:00+00:00,L,2954.8,2997.3855,2946.95,222666.7,1
2091,2092,2025-07-15 12:00:00+00:00,2025-07-15 16:00:00+00:00,S,3041.9,3036.4556,175.86,222842.56,1
2092,2093,2025-07-15 16:00:00+00:00,2025-07-15 20:00:00+00:00,L,3042.4,3145.3646,7318.87,230161.42,1
2094,2095,2025-07-16 00:00:00+00:00,2025-07-16 04:00:00+00:00,S,3119.2,3105.0375,814.87,230976.29,1
2130,2131,2025-07-22 00:00:00+00:00,2025-07-22 04:00:00+00:00,L,3735.1,3735.1662,-226.88,230749.41,1
2136,2137,2025-07-23 00:00:00+00:00,2025-07-23 04:00:00+00:00,S,3731.1,3668.0516,3668.47,234417.88,1
2139,2140,2025-07-23 12:00:00+00:00,2025-07-23 16:00:00+00:00,L,3647.0,3592.0,-3769.6,230645.35,1
2140,2141,2025-07-23 16:00:00+00:00,2025-07-23 20:00:00+00:00,S,3592.0,3532.3936,3596.73,234242.08,1
2142,2143,2025-07-24 00:00:00+00:00,2025-07-24 04:00:00+00:00,L,3642.9,3659.0478,804.08,235046.16,1
2154,2155,2025-07-26 00:00:00+00:00,2025-07-26 04:00:00+00:00,S,3742.9,3737.1242,127.66,235173.83,1
2165,2166,2025-07-27 20:00:00+00:00,2025-07-28 00:00:00+00:00,L,3875.7,3908.4988,1755.03,236928.85,1
2166,2167,2025-07-28 00:00:00+00:00,2025-07-28 04:00:00+00:00,S,3884.0,3873.0068,433.67,237362.52,1
2172,2173,2025-07-29 00:00:00+00:00,2025-07-29 04:00:00+00:00,L,3792.3,3877.9343,5122.54,242485.07,1
2176,2177,2025-07-29 16:00:00+00:00,2025-07-29 20:00:00+00:00,S,3765.9,3743.1241,1224.05,243709.12,1
2183,2184,2025-07-30 20:00:00+00:00,2025-07-31 00:00:00+00:00,L,3811.1,3867.1993,3343.68,247052.8,1
2184,2185,2025-07-31 00:00:00+00:00,2025-07-31 04:00:00+00:00,S,3863.1,3856.5203,173.73,247226.53,1
2190,2195,2025-08-01 00:00:00+00:00,2025-08-01 20:00:00+00:00,L,3703.1,3486.2,-14726.99,232484.09,5
2195,2196,2025-08-01 20:00:00+00:00,2025-08-02 00:00:00+00:00,S,3486.2,3477.4649,350.04,232834.12,1
2196,2197,2025-08-02 00:00:00+00:00,2025-08-02 04:00:00+00:00,L,3526.6,3534.0356,258.08,233092.21,1
2202,2203,2025-08-03 00:00:00+00:00,2025-08-03 04:00:00+00:00,S,3441.9,3433.5679,331.18,233423.38,1
2203,2204,2025-08-03 04:00:00+00:00,2025-08-03 08:00:00+00:00,L,3454.0,3512.4553,3717.02,237140.4,1
2208,2209,2025-08-04 00:00:00+00:00,2025-08-04 04:00:00+00:00,S,3554.8,3520.7959,2031.27,239171.67,1
2215,2216,2025-08-05 04:00:00+00:00,2025-08-05 08:00:00+00:00,L,3612.0,3692.7399,5107.09,244278.76,1
2221,2222,2025-08-06 04:00:00+00:00,2025-08-06 08:00:00+00:00,S,3638.5,3609.6431,1693.09,245971.85,1
2224,2225,2025-08-06 16:00:00+00:00,2025-08-06 20:00:00+00:00,L,3681.9,3683.2999,-152.45,245819.4,1
2228,2229,2025-08-07 08:00:00+00:00,2025-08-07 12:00:00+00:00,S,3827.2,3805.8644,1124.56,246943.96,1
2231,2232,2025-08-07 20:00:00+00:00,2025-08-08 00:00:00+00:00,L,3912.3,3968.18,3280.2,250224.15,1
2232,2233,2025-08-08 00:00:00+00:00,2025-08-08 04:00:00+00:00,S,3941.9,3898.5755,2499.93,252724.08,1
2243,2244,2025-08-09 20:00:00+00:00,2025-08-10 00:00:00+00:00,L,4264.2,4333.2219,3837.96,256562.04,1
2244,2245,2025-08-10 00:00:00+00:00,2025-08-10 04:00:00+00:00,S,4245.1,4179.8855,3684.82,260246.86,1
2248,2249,2025-08-10 16:00:00+00:00,2025-08-10 20:00:00+00:00,L,4251.9,4257.1115,58.74,260305.6,1
2250,2251,2025-08-11 00:00:00+00:00,2025-08-11 04:00:00+00:00,S,4311.7,4271.7316,2152.66,262458.26,1
2271,2272,2025-08-14 12:00:00+00:00,2025-08-14 16:00:00+00:00,L,4623.1,4626.1076,-91.71,262366.55,1
2273,2274,2025-08-14 20:00:00+00:00,2025-08-15 00:00:00+00:00,S,4546.4,4539.985,107.84,262474.38,1
2277,2278,2025-08-15 12:00:00+00:00,2025-08-15 16:00:00+00:00,L,4429.2,4458.9048,1497.83,263972.22,1
2286,2287,2025-08-17 00:00:00+00:00,2025-08-17 04:00:00+00:00,S,4452.4,4445.1247,167.36,264139.58,1
2292,2293,2025-08-18 00:00:00+00:00,2025-08-18 04:00:00+00:00,L,4321.6,4347.4505,1315.86,265455.44,1
2303,2304,2025-08-19 20:00:00+00:00,2025-08-20 00:00:00+00:00,S,4073.7,4062.1555,486.82,265942.26,1
2304,2305,2025-08-20 00:00:00+00:00,2025-08-20 04:00:00+00:00,L,4138.9,4207.6879,4153.98,270096.24,1
2307,2309,2025-08-20 12:00:00+00:00,2025-08-20 20:00:00+00:00,S,4253.6,4337.4,-5591.11,264498.37,2
2309,2310,2025-08-20 20:00:00+00:00,2025-08-21 00:00:00+00:00,L,4337.4,4338.8692,-174.9,264323.47,1
2310,2311,2025-08-21 00:00:00+00:00,2025-08-21 04:00:00+00:00,S,4295.3,4274.157,1036.77,265360.24,1
2313,2314,2025-08-21 12:00:00+00:00,2025-08-21 16:00:00+00:00,L,4246.2,4274.836,1524.2,266884.44,1
2315,2316,2025-08-21 20:00:00+00:00,2025-08-22 00:00:00+00:00,S,4226.5,4225.2208,-186.11,266698.34,1
2326,2327,2025-08-23 16:00:00+00:00,2025-08-23 20:00:00+00:00,L,4762.0,4800.498,1889.4,268587.74,1
2328,2329,2025-08-24 00:00:00+00:00,2025-08-24 04:00:00+00:00,S,4793.1,4762.2638,1459.36,270047.1,1
2334,2335,2025-08-25 00:00:00+00:00,2025-08-25 04:00:00+00:00,L,4727.4,4736.9033,272.82,270319.92,1
2338,2339,2025-08-25 16:00:00+00:00,2025-08-25 20:00:00+00:00,S,4415.4,4336.4095,4565.64,274885.56,1
2340,2341,2025-08-26 00:00:00+00:00,2025-08-26 04:00:00+00:00,L,4402.9,4452.5516,2825.01,277710.57,1
2343,2344,2025-08-26 12:00:00+00:00,2025-08-26 16:00:00+00:00,S,4517.1,4499.1261,827.32,278537.89,1
2344,2345,2025-08-26 16:00:00+00:00,2025-08-26 20:00:00+00:00,L,4593.7,4629.3381,1882.37,280420.26,1
2346,2347,2025-08-27 00:00:00+00:00,2025-08-27 04:00:00+00:00,S,4600.4,4558.9896,2243.78,282664.04,1
2352,2353,2025-08-28 00:00:00+00:00,2025-08-28 04:00:00+00:00,L,4541.1,4597.1241,3204.6,285868.64,1
2353,2354,2025-08-28 04:00:00+00:00,2025-08-28 08:00:00+00:00,S,4597.0,4583.2065,571.89,286440.53,1
2358,2359,2025-08-29 00:00:00+00:00,2025-08-29 04:00:00+00:00,L,4488.6,4493.3635,17.54,286458.08,1
2368,2369,2025-08-30 16:00:00+00:00,2025-08-30 20:00:00+00:00,S,4352.8,4334.8313,896.06,287354.14,1
2376,2377,2025-09-01 00:00:00+00:00,2025-09-01 04:00:00+00:00,L,4403.1,4460.8934,3484.34,290838.48,1
2379,2380,2025-09-01 12:00:00+00:00,2025-09-01 16:00:00+00:00,S,4359.1,4307.2181,3170.71,294009.2,1
2385,2386,2025-09-02 12:00:00+00:00,2025-09-02 16:00:00+00:00,L,4293.7,4328.382,2080.83,296090.02,1
2388,2389,2025-09-03 00:00:00+00:00,2025-09-03 04:00:00+00:00,S,4332.9,4289.6317,2660.66,298750.68,1
2393,2394,2025-09-03 20:00:00+00:00,2025-09-04 00:00:00+00:00,L,4448.2,4479.3888,1795.95,300546.64,1
2398,2399,2025-09-04 16:00:00+00:00,2025-09-04 20:00:00+00:00,S,4277.3,4273.4064,-26.96,300519.67,1
2403,2404,2025-09-05 12:00:00+00:00,2025-09-05 16:00:00+00:00,L,4281.4,4329.0447,3043.75,303563.43,1
2412,2413,2025-09-07 00:00:00+00:00,2025-09-07 04:00:00+00:00,S,4294.5,4277.2802,913.65,304477.07,1
2424,2425,2025-09-09 00:00:00+00:00,2025-09-09 04:00:00+00:00,L,4306.7,4379.9519,4874.32,309351.39,1
2425,2426,2025-09-09 04:00:00+00:00,2025-09-09 08:00:00+00:00,S,4360.7,4342.4029,988.66,310340.05,1
2427,2428,2025-09-09 12:00:00+00:00,2025-09-09 16:00:00+00:00,L,4285.0,4298.3997,660.13,311000.18,1
2428,2429,2025-09-09 16:00:00+00:00,2025-09-09 20:00:00+00:00,S,4295.5,4282.4786,631.77,311631.95,1
2441,2442,2025-09-11 20:00:00+00:00,2025-09-12 00:00:00+00:00,L,4460.0,4538.1782,5150.89,316782.84,1
2442,2443,2025-09-12 00:00:00+00:00,2025-09-12 04:00:00+00:00,S,4507.6,4503.0234,4.85,316787.69,1
2447,2448,2025-09-12 20:00:00+00:00,2025-09-13 00:00:00+00:00,L,4713.5,4765.6279,3186.66,319974.34,1
2448,2449,2025-09-13 00:00:00+00:00,2025-09-13 04:00:00+00:00,S,4757.2,4705.8499,3133.89,323108.23,1
2454,2455,2025-09-14 00:00:00+00:00,2025-09-14 04:00:00+00:00,L,4666.1,4684.1736,928.42,324036.65,1
2460,2461,2025-09-15 00:00:00+00:00,2025-09-15 04:00:00+00:00,S,4639.6,4593.2139,2915.64,326952.28,1
2461,2464,2025-09-15 04:00:00+00:00,2025-09-15 16:00:00+00:00,L,4601.1,4497.1,-7716.86,319223.16,3
2464,2465,2025-09-15 16:00:00+00:00,2025-09-15 20:00:00+00:00,S,4497.1,4492.1208,34.22,319257.39,1
2466,2467,2025-09-16 00:00:00+00:00,2025-09-16 04:00:00+00:00,L,4524.0,4537.3338,621.7,319879.09,1
2473,2474,2025-09-17 04:00:00+00:00,2025-09-17 08:00:00+00:00,S,4543.7,4480.4213,4134.98,324014.07,1
2477,2478,2025-09-17 20:00:00+00:00,2025-09-18 00:00:00+00:00,L,4590.8,4643.624,3404.25,327418.32,1
2478,2479,2025-09-18 00:00:00+00:00,2025-09-18 04:00:00+00:00,S,4613.9,4555.5716,3811.77,331230.09,1
2484,2485,2025-09-19 00:00:00+00:00,2025-09-19 04:00:00+00:00,L,4550.9,4560.3393,355.8,331585.89,1
2488,2489,2025-09-19 16:00:00+00:00,2025-09-19 20:00:00+00:00,S,4443.8,4442.3336,-222.17,331363.72,1
2490,2491,2025-09-20 00:00:00+00:00,2025-09-20 04:00:00+00:00,L,4467.3,4484.4766,942.72,332306.44,1
2501,2502,2025-09-21 20:00:00+00:00,2025-09-22 00:00:00+00:00,S,4445.2,4263.1086,13280.17,345586.61,1
2502,2503,2025-09-22 00:00:00+00:00,2025-09-22 04:00:00+00:00,L,4304.9,4308.3981,-64.77,345521.84,1
2507,2508,2025-09-22 20:00:00+00:00,2025-09-23 00:00:00+00:00,S,4197.3,4113.6667,6539.17,352061.01,1
2508,2509,2025-09-23 00:00:00+00:00,2025-09-23 04:00:00+00:00,L,4185.9,4211.7571,1822.68,353883.69,1
2512,2513,2025-09-23 16:00:00+00:00,2025-09-23 20:00:00+00:00,S,4151.1,4139.0307,675.03,354558.72,1
2514,2515,2025-09-24 00:00:00+00:00,2025-09-24 04:00:00+00:00,L,4145.4,4180.429,2641.49,357200.21,1
2519,2520,2025-09-24 20:00:00+00:00,2025-09-25 00:00:00+00:00,S,4151.5,4024.4178,10577.11,367777.32,1
2520,2521,2025-09-25 00:00:00+00:00,2025-09-25 04:00:00+00:00,L,4061.2,4067.8306,232.68,368010.01,1
2525,2526,2025-09-25 20:00:00+00:00,2025-09-26 00:00:00+00:00,S,3872.4,3867.3727,109.75,368119.76,1
2531,2532,2025-09-26 20:00:00+00:00,2025-09-27 00:00:00+00:00,L,4030.8,4017.5,-1582.75,366532.41,1
2532,2533,2025-09-27 00:00:00+00:00,2025-09-27 04:00:00+00:00,S,4017.5,4005.8971,692.04,367224.46,1
2538,2539,2025-09-28 00:00:00+00:00,2025-09-28 04:00:00+00:00,L,4001.4,4017.7792,1135.96,368360.42,1
2541,2542,2025-09-28 12:00:00+00:00,2025-09-28 16:00:00+00:00,S,4019.4,4037.8,-2054.61,366301.2,1
2542,2543,2025-09-28 16:00:00+00:00,2025-09-28 20:00:00+00:00,L,4037.8,4142.9757,9175.03,375476.24,1
2543,2544,2025-09-28 20:00:00+00:00,2025-09-29 00:00:00+00:00,S,4141.6,4102.5974,3160.49,378636.73,1
2549,2550,2025-09-29 20:00:00+00:00,2025-09-30 00:00:00+00:00,L,4213.6,4242.6776,2234.29,380871.02,1
2550,2551,2025-09-30 00:00:00+00:00,2025-09-30 04:00:00+00:00,S,4197.0,4168.7895,2179.18,383050.2,1
2556,2557,2025-10-01 00:00:00+00:00,2025-10-01 04:00:00+00:00,L,4126.4,4154.5964,2234.4,385284.6,1
2558,2559,2025-10-01 08:00:00+00:00,2025-10-01 12:00:00+00:00,S,4296.8,4281.3704,998.26,386282.86,1
2561,2562,2025-10-01 20:00:00+00:00,2025-10-02 00:00:00+00:00,L,4346.0,4397.4581,4187.44,390470.3,1
2562,2563,2025-10-02 00:00:00+00:00,2025-10-02 04:00:00+00:00,S,4376.2,4361.3317,936.16,391406.46,1
2567,2568,2025-10-02 20:00:00+00:00,2025-10-03 00:00:00+00:00,L,4483.7,4558.5287,6140.8,397547.26,1
2568,2569,2025-10-03 00:00:00+00:00,2025-10-03 04:00:00+00:00,S,4501.2,4456.3525,3563.4,401110.66,1
2574,2575,2025-10-04 00:00:00+00:00,2025-10-04 04:00:00+00:00,L,4487.2,4516.312,2201.21,403311.87,1
2580,2581,2025-10-05 00:00:00+00:00,2025-10-05 04:00:00+00:00,S,4531.6,4529.2264,-192.07,403119.8,1
2591,2592,2025-10-06 20:00:00+00:00,2025-10-07 00:00:00+00:00,L,4686.0,4698.6927,688.79,403808.59,1
2592,2593,2025-10-07 00:00:00+00:00,2025-10-07 04:00:00+00:00,S,4693.0,4668.2093,1729.3,405537.89,1
2595,2596,2025-10-07 12:00:00+00:00,2025-10-07 16:00:00+00:00,L,4515.2,4524.5872,437.58,405975.47,1
2597,2598,2025-10-07 20:00:00+00:00,2025-10-08 00:00:00+00:00,S,4450.7,4437.9971,752.73,406728.21,1
2598,2599,2025-10-08 00:00:00+00:00,2025-10-08 04:00:00+00:00,L,4446.6,4466.9415,1453.9,408182.11,1
2609,2610,2025-10-09 20:00:00+00:00,2025-10-10 00:00:00+00:00,S,4369.2,4343.8804,1957.24,410139.35,1
2610,2611,2025-10-10 00:00:00+00:00,2025-10-10 04:00:00+00:00,L,4346.7,4375.5412,2311.22,412450.57,1
2625,2627,2025-10-12 12:00:00+00:00,2025-10-12 20:00:00+00:00,S,4032.4,4150.2,-12461.21,399979.05,2
2627,2628,2025-10-12 20:00:00+00:00,2025-10-13 00:00:00+00:00,L,4150.2,4214.592,5805.85,405784.9,1
2628,2629,2025-10-13 00:00:00+00:00,2025-10-13 04:00:00+00:00,S,4138.9,4117.7382,1668.96,407453.86,1
2633,2634,2025-10-13 20:00:00+00:00,2025-10-14 00:00:00+00:00,L,4238.9,4259.4178,1564.77,409018.62,1
2641,2642,2025-10-15 04:00:00+00:00,2025-10-15 08:00:00+00:00,S,4121.7,4089.5158,2784.79,411803.42,1
2643,2644,2025-10-15 12:00:00+00:00,2025-10-15 16:00:00+00:00,L,3979.6,4009.3962,2671.46,414474.88,1
2645,2646,2025-10-15 20:00:00+00:00,2025-10-16 00:00:00+00:00,S,3983.7,3976.2489,360.75,414835.63,1
2646,2647,2025-10-16 00:00:00+00:00,2025-10-16 04:00:00+00:00,L,4012.9,4043.2147,2718.96,417554.59,1
2648,2649,2025-10-16 08:00:00+00:00,2025-10-16 12:00:00+00:00,S,4061.4,3892.4486,16952.42,434507.01,1
2649,2650,2025-10-16 12:00:00+00:00,2025-10-16 16:00:00+00:00,L,3904.7,3962.6538,6014.48,440521.49,1
2652,2653,2025-10-17 00:00:00+00:00,2025-10-17 04:00:00+00:00,S,3930.9,3755.3098,19237.23,459758.72,1
2653,2654,2025-10-17 04:00:00+00:00,2025-10-17 08:00:00+00:00,L,3756.4,3812.9548,6462.17,466220.89,1
2658,2659,2025-10-18 00:00:00+00:00,2025-10-18 04:00:00+00:00,S,3869.7,3841.9882,2872.5,469093.38,1
2668,2669,2025-10-19 16:00:00+00:00,2025-10-19 20:00:00+00:00,L,3983.7,4025.1421,4410.85,473504.23,1
2670,2671,2025-10-20 00:00:00+00:00,2025-10-20 04:00:00+00:00,S,4025.5,4023.8892,-284.03,473220.2,1
2676,2679,2025-10-21 00:00:00+00:00,2025-10-21 12:00:00+00:00,L,3922.6,4084.2891,19032.38,492240.75,3
2679,2680,2025-10-21 12:00:00+00:00,2025-10-21 16:00:00+00:00,S,4082.9,3966.2974,13565.55,505806.3,1
2682,2683,2025-10-22 00:00:00+00:00,2025-10-22 04:00:00+00:00,L,3857.1,3880.0291,2501.04,508307.33,1
2689,2690,2025-10-23 04:00:00+00:00,2025-10-23 08:00:00+00:00,S,3879.1,3862.0491,1726.0,510033.33,1
2699,2700,2025-10-24 20:00:00+00:00,2025-10-25 00:00:00+00:00,L,3935.9,3938.5402,-167.91,509865.42,1
2700,2704,2025-10-25 00:00:00+00:00,2025-10-25 16:00:00+00:00,S,3921.8,3957.6,-5163.89,504676.03,4
2704,2705,2025-10-25 16:00:00+00:00,2025-10-25 20:00:00+00:00,L,3957.6,3964.4854,373.35,505049.39,1
2708,2709,2025-10-26 08:00:00+00:00,2025-10-26 12:00:00+00:00,S,4045.2,4042.7031,-193.31,504856.08,1
2718,2719,2025-10-28 00:00:00+00:00,2025-10-28 04:00:00+00:00,L,4093.4,4124.0758,3278.52,508134.6,1
2732,2733,2025-10-30 08:00:00+00:00,2025-10-30 12:00:00+00:00,S,3880.7,3758.9145,15438.32,523572.92,1
2733,2734,2025-10-30 12:00:00+00:00,2025-10-30 16:00:00+00:00,L,3772.7,3798.9242,3115.81,526688.73,1
2736,2737,2025-10-31 00:00:00+00:00,2025-10-31 04:00:00+00:00,S,3828.4,3820.9593,496.96,527185.69,1
2740,2741,2025-10-31 16:00:00+00:00,2025-10-31 20:00:00+00:00,L,3884.3,3889.618,194.59,527380.28,1
2741,2742,2025-10-31 20:00:00+00:00,2025-11-01 00:00:00+00:00,S,3846.0,3829.9184,1677.8,529058.08,1
2754,2755,2025-11-03 00:00:00+00:00,2025-11-03 04:00:00+00:00,L,3733.7,3761.7517,3445.81,532503.89,1
2759,2760,2025-11-03 20:00:00+00:00,2025-11-04 00:00:00+00:00,S,3602.4,3566.7204,4741.62,537245.51,1
2760,2761,2025-11-04 00:00:00+00:00,2025-11-04 04:00:00+00:00,L,3640.2,3644.4466,89.5,537335.01,1
2772,2773,2025-11-06 00:00:00+00:00,2025-11-06 04:00:00+00:00,S,3432.3,3368.0363,9523.31,546858.32,1
2775,2776,2025-11-06 12:00:00+00:00,2025-11-06 16:00:00+00:00,L,3299.2,3349.087,7722.15,554580.47,1
2777,2778,2025-11-06 20:00:00+00:00,2025-11-07 00:00:00+00:00,S,3313.5,3275.4307,5817.08,560397.55,1
2780,2781,2025-11-07 08:00:00+00:00,2025-11-07 12:00:00+00:00,L,3258.8,3315.2357,9144.53,569542.08,1
2784,2785,2025-11-08 00:00:00+00:00,2025-11-08 04:00:00+00:00,S,3453.8,3420.9878,4841.29,574383.37,1
2790,2791,2025-11-09 00:00:00+00:00,2025-11-09 04:00:00+00:00,L,3375.0,3424.0337,7770.54,582153.92,1
2791,2792,2025-11-09 04:00:00+00:00,2025-11-09 08:00:00+00:00,S,3421.5,3383.1294,5946.44,588100.35,1
2792,2793,2025-11-09 08:00:00+00:00,2025-11-09 12:00:00+00:00,L,3428.1,3561.6811,22328.12,610428.47,1
2793,2794,2025-11-09 12:00:00+00:00,2025-11-09 16:00:00+00:00,S,3515.2,3502.8154,1540.2,611968.67,1
2794,2795,2025-11-09 16:00:00+00:00,2025-11-09 20:00:00+00:00,L,3579.7,3619.2161,6143.52,618112.19,1
2796,2797,2025-11-10 00:00:00+00:00,2025-11-10 04:00:00+00:00,S,3627.8,3590.1665,5793.96,623906.16,1
2805,2806,2025-11-11 12:00:00+00:00,2025-11-11 16:00:00+00:00,L,3479.5,3496.8542,2487.86,626394.01,1
2806,2807,2025-11-11 16:00:00+00:00,2025-11-11 20:00:00+00:00,S,3455.1,3403.019,8815.66,635209.68,1
2808,2809,2025-11-12 00:00:00+00:00,2025-11-12 04:00:00+00:00,L,3437.1,3453.5806,2410.58,637620.25,1
2814,2815,2025-11-13 00:00:00+00:00,2025-11-13 04:00:00+00:00,S,3450.1,3433.2992,2467.37,640087.63,1
2817,2818,2025-11-13 12:00:00+00:00,2025-11-13 16:00:00+00:00,L,3385.7,3395.3429,1182.96,641270.59,1
2825,2830,2025-11-14 20:00:00+00:00,2025-11-15 16:00:00+00:00,S,3112.9,3198.7,-18315.29,622915.22,5
2830,2831,2025-11-15 16:00:00+00:00,2025-11-15 20:00:00+00:00,L,3198.7,3199.2652,-512.84,622402.38,1
2831,2832,2025-11-15 20:00:00+00:00,2025-11-16 00:00:00+00:00,S,3168.0,3133.8221,6092.37,628494.75,1
2836,2837,2025-11-16 16:00:00+00:00,2025-11-16 20:00:00+00:00,L,3092.1,3116.2769,4285.67,632780.41,1
2838,2839,2025-11-17 00:00:00+00:00,2025-11-17 04:00:00+00:00,S,3177.8,3169.2934,1061.09,633841.5,1
2841,2842,2025-11-17 12:00:00+00:00,2025-11-17 16:00:00+00:00,L,3121.4,3144.6937,4096.24,637937.74,1
2856,2857,2025-11-20 00:00:00+00:00,2025-11-20 04:00:00+00:00,S,3039.4,3008.9403,5755.23,643692.97,1
2860,2861,2025-11-20 16:00:00+00:00,2025-11-20 20:00:00+00:00,L,2847.8,2903.8695,12029.8,655722.77,1
2874,2875,2025-11-23 00:00:00+00:00,2025-11-23 04:00:00+00:00,S,2823.9,2778.1135,9976.11,665698.88,1
2885,2886,2025-11-24 20:00:00+00:00,2025-11-25 00:00:00+00:00,L,2952.5,2911.6,-9887.28,655803.28,1
2886,2887,2025-11-25 00:00:00+00:00,2025-11-25 04:00:00+00:00,S,2911.6,2903.0195,1276.85,657080.12,1
2891,2892,2025-11-25 20:00:00+00:00,2025-11-26 00:00:00+00:00,L,2959.0,2983.3899,4758.97,661839.09,1
2892,2893,2025-11-26 00:00:00+00:00,2025-11-26 04:00:00+00:00,S,2926.5,2921.358,501.05,662340.14,1
2897,2898,2025-11-26 20:00:00+00:00,2025-11-27 00:00:00+00:00,L,3025.8,3069.2701,8853.16,671193.3,1
2898,2899,2025-11-27 00:00:00+00:00,2025-11-27 04:00:00+00:00,S,3032.4,3017.688,2585.16,673778.46,1
2904,2905,2025-11-28 00:00:00+00:00,2025-11-28 04:00:00+00:00,L,3007.1,3027.0299,3791.76,677570.22,1
2906,2907,2025-11-28 08:00:00+00:00,2025-11-28 12:00:00+00:00,S,3032.7,3025.5252,925.42,678495.65,1
2910,2911,2025-11-29 00:00:00+00:00,2025-11-29 04:00:00+00:00,L,3021.1,3042.7127,4175.4,682671.05,1
2915,2916,2025-11-29 20:00:00+00:00,2025-11-30 00:00:00+00:00,S,2987.9,2975.8445,2071.76,684742.81,1
2920,2921,2025-11-30 16:00:00+00:00,2025-11-30 20:00:00+00:00,L,3033.5,3039.3325,631.8,685374.62,1
2928,2929,2025-12-02 00:00:00+00:00,2025-12-02 04:00:00+00:00,S,2803.4,2797.0428,868.84,686243.45,1
2939,2940,2025-12-03 20:00:00+00:00,2025-12-04 00:00:00+00:00,L,3187.0,3237.275,10139.26,696382.71,1
2940,2941,2025-12-04 00:00:00+00:00,2025-12-04 04:00:00+00:00,S,3208.6,3171.2981,7399.48,703782.19,1
2949,2950,2025-12-05 12:00:00+00:00,2025-12-05 16:00:00+00:00,L,3103.8,3104.795,-478.16,703304.03,1
2951,2952,2025-12-05 20:00:00+00:00,2025-12-06 00:00:00+00:00,S,3020.4,3011.9166,1272.06,704576.09,1
2952,2953,2025-12-06 00:00:00+00:00,2025-12-06 04:00:00+00:00,L,3038.3,3039.6511,-391.25,704184.83,1
2958,2959,2025-12-07 00:00:00+00:00,2025-12-07 04:00:00+00:00,S,3052.6,3031.6238,4134.68,708319.51,1
2961,2962,2025-12-07 12:00:00+00:00,2025-12-07 16:00:00+00:00,L,3027.2,3149.259,27851.67,736171.18,1
2962,2963,2025-12-07 16:00:00+00:00,2025-12-07 20:00:00+00:00,S,3138.0,3016.44,27781.65,763952.84,1
2982,2983,2025-12-11 00:00:00+00:00,2025-12-11 04:00:00+00:00,L,3192.6,3214.7563,4537.79,768490.63,1
2988,2989,2025-12-12 00:00:00+00:00,2025-12-12 04:00:00+00:00,S,3247.5,3236.0371,1944.09,770434.72,1
2991,2992,2025-12-12 12:00:00+00:00,2025-12-12 16:00:00+00:00,L,3076.4,3099.8938,5113.2,775547.93,1
3000,3001,2025-12-14 00:00:00+00:00,2025-12-14 04:00:00+00:00,S,3120.4,3107.4264,2448.93,777996.85,1
3002,3003,2025-12-14 08:00:00+00:00,2025-12-14 12:00:00+00:00,L,3085.7,3108.4667,4962.17,782959.02,1
3006,3007,2025-12-15 00:00:00+00:00,2025-12-15 04:00:00+00:00,S,3109.1,3106.069,-19.66,782939.36,1
3009,3010,2025-12-15 12:00:00+00:00,2025-12-15 16:00:00+00:00,L,3011.5,3017.3749,744.43,783683.8,1
3011,3012,2025-12-15 20:00:00+00:00,2025-12-16 00:00:00+00:00,S,2964.3,2923.2929,10057.53,793741.33,1
3012,3013,2025-12-16 00:00:00+00:00,2025-12-16 04:00:00+00:00,L,2936.6,2950.695,3016.04,796757.37,1
3027,3028,2025-12-18 12:00:00+00:00,2025-12-18 16:00:00+00:00,S,2963.9,2775.3726,49883.29,846640.66,1
3042,3043,2025-12-21 00:00:00+00:00,2025-12-21 04:00:00+00:00,L,2971.6,2980.7851,1770.3,848410.96,1
3044,3045,2025-12-21 08:00:00+00:00,2025-12-21 12:00:00+00:00,S,2995.6,2944.5225,13617.7,862028.66,1
3047,3048,2025-12-21 20:00:00+00:00,2025-12-22 00:00:00+00:00,L,3001.0,3057.6452,15409.13,877437.79,1
3048,3049,2025-12-22 00:00:00+00:00,2025-12-22 04:00:00+00:00,S,3020.6,3019.5196,-563.61,876874.18,1
3054,3055,2025-12-23 00:00:00+00:00,2025-12-23 04:00:00+00:00,L,2991.0,2997.2966,969.11,877843.29,1
3066,3067,2025-12-25 00:00:00+00:00,2025-12-25 04:00:00+00:00,S,2946.6,2938.627,1497.44,879340.73,1
3068,3069,2025-12-25 08:00:00+00:00,2025-12-25 12:00:00+00:00,L,2924.2,2969.1679,12643.01,891983.74,1
3069,3070,2025-12-25 12:00:00+00:00,2025-12-25 16:00:00+00:00,S,2959.0,2943.2073,3868.7,895852.44,1
3078,3079,2025-12-27 00:00:00+00:00,2025-12-27 04:00:00+00:00,L,2931.9,2936.0131,360.91,896213.35,1
3081,3082,2025-12-27 12:00:00+00:00,2025-12-27 16:00:00+00:00,S,2925.4,2916.9877,1680.94,897894.29,1
3087,3088,2025-12-28 12:00:00+00:00,2025-12-28 16:00:00+00:00,L,2947.5,2952.5075,627.52,898521.81,1
3088,3089,2025-12-28 16:00:00+00:00,2025-12-28 20:00:00+00:00,S,2932.4,2928.1896,391.58,898913.39,1
3089,3090,2025-12-28 20:00:00+00:00,2025-12-29 00:00:00+00:00,L,2949.3,3046.3045,28666.96,927580.35,1
3090,3091,2025-12-29 00:00:00+00:00,2025-12-29 04:00:00+00:00,S,3043.0,3008.7144,9523.5,937103.85,1
3102,3103,2025-12-31 00:00:00+00:00,2025-12-31 04:00:00+00:00,L,2970.0,2978.4015,1713.78,938817.62,1
3105,3106,2025-12-31 12:00:00+00:00,2025-12-31 16:00:00+00:00,S,2985.3,2959.741,7098.99,945916.61,1
3110,3111,2026-01-01 08:00:00+00:00,2026-01-01 12:00:00+00:00,L,2990.0,2995.3885,758.79,946675.41,1
3111,3112,2026-01-01 12:00:00+00:00,2026-01-01 16:00:00+00:00,S,2990.3,2981.6045,1806.16,948481.56,1
3119,3120,2026-01-02 20:00:00+00:00,2026-01-03 00:00:00+00:00,L,3123.7,3134.2634,2258.98,950740.54,1
3120,3121,2026-01-03 00:00:00+00:00,2026-01-03 04:00:00+00:00,S,3123.9,3075.5573,13762.07,964502.61,1
3124,3125,2026-01-03 16:00:00+00:00,2026-01-03 20:00:00+00:00,L,3111.9,3129.3199,4434.62,968937.23,1
3126,3127,2026-01-04 00:00:00+00:00,2026-01-04 04:00:00+00:00,S,3146.6,3134.282,2824.18,971761.41,1
3137,3138,2026-01-05 20:00:00+00:00,2026-01-06 00:00:00+00:00,L,3223.5,3245.1777,5563.22,977324.63,1
3138,3139,2026-01-06 00:00:00+00:00,2026-01-06 04:00:00+00:00,S,3223.9,3210.9229,2956.68,980281.31,1
3143,3144,2026-01-06 20:00:00+00:00,2026-01-07 00:00:00+00:00,L,3295.9,3265.5,-10021.86,970247.2,1
3144,3145,2026-01-07 00:00:00+00:00,2026-01-07 04:00:00+00:00,S,3265.5,3246.5553,4658.62,974905.82,1
3147,3148,2026-01-07 12:00:00+00:00,2026-01-07 16:00:00+00:00,L,3164.0,3177.1652,3081.63,977987.44,1
3149,3150,2026-01-07 20:00:00+00:00,2026-01-08 00:00:00+00:00,S,3167.7,3133.1331,9694.09,987681.54,1
3150,3151,2026-01-08 00:00:00+00:00,2026-01-08 04:00:00+00:00,L,3141.4,3159.0407,4558.68,992240.22,1
3156,3157,2026-01-09 00:00:00+00:00,2026-01-09 04:00:00+00:00,S,3120.7,3112.3042,1677.25,993917.47,1
3158,3159,2026-01-09 08:00:00+00:00,2026-01-09 12:00:00+00:00,L,3090.9,3143.1493,15807.49,1009724.96,1
3161,3162,2026-01-09 20:00:00+00:00,2026-01-10 00:00:00+00:00,S,3088.2,3080.3906,1543.66,1011268.61,1
3162,3163,2026-01-10 00:00:00+00:00,2026-01-10 04:00:00+00:00,L,3085.8,3092.1587,1072.6,1012341.21,1
3168,3169,2026-01-11 00:00:00+00:00,2026-01-11 04:00:00+00:00,S,3096.5,3089.2982,1342.13,1013683.34,1
3184,3185,2026-01-13 16:00:00+00:00,2026-01-13 20:00:00+00:00,L,3215.7,3375.9861,49513.22,1063196.56,1
3185,3186,2026-01-13 20:00:00+00:00,2026-01-14 00:00:00+00:00,S,3324.7,3316.0022,1718.26,1064914.82,1
3192,3193,2026-01-15 00:00:00+00:00,2026-01-15 04:00:00+00:00,L,3285.8,3333.9881,14552.65,1079467.47,1
3206,3207,2026-01-17 08:00:00+00:00,2026-01-17 12:00:00+00:00,S,3302.4,3300.1465,-342.86,1079124.61,1
3215,3216,2026-01-18 20:00:00+00:00,2026-01-19 00:00:00+00:00,L,3282.7,3282.7302,-1069.21,1078055.4,1
3227,3228,2026-01-20 20:00:00+00:00,2026-01-21 00:00:00+00:00,S,2938.9,2922.0497,5103.03,1083158.43,1
3228,3229,2026-01-21 00:00:00+00:00,2026-01-21 04:00:00+00:00,L,2980.8,2999.9737,5884.16,1089042.59,1
3231,3232,2026-01-21 12:00:00+00:00,2026-01-21 16:00:00+00:00,S,3001.3,2866.4331,47848.36,1136890.95,1
3237,3238,2026-01-22 12:00:00+00:00,2026-01-22 16:00:00+00:00,L,2940.8,2970.7954,10459.09,1147350.05,1
3246,3247,2026-01-24 00:00:00+00:00,2026-01-24 04:00:00+00:00,S,2961.2,2953.6529,1776.87,1149126.91,1
3252,3253,2026-01-25 00:00:00+00:00,2026-01-25 04:00:00+00:00,L,2941.2,2947.5967,1350.06,1150476.97,1
3264,3265,2026-01-27 00:00:00+00:00,2026-01-27 04:00:00+00:00,S,2940.3,2924.4652,5045.33,1155522.3,1
3276,3277,2026-01-29 00:00:00+00:00,2026-01-29 04:00:00+00:00,L,2951.7,2963.6469,3521.41,1159043.71,1
3306,3307,2026-02-03 00:00:00+00:00,2026-02-03 04:00:00+00:00,S,2342.1,2298.7552,20291.17,1179334.88,1
3308,3309,2026-02-03 08:00:00+00:00,2026-02-03 12:00:00+00:00,L,2275.4,2314.2046,18933.01,1198267.88,1
3312,3313,2026-02-04 00:00:00+00:00,2026-02-04 04:00:00+00:00,S,2282.4,2257.5348,11856.06,1210123.94,1
3315,3316,2026-02-04 12:00:00+00:00,2026-02-04 16:00:00+00:00,L,2150.8,2191.1242,21477.85,1231601.79,1
3317,3318,2026-02-04 20:00:00+00:00,2026-02-05 00:00:00+00:00,S,2147.9,2099.5607,26486.05,1258087.84,1
3318,3319,2026-02-05 00:00:00+00:00,2026-02-05 04:00:00+00:00,L,2109.9,2123.1956,6669.8,1264757.65,1
3330,3331,2026-02-07 00:00:00+00:00,2026-02-07 04:00:00+00:00,S,2079.5,1995.5605,49787.46,1314545.1,1
3342,3346,2026-02-09 00:00:00+00:00,2026-02-09 16:00:00+00:00,L,2099.0,2141.573,25346.81,1339842.61,4
3360,3361,2026-02-12 00:00:00+00:00,2026-02-12 04:00:00+00:00,S,1968.0,1953.3541,8631.26,1348473.88,1
3364,3365,2026-02-12 16:00:00+00:00,2026-02-12 20:00:00+00:00,L,1924.5,1950.8971,17147.62,1365621.5,1
3365,3366,2026-02-12 20:00:00+00:00,2026-02-13 00:00:00+00:00,S,1946.9,1928.1687,11773.12,1377394.62,1
3367,3368,2026-02-13 04:00:00+00:00,2026-02-13 08:00:00+00:00,L,1934.7,1966.9871,21609.16,1399003.78,1
3369,3370,2026-02-13 12:00:00+00:00,2026-02-13 16:00:00+00:00,S,2034.3,2031.9607,209.78,1399213.56,1
3371,3372,2026-02-13 20:00:00+00:00,2026-02-14 00:00:00+00:00,L,2047.6,2055.5381,4025.21,1403238.77,1
3372,3373,2026-02-14 00:00:00+00:00,2026-02-14 04:00:00+00:00,S,2053.6,2048.2109,2279.15,1405517.92,1
3378,3379,2026-02-15 00:00:00+00:00,2026-02-15 04:00:00+00:00,L,2058.3,2101.548,28126.54,1433644.46,1
3380,3381,2026-02-15 08:00:00+00:00,2026-02-15 12:00:00+00:00,S,2060.5,1993.4971,45185.29,1478829.76,1
3382,3383,2026-02-15 16:00:00+00:00,2026-02-15 20:00:00+00:00,L,1941.3,1972.859,22561.99,1501391.74,1
3383,3384,2026-02-15 20:00:00+00:00,2026-02-16 00:00:00+00:00,S,1965.4,1949.0196,11011.78,1512403.52,1
3384,3385,2026-02-16 00:00:00+00:00,2026-02-16 04:00:00+00:00,L,1957.9,1976.7092,13017.0,1525420.52,1
3390,3391,2026-02-17 00:00:00+00:00,2026-02-17 04:00:00+00:00,S,1984.8,1964.4588,14107.84,1539528.36,1
3393,3394,2026-02-17 12:00:00+00:00,2026-02-17 16:00:00+00:00,L,1967.6,2013.7075,34536.8,1574065.16,1
3394,3395,2026-02-17 16:00:00+00:00,2026-02-17 20:00:00+00:00,S,1997.1,1987.5522,5951.28,1580016.44,1
3395,3396,2026-02-17 20:00:00+00:00,2026-02-18 00:00:00+00:00,L,1990.9,1998.6638,4581.5,1584597.95,1
3396,3397,2026-02-18 00:00:00+00:00,2026-02-18 04:00:00+00:00,S,1996.5,1993.319,940.11,1585538.05,1
3404,3405,2026-02-19 08:00:00+00:00,2026-02-19 12:00:00+00:00,L,1948.4,1954.0926,3046.92,1588584.97,1
3408,3409,2026-02-20 00:00:00+00:00,2026-02-20 04:00:00+00:00,S,1954.2,1931.2446,17072.05,1605657.03,1
3413,3414,2026-02-20 20:00:00+00:00,2026-02-21 00:00:00+00:00,L,1968.1,1968.9947,-875.69,1604781.33,1
3416,3417,2026-02-21 08:00:00+00:00,2026-02-21 12:00:00+00:00,S,1976.4,1968.0515,5173.99,1609955.33,1
3420,3421,2026-02-22 00:00:00+00:00,2026-02-22 04:00:00+00:00,L,1973.8,1978.234,2006.66,1611961.99,1
3425,3426,2026-02-22 20:00:00+00:00,2026-02-23 00:00:00+00:00,S,1957.0,1846.1599,89685.92,1701647.91,1
3426,3427,2026-02-23 00:00:00+00:00,2026-02-23 04:00:00+00:00,L,1861.6,1887.0375,21550.2,1723198.11,1
3438,3439,2026-02-25 00:00:00+00:00,2026-02-25 04:00:00+00:00,S,1905.4,1877.7828,23253.11,1746451.22,1
3443,3444,2026-02-25 20:00:00+00:00,2026-02-26 00:00:00+00:00,L,2056.9,2074.4126,13122.99,1759574.21,1
3444,3445,2026-02-26 00:00:00+00:00,2026-02-26 04:00:00+00:00,S,2053.7,2051.9608,-269.49,1759304.72,1
3452,3453,2026-02-27 08:00:00+00:00,2026-02-27 12:00:00+00:00,L,1961.4,1967.0216,3283.08,1762587.79,1
3454,3455,2026-02-27 16:00:00+00:00,2026-02-27 20:00:00+00:00,S,1920.1,1886.2664,29295.57,1791883.36,1
3456,3457,2026-02-28 00:00:00+00:00,2026-02-28 04:00:00+00:00,L,1923.5,1928.9094,3247.41,1795130.77,1
3462,3463,2026-03-01 00:00:00+00:00,2026-03-01 04:00:00+00:00,S,2022.7,1989.9657,27256.31,1822387.09,1
3474,3475,2026-03-03 00:00:00+00:00,2026-03-03 04:00:00+00:00,L,2007.6,2017.0862,6788.7,1829175.79,1
3481,3482,2026-03-04 04:00:00+00:00,2026-03-04 08:00:00+00:00,S,2005.6,2001.0662,2305.81,1831481.6,1
3485,3486,2026-03-04 20:00:00+00:00,2026-03-05 00:00:00+00:00,L,2126.6,2138.9777,8828.52,1840310.11,1
3486,3487,2026-03-05 00:00:00+00:00,2026-03-05 04:00:00+00:00,S,2119.1,2096.604,17696.12,1858006.24,1
3489,3490,2026-03-05 12:00:00+00:00,2026-03-05 16:00:00+00:00,L,2085.5,2091.495,3483.03,1861489.26,1
3491,3492,2026-03-05 20:00:00+00:00,2026-03-06 00:00:00+00:00,S,2072.0,2062.6236,6562.28,1868051.55,1
3492,3493,2026-03-06 00:00:00+00:00,2026-03-06 04:00:00+00:00,L,2083.1,2085.5164,298.86,1868350.41,1
3510,3511,2026-03-09 00:00:00+00:00,2026-03-09 04:00:00+00:00,S,1976.4,1963.2869,10527.85,1878878.26,1
3514,3515,2026-03-09 16:00:00+00:00,2026-03-09 20:00:00+00:00,L,2033.3,2035.3097,-21.79,1878856.47,1
3516,3519,2026-03-10 00:00:00+00:00,2026-03-10 12:00:00+00:00,S,2026.1,2008.515,14427.81,1893237.31,3
3522,3523,2026-03-11 00:00:00+00:00,2026-03-11 04:00:00+00:00,L,2020.0,2039.1345,16040.54,1909277.84,1
3525,3526,2026-03-11 12:00:00+00:00,2026-03-11 16:00:00+00:00,S,2048.8,2046.8709,-111.54,1909166.3,1
3526,3527,2026-03-11 16:00:00+00:00,2026-03-11 20:00:00+00:00,L,2074.9,2082.2375,4842.21,1914008.51,1
3531,3532,2026-03-12 12:00:00+00:00,2026-03-12 16:00:00+00:00,S,2071.0,2044.4368,22635.59,1936644.1,1
3532,3533,2026-03-12 16:00:00+00:00,2026-03-12 20:00:00+00:00,L,2069.3,2091.5691,18904.89,1955548.99,1
3534,3535,2026-03-13 00:00:00+00:00,2026-03-13 04:00:00+00:00,S,2118.0,2089.8627,24023.57,1979572.56,1
3540,3541,2026-03-14 00:00:00+00:00,2026-03-14 04:00:00+00:00,L,2100.3,2103.9268,1438.76,1981011.32,1
3544,3545,2026-03-14 16:00:00+00:00,2026-03-14 20:00:00+00:00,S,2076.3,2075.7311,-1438.23,1979573.09,1
3545,3546,2026-03-14 20:00:00+00:00,2026-03-15 00:00:00+00:00,L,2095.4,2107.2843,9247.75,1988820.84,1
3546,3549,2026-03-15 00:00:00+00:00,2026-03-15 12:00:00+00:00,S,2095.4,2085.8689,7057.32,1995828.45,3
3550,3551,2026-03-15 16:00:00+00:00,2026-03-15 20:00:00+00:00,L,2112.4,2201.8494,82517.38,2078345.83,1
3551,3552,2026-03-15 20:00:00+00:00,2026-03-16 00:00:00+00:00,S,2177.3,2164.6218,10023.63,2088369.46,1
3566,3567,2026-03-18 08:00:00+00:00,2026-03-18 12:00:00+00:00,L,2268.2,2268.2163,-2073.35,2086296.11,1
3580,3581,2026-03-20 16:00:00+00:00,2026-03-20 20:00:00+00:00,S,2131.3,2123.7944,5260.79,2091556.9,1
3581,3582,2026-03-20 20:00:00+00:00,2026-03-21 00:00:00+00:00,L,2145.4,2158.2465,10432.49,2101989.39,1
3582,3583,2026-03-21 00:00:00+00:00,2026-03-21 04:00:00+00:00,S,2152.3,2150.3076,-156.14,2101833.25,1
3587,3588,2026-03-21 20:00:00+00:00,2026-03-22 00:00:00+00:00,L,2083.1,2124.7662,39939.02,2141772.27,1
3590,3591,2026-03-22 08:00:00+00:00,2026-03-22 12:00:00+00:00,S,2068.7,2067.877,-1289.72,2140482.56,1
3594,3595,2026-03-23 00:00:00+00:00,2026-03-23 04:00:00+00:00,L,2051.1,2070.2092,17801.51,2158284.06,1
3596,3597,2026-03-23 08:00:00+00:00,2026-03-23 12:00:00+00:00,S,2133.1,2107.8276,23412.45,2181696.52,1
3599,3600,2026-03-23 20:00:00+00:00,2026-03-24 00:00:00+00:00,L,2151.0,2154.0235,884.98,2182581.5,1
3600,3601,2026-03-24 00:00:00+00:00,2026-03-24 04:00:00+00:00,S,2140.6,2128.5667,10086.7,2192668.2,1
3605,3606,2026-03-24 20:00:00+00:00,2026-03-25 00:00:00+00:00,L,2155.4,2167.4037,10018.59,2202686.79,1
3606,3607,2026-03-25 00:00:00+00:00,2026-03-25 04:00:00+00:00,S,2157.5,2156.5656,-1248.67,2201438.12,1
3612,3613,2026-03-26 00:00:00+00:00,2026-03-26 04:00:00+00:00,L,2152.1,2152.6938,-1594.03,2199844.08,1
3627,3628,2026-03-28 12:00:00+00:00,2026-03-28 16:00:00+00:00,S,2026.1,2016.7828,7916.34,2207760.42,1
3628,3629,2026-03-28 16:00:00+00:00,2026-03-28 20:00:00+00:00,L,2020.0,2025.5131,3817.81,2211578.23,1
3629,3630,2026-03-28 20:00:00+00:00,2026-03-29 00:00:00+00:00,S,1993.9,1991.2778,696.87,2212275.1,1
3635,3636,2026-03-29 20:00:00+00:00,2026-03-30 00:00:00+00:00,L,1983.3,2042.1003,63376.62,2275651.72,1
3636,3640,2026-03-30 00:00:00+00:00,2026-03-30 16:00:00+00:00,S,2035.0,2012.6375,22730.54,2298296.92,4
3647,3648,2026-03-31 20:00:00+00:00,2026-04-01 00:00:00+00:00,L,2104.0,2115.1871,9921.87,2308218.79,1
3648,3649,2026-04-01 00:00:00+00:00,2026-04-01 04:00:00+00:00,S,2102.1,2100.0361,-41.99,2308176.8,1
3654,3655,2026-04-02 00:00:00+00:00,2026-04-02 04:00:00+00:00,L,2054.8,2056.1365,-806.89,2307369.91,1
3665,3666,2026-04-03 20:00:00+00:00,2026-04-04 00:00:00+00:00,S,2052.8,2047.5373,3607.99,2310977.9,1
3666,3667,2026-04-04 00:00:00+00:00,2026-04-04 04:00:00+00:00,L,2049.0,2056.4945,6141.77,2317119.67,1
3670,3671,2026-04-04 16:00:00+00:00,2026-04-04 20:00:00+00:00,S,2063.7,2059.5379,2356.08,2319475.75,1
3671,3675,2026-04-04 20:00:00+00:00,2026-04-05 12:00:00+00:00,L,2064.5,2068.0583,1678.25,2321067.02,4
3677,3683,2026-04-05 20:00:00+00:00,2026-04-06 20:00:00+00:00,S,2108.7,2087.9804,20483.96,2341405.91,6
3684,3685,2026-04-07 00:00:00+00:00,2026-04-07 04:00:00+00:00,L,2107.3,2117.845,9375.05,2350780.97,1
3689,3690,2026-04-07 20:00:00+00:00,2026-04-08 00:00:00+00:00,S,2239.7,2228.8404,9047.42,2359828.38,1
3696,3697,2026-04-09 00:00:00+00:00,2026-04-09 04:00:00+00:00,L,2181.4,2187.2002,3914.78,2363743.16,1
3699,3700,2026-04-09 12:00:00+00:00,2026-04-09 16:00:00+00:00,S,2217.1,2193.5101,22786.41,2386529.57,1
3702,3703,2026-04-10 00:00:00+00:00,2026-04-10 04:00:00+00:00,L,2185.0,2201.6002,15744.74,2402274.32,1
3705,3706,2026-04-10 12:00:00+00:00,2026-04-10 16:00:00+00:00,S,2222.4,2221.3117,-1225.92,2401048.39,1
3706,3707,2026-04-10 16:00:00+00:00,2026-04-10 20:00:00+00:00,L,2252.2,2255.2163,814.55,2401862.94,1
3708,3709,2026-04-11 00:00:00+00:00,2026-04-11 04:00:00+00:00,S,2236.0,2228.617,5528.78,2407391.72,1
3714,3715,2026-04-12 00:00:00+00:00,2026-04-12 04:00:00+00:00,L,2212.7,2218.9287,4369.38,2411761.1,1
3719,3720,2026-04-12 20:00:00+00:00,2026-04-13 00:00:00+00:00,S,2190.3,2186.9992,1222.73,2412983.83,1
3720,3721,2026-04-13 00:00:00+00:00,2026-04-13 04:00:00+00:00,L,2193.1,2200.0233,5204.43,2418188.26,1
3723,3724,2026-04-13 12:00:00+00:00,2026-04-13 16:00:00+00:00,S,2208.1,2200.0401,6408.57,2424596.83,1
3732,3733,2026-04-15 00:00:00+00:00,2026-04-15 04:00:00+00:00,L,2327.2,2335.4568,6177.76,2430774.59,1
3736,3737,2026-04-15 16:00:00+00:00,2026-04-15 20:00:00+00:00,S,2372.6,2347.7129,23066.54,2453841.13,1
3737,3738,2026-04-15 20:00:00+00:00,2026-04-16 00:00:00+00:00,L,2358.3,2366.9117,6506.78,2460347.91,1
3738,3739,2026-04-16 00:00:00+00:00,2026-04-16 04:00:00+00:00,S,2356.1,2334.9715,19602.97,2479950.88,1
3740,3741,2026-04-16 08:00:00+00:00,2026-04-16 12:00:00+00:00,L,2333.9,2348.8137,13366.97,2493317.85,1
3747,3748,2026-04-17 12:00:00+00:00,2026-04-17 16:00:00+00:00,S,2440.1,2414.4666,23699.14,2517016.99,1
3752,3753,2026-04-18 08:00:00+00:00,2026-04-18 12:00:00+00:00,L,2351.6,2366.8115,13764.47,2530781.46,1
3755,3756,2026-04-18 20:00:00+00:00,2026-04-19 00:00:00+00:00,S,2348.9,2331.4282,16293.92,2547075.38,1
3756,3757,2026-04-19 00:00:00+00:00,2026-04-19 04:00:00+00:00,L,2338.4,2343.7557,3286.54,2550361.91,1
3774,3775,2026-04-22 00:00:00+00:00,2026-04-22 04:00:00+00:00,S,2363.1,2358.4087,2512.65,2552874.56,1
3780,3781,2026-04-23 00:00:00+00:00,2026-04-23 04:00:00+00:00,L,2339.9,2356.5609,15624.44,2568499.0,1
3799,3800,2026-04-26 04:00:00+00:00,2026-04-26 08:00:00+00:00,S,2330.2,2328.9598,-1201.5,2567297.51,1
3805,3806,2026-04-27 04:00:00+00:00,2026-04-27 08:00:00+00:00,L,2315.0,2323.6142,6985.76,2574283.27,1
3808,3809,2026-04-27 16:00:00+00:00,2026-04-27 20:00:00+00:00,S,2287.8,2284.1151,1572.08,2575855.35,1
3810,3811,2026-04-28 00:00:00+00:00,2026-04-28 04:00:00+00:00,L,2289.5,2294.8911,3489.55,2579344.89,1
3816,3817,2026-04-29 00:00:00+00:00,2026-04-29 04:00:00+00:00,S,2311.1,2309.5018,-795.59,2578549.3,1
3819,3820,2026-04-29 12:00:00+00:00,2026-04-29 16:00:00+00:00,L,2270.8,2284.2005,12638.01,2591187.31,1
