ts,o,h,l,c,v
1682121600000,150.98,157.56,150.22,157.34,0.0
1682208000000,157.35,159.36,155.69,157.44,0.0
1682294400000,157.45,158.96,156.01,157.57,0.0
1682380800000,157.58,159.84,154.12,159.59,0.0
1682467200000,159.59,162.41,151.73,156.77,0.0
1682553600000,156.78,159.22,153.46,153.77,0.0
1682640000000,153.78,155.89,152.3,153.14,0.0
1682726400000,153.14,156.07,152.32,154.38,0.0
1682812800000,154.38,156.95,153.58,155.43,0.0
1682899200000,155.45,155.94,150.86,152.55,0.0
1682985600000,152.54,154.88,152.25,152.62,0.0
1683072000000,152.63,155.14,151.03,155.13,0.0
1683158400000,155.12,156.7,154.5,155.42,0.0
1683244800000,155.43,158.5,154.47,158.12,0.0
1683331200000,158.13,158.94,153.64,156.05,0.0
1683417600000,156.07,158.52,155.68,156.79,0.0
1683504000000,156.82,157.43,148.9,153.36,0.0
1683590400000,153.36,155.32,152.04,154.89,0.0
1683676800000,154.87,156.09,150.27,153.63,0.0
1683763200000,153.63,155.33,150.94,152.45,0.0
1683849600000,152.42,153.79,149.65,153.77,0.0
1683936000000,153.76,153.83,152.29,152.79,0.0
1684022400000,152.81,154.23,152.35,153.94,0.0
1684108800000,153.94,154.47,151.86,151.94,0.0
1684195200000,151.94,152.82,150.51,151.51,0.0
1684281600000,151.51,152.39,150.8,151.28,0.0
1684368000000,151.28,151.92,149.04,150.99,0.0
1684454400000,150.99,152.33,149.57,150.36,0.0
1684540800000,150.36,151.46,149.61,150.29,0.0
1684627200000,150.28,150.78,148.76,149.93,0.0
1684713600000,149.93,152.67,148.99,151.45,0.0
1684800000000,151.45,152.96,150.88,151.54,0.0
1684886400000,151.55,151.83,148.01,150.11,0.0
1684972800000,150.11,151.66,148.83,150.98,0.0
1685059200000,150.98,151.82,150.31,150.51,0.0
1685145600000,150.51,151.46,150.25,151.1,0.0
1685232000000,151.1,156.55,150.88,155.06,0.0
1685318400000,155.07,156.64,152.8,153.92,0.0
1685404800000,153.93,154.67,152.16,152.87,0.0
1685491200000,152.87,153.5,144.73,145.86,0.0
1685577600000,145.86,148.59,144.78,146.33,0.0
1685664000000,146.33,147.39,144.6,145.97,0.0
1685750400000,145.96,148.53,145.46,148.17,0.0
1685836800000,148.17,150.02,147.86,148.04,0.0
1685923200000,148.03,148.46,136.19,141.01,0.0
1686009600000,141.01,147.42,138.58,146.9,0.0
1686096000000,146.93,148.16,143.26,145.09,0.0
1686182400000,145.09,145.92,142.09,142.46,0.0
1686268800000,142.46,143.33,140.51,143.08,0.0
1686355200000,143.08,143.87,124.45,137.59,0.0
1686441600000,137.57,138.99,135.48,137.87,0.0
1686528000000,137.88,140.85,135.62,140.07,0.0
1686614400000,140.07,141.65,136.48,136.52,0.0
1686700800000,136.51,137.29,130.66,133.8,0.0
1686787200000,133.79,135.17,131.53,134.28,0.0
1686873600000,134.29,137.51,132.5,134.67,0.0
1686960000000,134.67,137.0,134.28,136.47,0.0
1687046400000,136.46,141.18,135.87,137.26,0.0
1687132800000,137.26,139.51,136.0,138.23,0.0
1687219200000,138.23,142.75,137.12,141.7,0.0
1687305600000,141.7,145.8,140.95,144.9,0.0
1687392000000,144.91,153.2,144.74,149.7,0.0
1687478400000,149.7,155.41,148.8,154.46,0.0
1687564800000,154.47,159.75,153.21,156.39,0.0
1687651200000,156.39,166.34,155.95,163.25,0.0
1687737600000,163.25,165.97,158.33,163.65,0.0
1687824000000,163.65,170.84,163.28,167.52,0.0
1687910400000,167.52,170.7,162.0,164.55,0.0
1687996800000,164.55,167.69,160.36,163.72,0.0
1688083200000,163.72,169.69,159.48,168.31,0.0
1688169600000,168.31,169.21,166.46,167.06,0.0
1688256000000,167.06,168.58,162.4,168.53,0.0
1688342400000,168.52,172.4,167.24,168.94,0.0
1688428800000,168.94,171.17,165.73,165.91,0.0
1688515200000,165.91,169.41,161.52,166.72,0.0
1688601600000,166.72,169.89,163.59,165.45,0.0
1688688000000,165.43,168.63,163.49,165.38,0.0
1688774400000,165.38,168.65,165.03,167.25,0.0
1688860800000,167.24,168.78,164.91,165.73,0.0
1688947200000,165.76,166.61,162.84,163.5,0.0
1689033600000,163.5,165.59,162.86,165.22,0.0
1689120000000,165.2,165.41,163.0,163.41,0.0
1689206400000,163.41,167.7,161.62,165.14,0.0
1689292800000,165.13,166.6,155.21,160.44,0.0
1689379200000,160.45,166.15,158.53,164.66,0.0
1689465600000,164.66,166.13,162.84,165.32,0.0
1689552000000,165.32,168.9,162.66,167.93,0.0
1689638400000,167.93,168.68,164.0,166.76,0.0
1689724800000,166.77,170.56,165.14,165.7,0.0
1689811200000,165.7,168.28,163.0,165.65,0.0
1689897600000,165.65,166.26,160.51,161.92,0.0
1689984000000,161.91,163.79,160.87,162.19,0.0
1690070400000,162.19,166.26,161.27,163.64,0.0
1690156800000,163.64,164.62,159.55,160.97,0.0
1690243200000,160.99,163.21,159.82,162.73,0.0
1690329600000,162.74,163.69,161.1,162.81,0.0
1690416000000,162.8,164.12,161.14,162.06,0.0
1690502400000,162.06,164.45,161.76,162.89,0.0
1690588800000,162.91,164.15,161.91,163.08,0.0
1690675200000,163.08,163.74,158.0,160.15,0.0
1690761600000,160.16,161.81,159.39,161.19,0.0
1690848000000,161.2,163.54,157.19,160.15,0.0
1690934400000,160.16,160.85,158.55,159.89,0.0
1691020800000,159.88,161.78,159.72,160.32,0.0
1691107200000,160.31,161.76,157.19,158.48,0.0
1691193600000,158.48,161.19,157.84,159.55,0.0
1691280000000,159.53,161.09,159.2,159.7,0.0
1691366400000,159.7,160.87,157.06,158.29,0.0
1691452800000,158.33,160.12,157.73,158.82,0.0
1691539200000,158.83,159.48,156.47,157.16,0.0
1691625600000,157.16,157.5,154.41,156.01,0.0
1691712000000,156.0,158.06,155.86,156.76,0.0
1691798400000,156.77,158.14,156.41,157.78,0.0
1691884800000,157.78,159.66,157.01,158.15,0.0
1691971200000,158.15,159.96,158.0,158.4,0.0
1692057600000,158.41,158.75,154.74,155.36,0.0
1692144000000,155.34,156.41,152.54,153.99,0.0
1692230400000,153.99,154.72,134.88,141.45,0.0
1692316800000,141.45,145.13,140.42,143.43,0.0
1692403200000,143.43,145.18,142.89,144.2,0.0
1692489600000,144.2,149.08,143.39,147.15,0.0
1692576000000,147.16,149.72,144.45,149.48,0.0
1692662400000,149.45,149.79,143.3,145.4,0.0
1692748800000,145.4,146.34,142.45,142.9,0.0
1692835200000,142.9,142.99,135.41,138.37,0.0
1692921600000,138.37,140.07,137.0,139.99,0.0
1693008000000,139.98,144.94,139.73,142.89,0.0
1693094400000,142.89,145.74,141.6,145.3,0.0
1693180800000,145.29,146.76,142.32,145.21,0.0
1693267200000,145.2,148.16,142.79,146.69,0.0
1693353600000,146.68,148.12,140.5,141.91,0.0
1693440000000,141.91,144.7,139.2,143.05,0.0
1693526400000,143.04,144.75,138.76,140.66,0.0
1693612800000,140.67,141.7,138.84,139.9,0.0
1693699200000,139.91,141.3,139.07,140.64,0.0
1693785600000,140.64,143.82,140.52,141.08,0.0
1693872000000,141.09,141.26,137.27,137.52,0.0
1693958400000,137.53,142.74,137.4,142.05,0.0
1694044800000,142.04,143.27,140.88,143.22,0.0
1694131200000,143.22,144.15,140.43,143.82,0.0
1694217600000,143.82,143.98,142.15,143.33,0.0
1694304000000,143.32,143.83,141.52,142.89,0.0
1694390400000,142.89,143.74,138.0,139.9,0.0
1694476800000,139.89,143.01,139.07,140.68,0.0
1694563200000,140.66,144.69,140.23,142.99,0.0
1694649600000,142.99,146.98,141.98,146.43,0.0
1694736000000,146.42,149.35,146.05,147.58,0.0
1694822400000,147.58,148.06,143.86,144.26,0.0
1694908800000,144.25,146.2,142.96,145.63,0.0
1694995200000,145.63,147.89,144.81,145.63,0.0
1695081600000,145.63,148.44,145.5,147.61,0.0
1695168000000,147.6,148.4,145.76,148.07,0.0
1695254400000,148.07,148.33,144.94,145.11,0.0
1695340800000,145.09,146.94,144.31,145.0,0.0
1695427200000,144.99,145.49,141.41,141.59,0.0
1695513600000,141.6,144.42,141.44,143.61,0.0
1695600000000,143.62,145.37,142.79,144.36,0.0
1695686400000,144.36,145.21,143.13,144.64,0.0
1695772800000,144.63,146.66,144.12,146.55,0.0
1695859200000,146.55,147.65,145.26,145.97,0.0
1695945600000,145.96,146.74,144.67,146.72,0.0
1696032000000,146.72,148.03,145.08,146.51,0.0
1696118400000,146.51,150.0,145.3,149.07,0.0
1696204800000,149.06,149.9,145.27,145.95,0.0
1696291200000,145.94,147.84,144.78,147.06,0.0
1696377600000,147.08,150.67,145.36,150.25,0.0
1696464000000,150.26,151.44,148.25,149.45,0.0
1696550400000,149.45,152.6,148.35,151.79,0.0
1696636800000,151.8,155.3,150.77,155.22,0.0
1696723200000,155.22,156.6,153.35,156.13,0.0
1696809600000,156.13,156.36,151.57,153.63,0.0
1696896000000,153.66,154.46,151.83,152.17,0.0
1696982400000,152.16,154.45,150.81,153.88,0.0
1697068800000,153.87,154.45,150.78,152.27,0.0
1697155200000,152.27,154.54,150.82,153.44,0.0
1697241600000,153.44,154.29,151.57,152.75,0.0
1697328000000,152.75,153.4,151.75,152.28,0.0
1697414400000,152.29,153.99,150.79,152.27,0.0
1697500800000,152.28,152.31,149.15,150.38,0.0
1697587200000,150.38,152.36,149.51,149.55,0.0
1697673600000,149.54,152.49,146.51,152.36,0.0
1697760000000,152.38,157.18,151.63,154.66,0.0
1697846400000,154.67,157.98,154.14,157.65,0.0
1697932800000,157.63,159.91,156.21,158.86,0.0
1698019200000,158.86,162.3,156.67,160.8,0.0
1698105600000,160.81,163.68,155.3,158.0,0.0
1698192000000,158.0,160.57,154.4,159.97,0.0
1698278400000,159.98,162.6,156.54,159.67,0.0
1698364800000,159.64,161.2,156.69,160.77,0.0
1698451200000,160.77,162.74,159.57,162.03,0.0
1698537600000,162.03,174.77,159.94,174.0,0.0
1698624000000,174.0,175.36,164.68,172.6,0.0
1698710400000,172.59,173.85,168.27,172.17,0.0
1698796800000,172.17,173.09,169.35,171.65,0.0
1698883200000,171.64,172.69,167.75,171.1,0.0
1698969600000,171.1,173.3,168.44,170.77,0.0
1699056000000,170.78,171.69,165.22,168.09,0.0
1699142400000,168.09,170.78,166.93,169.12,0.0
1699228800000,169.13,169.64,164.48,165.29,0.0
1699315200000,165.31,168.34,161.42,166.01,0.0
1699401600000,166.0,168.02,164.3,167.33,0.0
1699488000000,167.33,171.72,156.53,170.39,0.0
1699574400000,170.39,174.0,166.38,170.99,0.0
1699660800000,171.0,172.72,167.62,169.49,0.0
1699747200000,169.47,171.86,166.54,171.35,0.0
1699833600000,171.34,173.14,162.74,162.76,0.0
1699920000000,162.76,166.54,158.81,163.36,0.0
1700006400000,163.36,166.65,158.2,161.25,0.0
1700092800000,161.25,163.03,157.3,160.94,0.0
1700179200000,160.93,167.17,160.47,162.93,0.0
1700265600000,162.93,162.96,158.92,160.87,0.0
1700352000000,160.87,164.23,159.39,164.01,0.0
1700438400000,164.01,164.99,161.58,163.08,0.0
1700524800000,163.07,166.0,158.0,158.93,0.0
1700611200000,158.94,163.96,158.4,163.12,0.0
1700697600000,163.12,168.0,163.0,166.0,0.0
1700784000000,166.01,171.41,165.91,170.28,0.0
1700870400000,170.29,172.91,169.66,171.98,0.0
1700956800000,171.98,173.25,167.93,169.5,0.0
1701043200000,169.5,170.57,165.01,165.57,0.0
1701129600000,165.58,167.93,164.15,167.66,0.0
1701216000000,167.65,167.85,165.02,166.06,0.0
1701302400000,166.06,170.5,165.85,169.96,0.0
1701388800000,169.96,171.8,169.22,171.67,0.0
1701475200000,171.65,173.91,170.43,172.72,0.0
1701561600000,172.72,173.56,170.69,172.5,0.0
1701648000000,172.51,174.71,167.0,170.78,0.0
1701734400000,170.78,172.66,167.94,171.25,0.0
1701820800000,171.29,174.16,170.21,170.66,0.0
1701907200000,170.68,177.16,170.22,173.11,0.0
1701993600000,173.11,175.9,172.02,174.23,0.0
1702080000000,174.22,177.28,174.04,175.16,0.0
1702166400000,175.16,178.81,174.69,176.1,0.0
1702252800000,176.1,176.82,160.04,171.81,0.0
1702339200000,171.81,173.39,168.11,170.95,0.0
1702425600000,170.94,171.09,166.71,169.24,0.0
1702512000000,169.24,169.54,165.44,168.06,0.0
1702598400000,168.08,172.48,167.58,168.07,0.0
1702684800000,168.07,172.49,167.09,168.97,0.0
1702771200000,168.96,170.6,167.16,168.07,0.0
1702857600000,168.04,174.0,166.11,173.68,0.0
1702944000000,173.67,175.93,168.02,171.29,0.0
1703030400000,171.29,175.18,170.62,174.87,0.0
1703116800000,174.87,176.59,172.52,173.45,0.0
1703203200000,173.45,177.0,171.17,176.92,0.0
1703289600000,176.93,179.24,174.67,178.62,0.0
1703376000000,178.65,179.39,170.41,171.45,0.0
1703462400000,171.42,175.08,170.49,174.6,0.0
1703548800000,174.61,176.83,170.32,174.21,0.0
1703635200000,174.24,176.65,172.62,175.68,0.0
1703721600000,175.67,180.87,172.63,174.65,0.0
1703808000000,174.66,175.89,162.24,166.34,0.0
1703894400000,166.36,169.42,162.31,166.05,0.0
1703980800000,166.05,168.6,162.95,165.08,0.0
1704067200000,165.1,169.74,163.18,169.65,0.0
1704153600000,169.65,174.26,167.15,167.55,0.0
1704240000000,167.56,169.8,141.79,154.02,0.0
1704326400000,154.01,164.86,148.92,164.6,0.0
1704412800000,164.59,164.73,153.41,155.6,0.0
1704499200000,155.62,158.57,149.76,152.49,0.0
1704585600000,152.51,155.04,143.92,145.85,0.0
1704672000000,145.85,154.23,142.62,147.74,0.0
1704758400000,147.73,148.65,142.5,144.31,0.0
1704844800000,144.32,151.65,143.51,148.97,0.0
1704931200000,148.97,154.64,147.96,152.58,0.0
1705017600000,152.59,161.86,148.98,151.97,0.0
1705104000000,151.97,156.52,148.15,155.75,0.0
1705190400000,155.75,159.73,152.97,154.09,0.0
1705276800000,154.06,158.59,153.09,157.18,0.0
1705363200000,157.18,160.07,153.81,157.22,0.0
1705449600000,157.19,160.35,155.65,157.79,0.0
1705536000000,157.79,163.8,151.87,153.15,0.0
1705622400000,153.17,159.0,149.8,158.43,0.0
1705708800000,158.43,159.6,155.93,156.72,0.0
1705795200000,156.71,163.24,155.18,157.61,0.0
1705881600000,157.59,160.23,149.4,150.71,0.0
1705968000000,150.73,154.95,146.49,150.39,0.0
1706054400000,150.38,155.74,148.77,152.58,0.0
1706140800000,152.58,157.85,151.94,157.29,0.0
1706227200000,157.29,162.4,155.94,159.3,0.0
1706313600000,159.33,162.06,157.49,160.36,0.0
1706400000000,160.35,162.49,158.74,160.63,0.0
1706486400000,160.63,170.26,159.71,167.96,0.0
1706572800000,167.96,172.12,159.67,160.32,0.0
1706659200000,160.32,167.0,158.3,163.7,0.0
1706745600000,163.69,169.64,163.5,166.26,0.0
1706832000000,166.26,171.37,165.32,168.98,0.0
1706918400000,168.98,170.0,162.54,165.51,0.0
1707004800000,165.51,167.99,165.0,165.93,0.0
1707091200000,165.94,168.19,163.5,165.38,0.0
1707177600000,165.38,166.8,100.4,105.62,0.0
1707264000000,105.62,134.83,103.5,129.42,0.0
1707350400000,129.4,131.56,117.57,128.0,0.0
1707436800000,128.0,129.16,119.67,121.57,0.0
1707523200000,121.57,123.39,115.11,119.06,0.0
1707609600000,119.07,123.3,116.74,120.69,0.0
1707696000000,120.68,128.81,117.96,126.18,0.0
1707782400000,126.2,128.87,122.14,127.88,0.0
1707868800000,127.88,131.83,126.3,127.96,0.0
1707955200000,127.96,129.47,124.29,125.79,0.0
1708041600000,125.78,129.1,120.37,122.73,0.0
1708128000000,122.72,122.88,118.36,121.23,0.0
1708214400000,121.24,123.7,118.42,122.28,0.0
1708300800000,122.29,123.27,109.14,112.84,0.0
1708387200000,112.84,126.2,111.96,124.32,0.0
1708473600000,124.27,125.9,116.51,123.19,0.0
1708560000000,123.18,125.07,121.17,124.22,0.0
1708646400000,124.21,124.89,120.8,123.75,0.0
1708732800000,123.77,125.7,122.14,124.08,0.0
1708819200000,124.07,128.88,122.97,128.49,0.0
1708905600000,128.5,134.82,127.69,132.93,0.0
1708992000000,132.92,145.43,132.0,137.43,0.0
1709078400000,137.44,142.05,133.51,134.68,0.0
1709164800000,134.67,141.57,133.9,138.23,0.0
1709251200000,138.21,146.57,137.43,144.35,0.0
1709337600000,144.34,146.97,140.6,146.94,0.0
1709424000000,146.93,153.66,144.0,151.02,0.0
1709510400000,151.02,151.61,143.37,150.16,0.0
1709596800000,150.15,151.33,130.95,141.28,0.0
1709683200000,141.29,151.79,138.57,144.46,0.0
1709769600000,144.47,148.87,138.47,144.18,0.0
1709856000000,144.16,152.0,143.09,147.08,0.0
1709942400000,147.06,149.1,143.78,143.88,0.0
1710028800000,143.87,149.08,142.17,146.89,0.0
1710115200000,146.89,147.01,142.28,145.72,0.0
1710201600000,145.72,147.63,142.69,145.21,0.0
1710288000000,145.21,150.6,144.08,149.81,0.0
1710374400000,149.81,151.36,140.5,146.89,0.0
1710460800000,146.9,147.88,138.78,142.23,0.0
1710547200000,142.21,149.1,135.09,139.46,0.0
1710633600000,139.46,145.64,136.68,140.03,0.0
1710720000000,139.95,141.95,136.57,140.96,0.0
1710806400000,140.95,141.49,128.5,133.87,0.0
1710892800000,133.9,143.28,129.22,139.92,0.0
1710979200000,139.93,144.85,137.88,138.51,0.0
1711065600000,138.52,141.13,131.25,135.16,0.0
1711152000000,135.16,142.44,133.61,139.14,0.0
1711238400000,139.14,143.92,138.75,141.95,0.0
1711324800000,141.96,143.7,139.8,142.77,0.0
1711411200000,142.77,144.02,133.71,135.27,0.0
1711497600000,135.34,141.26,134.32,138.14,0.0
1711584000000,138.13,140.44,135.15,135.16,0.0
1711670400000,135.16,137.58,129.79,132.64,0.0
1711756800000,132.67,133.99,126.83,129.19,0.0
1711843200000,129.18,131.1,127.53,128.45,0.0
1711929600000,128.45,129.76,118.78,123.25,0.0
1712016000000,123.24,123.81,116.0,122.33,0.0
1712102400000,122.32,129.93,120.07,128.87,0.0
1712188800000,128.87,132.64,127.32,131.91,0.0
1712275200000,131.91,132.46,125.24,126.82,0.0
1712361600000,126.85,132.8,126.68,131.87,0.0
1712448000000,131.91,135.5,128.14,131.41,0.0
1712534400000,131.39,136.95,130.27,136.88,0.0
1712620800000,136.9,140.91,130.35,133.68,0.0
1712707200000,133.65,137.0,130.38,133.57,0.0
1712793600000,133.62,136.31,132.03,133.27,0.0
1712880000000,133.29,135.26,117.14,122.37,0.0
1712966400000,122.44,129.31,104.31,115.03,0.0
1713052800000,115.08,124.52,112.5,121.22,0.0
1713139200000,121.22,127.24,117.17,123.24,0.0
1713225600000,123.22,123.88,113.79,121.59,0.0
1713312000000,121.61,125.17,116.03,117.13,0.0
1713398400000,117.14,119.46,112.67,116.24,0.0
1713484800000,116.27,121.97,110.51,117.14,0.0
1713571200000,117.14,122.37,116.4,122.24,0.0
1713657600000,122.22,125.23,115.68,118.91,0.0
1713744000000,118.9,124.1,118.59,121.15,0.0
1713830400000,121.14,124.3,120.03,121.54,0.0
1713916800000,121.53,122.51,117.91,118.79,0.0
1714003200000,118.85,121.77,116.63,120.24,0.0
1714089600000,120.24,122.57,119.0,120.25,0.0
1714176000000,120.26,123.27,118.03,122.94,0.0
1714262400000,122.91,130.33,121.32,126.51,0.0
1714348800000,126.51,129.82,121.7,129.09,0.0
1714435200000,129.08,131.73,117.51,119.37,0.0
1714521600000,119.39,123.96,116.0,123.77,0.0
1714608000000,123.77,125.98,120.05,123.26,0.0
1714694400000,123.3,126.6,121.77,125.09,0.0
1714780800000,125.08,129.59,122.18,123.21,0.0
1714867200000,123.2,134.33,123.02,133.95,0.0
1714953600000,133.96,134.43,129.05,130.47,0.0
1715040000000,130.44,133.43,126.02,127.74,0.0
1715126400000,127.77,131.88,127.0,131.78,0.0
1715212800000,131.76,135.17,128.48,132.49,0.0
1715299200000,132.49,134.25,130.26,132.6,0.0
1715385600000,132.59,133.59,129.09,131.68,0.0
1715472000000,131.69,134.8,131.67,133.12,0.0
1715558400000,133.09,137.41,130.68,135.55,0.0
1715644800000,135.56,136.1,131.78,132.13,0.0
1715731200000,132.13,136.06,130.7,134.37,0.0
1715817600000,134.36,135.34,130.06,133.95,0.0
1715904000000,133.95,135.51,132.51,134.85,0.0
1715990400000,134.84,137.6,134.44,136.19,0.0
1716076800000,136.2,136.38,134.24,134.4,0.0
1716163200000,134.41,137.65,133.9,135.12,0.0
1716249600000,135.11,142.4,134.41,136.26,0.0
1716336000000,136.26,139.79,135.15,138.57,0.0
1716422400000,138.56,141.5,137.03,138.79,0.0
1716508800000,138.8,143.85,138.17,141.02,0.0
1716595200000,140.99,142.38,140.19,141.25,0.0
1716681600000,141.25,143.54,140.43,142.09,0.0
1716768000000,142.1,144.44,140.8,141.54,0.0
1716854400000,141.54,144.78,140.94,141.59,0.0
1716940800000,141.57,143.54,137.36,140.13,0.0
1717027200000,140.14,147.04,139.88,146.12,0.0
1717113600000,146.12,149.03,143.47,148.35,0.0
1717200000000,148.37,151.02,147.2,148.93,0.0
1717286400000,148.95,152.96,148.81,152.72,0.0
1717372800000,152.72,158.07,151.65,154.95,0.0
1717459200000,154.95,160.28,154.76,160.01,0.0
1717545600000,160.01,165.61,159.12,163.18,0.0
1717632000000,163.19,166.52,162.29,164.78,0.0
1717718400000,164.78,174.8,152.8,154.29,0.0
1717804800000,154.26,169.49,154.06,169.22,0.0
1717891200000,169.22,175.22,166.3,173.92,0.0
1717977600000,173.91,182.86,173.86,178.5,0.0
1718064000000,178.53,181.4,167.46,174.81,0.0
1718150400000,174.78,182.64,174.08,180.47,0.0
1718236800000,180.49,181.55,171.4,171.66,0.0
1718323200000,171.65,177.21,164.0,170.27,0.0
1718409600000,170.25,178.12,169.0,177.18,0.0
1718496000000,177.22,178.08,171.98,176.99,0.0
1718582400000,176.99,178.71,170.89,174.02,0.0
1718668800000,174.02,174.44,166.46,169.79,0.0
1718755200000,169.75,172.33,166.66,168.33,0.0
1718841600000,168.32,172.63,167.22,169.79,0.0
1718928000000,169.78,172.95,158.08,160.03,0.0
1719014400000,160.03,167.95,160.0,166.51,0.0
1719100800000,166.52,168.27,161.59,164.2,0.0
1719187200000,164.17,167.35,155.71,159.28,0.0
1719273600000,159.29,164.85,158.72,162.11,0.0
1719360000000,162.11,166.2,161.4,164.95,0.0
1719446400000,164.95,167.5,164.0,166.02,0.0
1719532800000,166.02,168.94,165.89,167.84,0.0
1719619200000,167.85,168.55,165.04,165.31,0.0
1719705600000,165.3,170.0,165.1,168.23,0.0
1719792000000,168.24,173.39,167.31,167.98,0.0
1719878400000,167.99,170.59,167.42,168.91,0.0
1719964800000,168.93,170.8,164.74,165.7,0.0
1720051200000,165.72,166.4,154.88,155.52,0.0
1720137600000,155.58,156.22,133.5,154.97,0.0
1720224000000,154.97,159.3,152.6,158.24,0.0
1720310400000,158.25,159.89,148.32,148.43,0.0
1720396800000,148.44,155.32,143.92,154.17,0.0
1720483200000,154.18,155.43,151.31,155.13,0.0
1720569600000,155.17,158.96,152.41,155.72,0.0
1720656000000,155.72,159.4,155.02,158.29,0.0
1720742400000,158.29,160.26,157.0,159.82,0.0
1720828800000,159.8,162.65,156.4,157.06,0.0
1720915200000,157.06,159.92,154.63,159.62,0.0
1721001600000,159.62,161.48,157.08,158.45,0.0
1721088000000,158.47,163.63,156.46,161.81,0.0
1721174400000,161.8,164.25,158.75,160.38,0.0
1721260800000,160.37,161.67,159.54,160.74,0.0
1721347200000,160.74,162.99,158.06,161.25,0.0
1721433600000,161.3,164.71,161.16,163.24,0.0
1721520000000,163.24,165.12,161.82,164.65,0.0
1721606400000,164.67,165.51,160.06,160.96,0.0
1721692800000,161.03,162.67,157.52,160.63,0.0
1721779200000,160.63,164.04,159.28,160.18,0.0
1721865600000,160.18,162.86,152.05,162.55,0.0
1721952000000,162.55,175.0,161.12,161.35,0.0
1722038400000,161.33,165.6,160.79,162.44,0.0
1722124800000,162.43,165.21,159.72,164.5,0.0
1722211200000,164.5,166.16,160.89,161.15,0.0
1722297600000,161.15,165.01,156.4,158.05,0.0
1722384000000,158.06,161.0,155.59,157.6,0.0
1722470400000,157.62,158.46,150.0,156.5,0.0
1722556800000,156.5,164.64,155.34,158.07,0.0
1722643200000,158.1,161.58,140.42,149.38,0.0
1722729600000,149.39,154.27,144.77,150.33,0.0
1722816000000,150.33,154.07,135.11,145.65,0.0
1722902400000,145.66,151.85,145.65,147.92,0.0
1722988800000,147.87,152.94,143.63,146.0,0.0
1723075200000,145.97,159.25,145.32,158.09,0.0
1723161600000,158.09,159.0,152.2,153.05,0.0
1723248000000,153.01,153.23,147.55,150.68,0.0
1723334400000,150.7,151.75,148.2,149.07,0.0
1723420800000,149.07,150.66,147.2,150.35,0.0
1723507200000,150.37,151.11,147.12,147.35,0.0
1723593600000,147.38,151.98,147.24,151.22,0.0
1723680000000,151.25,153.56,147.78,149.37,0.0
1723766400000,149.37,150.28,148.01,148.51,0.0
1723852800000,148.51,150.46,148.23,150.4,0.0
1723939200000,150.4,151.99,149.29,151.19,0.0
1724025600000,151.2,156.94,149.85,154.7,0.0
1724112000000,154.7,161.0,154.02,159.35,0.0
1724198400000,159.33,162.46,156.64,161.27,0.0
1724284800000,161.25,169.39,159.76,168.53,0.0
1724371200000,168.54,173.13,163.01,172.95,0.0
1724457600000,172.92,176.04,167.65,169.63,0.0
1724544000000,169.58,171.64,165.64,166.32,0.0
1724630400000,166.32,167.85,162.64,166.42,0.0
1724716800000,166.43,168.3,155.32,155.96,0.0
1724803200000,155.94,160.19,153.52,157.91,0.0
1724889600000,157.91,166.41,155.92,161.84,0.0
1724976000000,161.81,168.25,160.5,168.19,0.0
1725062400000,168.12,172.23,161.23,168.82,0.0
1725148800000,168.81,171.43,163.96,169.73,0.0
1725235200000,169.74,170.81,166.91,170.44,0.0
1725321600000,170.45,175.18,169.16,173.02,0.0
1725408000000,173.05,175.1,169.87,170.54,0.0
1725494400000,170.54,176.66,169.55,172.41,0.0
1725580800000,172.41,173.87,164.26,165.15,0.0
1725667200000,165.15,172.41,162.32,167.67,0.0
1725753600000,167.68,176.1,167.47,171.91,0.0
1725840000000,171.91,174.66,170.1,170.65,0.0
1725926400000,170.75,171.7,165.85,167.63,0.0
1726012800000,167.62,173.89,166.42,173.14,0.0
1726099200000,173.18,174.89,169.39,171.81,0.0
1726185600000,171.81,173.91,169.62,170.35,0.0
1726272000000,170.34,171.18,167.74,169.45,0.0
1726358400000,169.48,171.5,169.12,170.14,0.0
1726444800000,170.12,171.81,167.75,170.5,0.0
1726531200000,170.48,172.55,169.03,172.36,0.0
1726617600000,172.37,175.0,169.77,171.21,0.0
1726704000000,171.18,177.5,170.34,175.3,0.0
1726790400000,175.31,178.69,175.11,175.58,0.0
1726876800000,175.57,178.5,173.94,176.84,0.0
1726963200000,176.84,177.28,174.38,176.38,0.0
1727049600000,176.41,176.86,171.48,171.83,0.0
1727136000000,171.81,172.0,165.75,169.23,0.0
1727222400000,169.23,169.79,164.74,165.74,0.0
1727308800000,165.78,167.11,163.24,164.17,0.0
1727395200000,164.22,164.52,161.23,164.09,0.0
1727481600000,164.08,165.73,157.35,158.74,0.0
1727568000000,158.7,158.88,151.97,153.12,0.0
1727654400000,153.11,155.9,149.77,154.43,0.0
1727740800000,154.45,154.82,138.65,144.86,0.0
1727827200000,144.84,149.49,135.28,136.8,0.0
1727913600000,136.8,145.12,135.41,144.11,0.0
1728000000000,144.18,151.01,143.0,148.81,0.0
1728086400000,148.81,155.28,148.63,152.73,0.0
1728172800000,152.75,155.18,146.61,148.0,0.0
1728259200000,148.0,148.77,143.83,144.51,0.0
1728345600000,144.5,151.75,144.0,149.35,0.0
1728432000000,149.34,154.79,146.2,147.57,0.0
1728518400000,147.57,154.0,146.84,152.77,0.0
1728604800000,152.77,154.9,150.51,152.12,0.0
1728691200000,152.11,154.29,150.15,150.54,0.0
1728777600000,150.56,152.45,148.27,148.73,0.0
1728864000000,148.74,157.18,148.38,156.89,0.0
1728950400000,156.9,157.97,151.7,153.37,0.0
1729036800000,153.37,159.24,153.14,155.79,0.0
1729123200000,155.86,158.71,154.07,157.76,0.0
1729209600000,157.8,162.6,156.92,159.75,0.0
1729296000000,159.75,162.11,159.02,160.66,0.0
1729382400000,160.66,163.53,159.0,163.26,0.0
1729468800000,163.24,163.27,153.3,155.16,0.0
1729555200000,155.16,158.64,154.61,156.98,0.0
1729641600000,156.98,158.36,154.53,156.92,0.0
1729728000000,156.88,159.03,154.63,157.41,0.0
1729814400000,157.41,159.74,155.01,157.53,0.0
1729900800000,157.53,160.95,156.76,160.37,0.0
1729987200000,160.34,164.45,159.88,162.98,0.0
1730073600000,163.03,164.1,160.37,163.36,0.0
1730160000000,163.36,165.69,161.92,162.46,0.0
1730246400000,162.48,165.14,161.3,161.97,0.0
1730332800000,161.97,162.19,155.11,155.84,0.0
1730419200000,155.83,159.9,151.56,156.39,0.0
1730505600000,156.42,159.88,152.94,154.23,0.0
1730592000000,154.23,158.24,153.68,156.8,0.0
1730678400000,156.83,161.38,156.09,158.29,0.0
1730764800000,158.29,162.99,157.2,158.5,0.0
1730851200000,158.49,163.46,157.53,161.24,0.0
1730937600000,161.14,168.4,160.4,163.42,0.0
1731024000000,163.41,166.9,163.2,165.51,0.0
1731110400000,165.55,165.71,161.47,163.54,0.0
1731196800000,163.53,166.47,161.46,161.95,0.0
1731283200000,161.93,162.13,155.03,157.43,0.0
1731369600000,157.44,160.01,150.69,150.78,0.0
1731456000000,150.78,152.39,145.08,150.5,0.0
1731542400000,150.49,150.87,143.81,147.52,0.0
1731628800000,147.54,150.3,140.68,142.12,0.0
1731715200000,142.09,152.54,142.02,150.83,0.0
1731801600000,150.83,158.21,147.07,156.53,0.0
1731888000000,156.57,160.74,152.84,156.39,0.0
1731974400000,156.41,166.27,154.97,162.5,0.0
1732060800000,162.52,163.96,158.25,160.13,0.0
1732147200000,160.14,163.96,159.09,160.69,0.0
1732233600000,160.71,162.56,157.04,162.42,0.0
1732320000000,162.43,165.39,159.0,161.51,0.0
1732406400000,161.52,166.89,157.71,162.01,0.0
1732492800000,162.0,166.59,155.65,156.4,0.0
1732579200000,156.36,164.8,151.2,160.41,0.0
1732665600000,160.46,160.71,150.04,156.11,0.0
1732752000000,156.11,160.71,155.36,159.33,0.0
1732838400000,159.33,160.49,155.6,159.76,0.0
1732924800000,159.75,163.91,158.13,162.39,0.0
1733011200000,162.37,165.58,161.45,163.33,0.0
1733097600000,163.32,178.9,160.25,174.37,0.0
1733184000000,174.38,219.8,165.56,203.54,0.0
1733270400000,203.71,214.0,187.31,196.15,0.0
1733356800000,196.13,214.37,184.68,193.25,0.0
1733443200000,193.3,206.0,193.22,198.75,0.0
1733529600000,198.74,204.55,194.22,200.47,0.0
1733616000000,200.45,225.4,196.0,222.93,0.0
1733702400000,222.96,228.08,148.1,175.98,0.0
1733788800000,175.95,180.94,164.03,179.07,0.0
1733875200000,179.14,200.58,175.05,200.44,0.0
1733961600000,200.4,216.5,193.71,199.22,0.0
1734048000000,199.23,220.39,198.21,207.48,0.0
1734134400000,207.45,221.13,202.89,210.35,0.0
1734220800000,210.37,223.59,206.45,222.33,0.0
1734307200000,222.34,232.5,207.9,211.9,0.0
1734393600000,211.9,225.64,208.37,214.01,0.0
1734480000000,214.01,224.99,210.02,212.92,0.0
1734566400000,212.92,216.17,189.39,194.72,0.0
1734652800000,194.77,202.32,166.23,196.39,0.0
1734739200000,196.35,197.32,180.9,183.91,0.0
1734825600000,183.93,198.42,180.75,190.42,0.0
1734912000000,190.43,194.17,185.0,191.48,0.0
1734998400000,191.43,193.73,184.55,190.57,0.0
1735084800000,190.57,200.21,189.39,191.32,0.0
1735171200000,191.3,194.44,186.06,189.18,0.0
1735257600000,189.18,196.28,187.1,193.17,0.0
1735344000000,193.18,200.77,192.7,197.06,0.0
1735430400000,197.06,198.08,189.16,193.13,0.0
1735516800000,193.13,197.33,183.72,190.91,0.0
1735603200000,190.95,197.74,186.28,193.76,0.0
1735689600000,193.76,197.37,191.99,196.21,0.0
1735776000000,196.21,197.32,192.0,197.05,0.0
1735862400000,196.97,206.53,195.74,201.31,0.0
1735948800000,201.33,202.5,192.72,194.2,0.0
1736035200000,194.21,198.99,187.89,196.8,0.0
1736121600000,196.8,206.5,196.56,203.7,0.0
1736208000000,203.77,206.16,193.11,194.06,0.0
1736294400000,193.95,202.1,183.42,201.02,0.0
1736380800000,201.01,201.05,188.94,190.81,0.0
1736467200000,190.82,200.66,189.3,199.87,0.0
1736553600000,199.88,200.0,193.68,198.59,0.0
1736640000000,198.59,208.37,195.42,200.14,0.0
1736726400000,200.11,204.36,190.49,202.28,0.0
1736812800000,202.29,209.89,201.81,206.14,0.0
1736899200000,206.13,210.39,203.38,208.66,0.0
1736985600000,208.68,222.52,206.26,221.71,0.0
1737072000000,221.74,236.25,218.0,230.43,0.0
1737158400000,230.44,232.79,212.39,217.83,0.0
1737244800000,217.78,223.73,199.04,204.01,0.0
1737331200000,203.88,214.53,195.32,208.07,0.0
1737417600000,208.07,219.57,202.47,215.49,0.0
1737504000000,215.49,224.39,212.32,223.35,0.0
1737590400000,223.34,227.49,213.28,221.36,0.0
1737676800000,221.39,222.71,212.89,220.24,0.0
1737763200000,220.24,223.23,217.03,220.65,0.0
1737849600000,220.68,226.06,218.2,219.28,0.0
1737936000000,219.27,223.96,208.84,214.51,0.0
1738022400000,214.53,225.64,211.89,217.86,0.0
1738108800000,217.86,225.87,216.06,221.62,0.0
1738195200000,221.65,242.86,221.52,232.94,0.0
1738281600000,232.95,240.44,231.05,238.61,0.0
1738368000000,238.6,242.57,232.23,234.3,0.0
1738454400000,234.31,240.18,216.5,222.11,0.0
1738540800000,222.11,227.34,188.6,225.51,0.0
1738627200000,225.54,235.41,215.99,220.01,0.0
1738713600000,220.0,229.38,217.06,227.34,0.0
1738800000000,227.39,239.62,220.62,222.43,0.0
1738886400000,222.48,228.51,193.25,205.5,0.0
1738972800000,205.5,219.26,204.54,214.09,0.0
1739059200000,214.11,223.08,213.05,220.13,0.0
1739145600000,220.14,226.04,218.94,221.94,0.0
1739232000000,221.94,227.88,218.77,223.17,0.0
1739318400000,223.11,228.43,218.93,226.99,0.0
1739404800000,226.99,228.79,221.82,224.72,0.0
1739491200000,224.72,232.08,224.54,229.88,0.0
1739577600000,229.88,238.4,228.85,230.2,0.0
1739664000000,230.2,235.93,227.63,229.5,0.0
1739750400000,229.51,240.09,229.05,238.11,0.0
1739836800000,238.1,239.97,229.22,237.26,0.0
1739923200000,237.26,242.73,233.14,239.46,0.0
1740009600000,239.46,240.04,227.51,228.98,0.0
1740096000000,229.03,238.45,226.59,232.97,0.0
1740182400000,232.99,237.34,230.11,234.94,0.0
1740268800000,234.97,238.0,231.69,235.82,0.0
1740355200000,235.81,237.55,226.4,226.61,0.0
1740441600000,226.59,231.49,212.83,216.74,0.0
1740528000000,216.73,225.24,210.5,214.42,0.0
1740614400000,214.43,216.8,206.89,209.44,0.0
1740700800000,209.45,219.83,205.82,217.91,0.0
1740787200000,217.9,227.0,216.54,224.0,0.0
1740873600000,224.01,230.87,222.07,229.96,0.0
1740960000000,229.94,235.15,214.05,218.24,0.0
1741046400000,218.24,224.3,210.98,224.11,0.0
1741132800000,224.11,229.23,222.51,226.89,0.0
1741219200000,226.88,234.01,224.45,228.35,0.0
1741305600000,228.38,230.0,216.32,216.56,0.0
1741392000000,216.64,228.61,214.41,220.33,0.0
1741478400000,220.39,221.59,210.22,211.15,0.0
1741564800000,211.18,213.89,196.95,200.93,0.0
1741651200000,200.91,213.94,196.25,212.3,0.0
1741737600000,212.31,213.17,204.21,208.09,0.0
1741824000000,208.07,211.05,204.6,206.6,0.0
1741910400000,206.61,211.42,205.62,210.26,0.0
1741996800000,210.27,213.56,207.93,213.19,0.0
1742083200000,213.22,214.9,208.31,208.81,0.0
1742169600000,208.81,212.8,208.28,212.41,0.0
1742256000000,212.41,212.93,204.38,208.75,0.0
1742342400000,208.75,210.9,204.28,207.11,0.0
1742428800000,207.1,211.39,206.66,210.42,0.0
1742515200000,210.46,215.9,205.98,213.05,0.0
1742601600000,213.03,217.72,212.79,214.55,0.0
1742688000000,214.56,218.09,214.36,216.56,0.0
1742774400000,216.54,221.99,216.09,219.17,0.0
1742860800000,219.13,224.82,218.26,219.7,0.0
1742947200000,219.72,228.28,219.69,222.68,0.0
1743033600000,222.69,225.33,220.39,225.0,0.0
1743120000000,224.94,226.28,215.1,217.62,0.0
1743206400000,217.62,219.98,212.8,215.12,0.0
1743292800000,215.12,219.0,214.9,217.6,0.0
1743379200000,217.61,218.33,213.49,214.98,0.0
1743465600000,214.97,219.65,214.66,216.73,0.0
1743552000000,216.78,222.29,213.11,214.55,0.0
1743638400000,214.46,217.89,207.24,214.97,0.0
1743724800000,214.97,218.96,212.46,215.01,0.0
1743811200000,214.99,219.0,210.87,213.4,0.0
1743897600000,213.39,215.97,195.83,199.13,0.0
1743984000000,199.13,204.87,185.01,203.57,0.0
1744070400000,203.58,207.98,194.46,194.81,0.0
1744156800000,194.82,205.5,192.01,202.6,0.0
1744243200000,202.65,204.91,198.09,200.86,0.0
1744329600000,200.9,206.64,199.8,206.57,0.0
1744416000000,206.53,209.69,204.47,207.27,0.0
1744502400000,207.24,212.6,200.64,203.11,0.0
1744588800000,203.13,216.25,203.13,214.54,0.0
1744675200000,214.51,216.46,210.25,215.16,0.0
1744761600000,215.2,220.32,214.54,218.28,0.0
1744848000000,218.27,219.29,214.94,216.7,0.0
1744934400000,216.69,219.25,214.27,215.06,0.0
1745020800000,215.08,215.91,210.06,215.56,0.0
1745107200000,215.53,218.06,212.57,213.97,0.0
1745193600000,213.98,216.8,212.52,215.33,0.0
1745280000000,215.43,226.63,214.32,226.49,0.0
1745366400000,226.47,230.5,224.26,229.77,0.0
1745452800000,229.77,230.55,221.33,227.51,0.0
1745539200000,227.5,230.89,226.57,227.83,0.0
1745625600000,227.8,230.26,226.66,230.13,0.0
1745712000000,230.16,234.72,227.01,234.24,0.0
1745798400000,234.36,327.41,233.42,258.8,0.0
1745884800000,258.77,279.68,258.06,269.92,0.0
1745971200000,269.93,283.71,266.0,278.07,0.0
1746057600000,278.06,288.78,270.0,270.72,0.0
1746144000000,270.72,289.91,269.54,279.81,0.0
1746230400000,279.83,283.0,269.48,276.59,0.0
1746316800000,276.6,278.63,264.31,278.21,0.0
1746403200000,278.22,280.0,267.81,277.67,0.0
1746489600000,277.63,286.0,271.0,284.61,0.0
1746576000000,284.59,288.38,278.0,283.24,0.0
1746662400000,283.27,300.26,280.6,299.01,0.0
1746748800000,298.91,316.41,294.56,316.41,0.0
1746835200000,316.41,333.32,309.44,326.02,0.0
1746921600000,326.02,341.88,317.17,332.02,0.0
1747008000000,332.01,351.97,329.3,336.69,0.0
1747094400000,336.69,346.36,329.27,341.56,0.0
1747180800000,341.53,349.41,336.52,339.98,0.0
1747267200000,339.87,349.28,331.65,335.68,0.0
1747353600000,335.67,343.64,331.68,333.89,0.0
1747440000000,333.87,340.59,331.88,336.43,0.0
1747526400000,336.41,346.19,334.95,337.58,0.0
1747612800000,337.57,346.67,335.93,342.94,0.0
1747699200000,342.94,357.09,342.74,352.44,0.0
1747785600000,352.46,401.64,349.65,395.79,0.0
1747872000000,395.76,411.04,384.12,386.54,0.0
1747958400000,386.54,403.57,377.14,391.65,0.0
1748044800000,391.65,406.3,384.05,403.45,0.0
1748131200000,403.54,419.3,394.86,418.22,0.0
1748217600000,418.14,420.99,393.22,402.5,0.0
1748304000000,402.5,404.81,370.13,371.73,0.0
1748390400000,371.71,371.8,320.16,347.17,0.0
1748476800000,347.17,351.8,333.4,338.84,0.0
1748563200000,338.83,342.49,325.0,325.09,0.0
1748649600000,325.09,330.68,313.52,325.31,0.0
1748736000000,325.31,350.79,320.36,347.79,0.0
1748822400000,347.79,368.88,341.2,358.51,0.0
1748908800000,358.51,371.41,341.7,344.19,0.0
1748995200000,344.2,353.04,301.4,313.55,0.0
1749081600000,313.59,339.0,307.33,316.97,0.0
1749168000000,316.94,342.13,314.4,323.0,0.0
1749254400000,323.07,331.03,320.07,327.75,0.0
1749340800000,327.75,336.84,323.8,327.05,0.0
1749427200000,327.06,335.88,324.36,333.28,0.0
1749513600000,333.29,343.46,328.68,338.89,0.0
1749600000000,338.88,345.52,325.37,330.88,0.0
1749686400000,330.91,332.17,314.21,318.38,0.0
1749772800000,318.27,323.54,300.0,313.01,0.0
1749859200000,313.01,318.96,306.42,312.4,0.0
1749945600000,312.47,319.32,310.56,314.68,0.0
1750032000000,314.67,332.27,313.77,321.36,0.0
1750118400000,321.34,330.11,316.4,319.64,0.0
1750204800000,319.62,332.77,313.81,315.9,0.0
1750291200000,315.92,323.53,302.98,310.87,0.0
1750377600000,310.88,319.32,303.64,310.47,0.0
1750464000000,310.5,317.73,305.1,308.9,0.0
1750550400000,308.89,314.0,288.37,298.51,0.0
1750636800000,298.52,314.44,291.7,312.04,0.0
1750723200000,312.01,321.18,304.8,314.69,0.0
1750809600000,314.68,322.43,310.07,311.87,0.0
1750896000000,311.88,320.34,308.9,311.7,0.0
1750982400000,311.69,313.25,302.32,307.9,0.0
1751068800000,307.93,316.41,303.63,310.65,0.0
1751155200000,310.6,323.45,306.69,313.87,0.0
1751241600000,313.87,327.64,311.24,325.61,0.0
1751328000000,325.64,326.35,309.81,310.64,0.0
1751414400000,310.67,327.0,309.76,322.11,0.0
1751500800000,322.08,338.34,315.77,320.29,0.0
1751587200000,320.29,323.75,312.08,313.4,0.0
1751673600000,313.39,317.6,311.53,316.46,0.0
1751760000000,316.46,322.29,312.72,319.42,0.0
1751846400000,319.48,328.0,313.5,316.03,0.0
1751932800000,316.03,320.28,309.2,317.09,0.0
1752019200000,317.13,327.62,314.11,325.85,0.0
1752105600000,325.85,329.96,320.97,326.4,0.0
1752192000000,326.42,331.99,323.22,330.18,0.0
1752278400000,330.18,336.28,325.54,332.5,0.0
1752364800000,332.51,344.41,330.14,336.76,0.0
1752451200000,336.73,357.73,336.55,344.55,0.0
1752537600000,344.56,345.5,332.07,334.47,0.0
1752624000000,334.5,339.12,325.28,331.43,0.0
1752710400000,331.42,345.0,330.51,337.49,0.0
1752796800000,337.5,341.02,318.0,321.53,0.0
1752883200000,321.53,328.48,317.49,323.07,0.0
1752969600000,323.12,329.66,321.94,325.14,0.0
1753056000000,325.12,332.8,312.35,319.94,0.0
1753142400000,319.95,326.53,315.38,325.59,0.0
1753228800000,325.59,328.38,305.88,314.06,0.0
1753315200000,314.06,327.88,308.87,325.89,0.0
1753401600000,325.92,337.33,319.07,322.54,0.0
1753488000000,322.48,328.89,319.92,321.84,0.0
1753574400000,321.82,329.15,321.35,325.5,0.0
1753660800000,325.5,331.33,315.05,315.32,0.0
1753747200000,315.32,324.85,312.57,314.28,0.0
1753833600000,314.29,317.87,302.96,309.12,0.0
1753920000000,309.12,317.79,302.7,306.28,0.0
1754006400000,306.28,308.03,295.88,297.19,0.0
1754092800000,297.17,299.22,289.35,294.89,0.0
1754179200000,294.98,304.45,293.82,303.56,0.0
1754265600000,303.59,314.01,303.26,304.88,0.0
1754352000000,304.93,305.82,288.25,291.83,0.0
1754438400000,291.88,295.69,278.57,285.72,0.0
1754524800000,285.68,288.0,246.97,266.9,0.0
1754611200000,266.87,277.51,256.29,274.16,0.0
1754697600000,274.16,285.43,268.1,274.09,0.0
1754784000000,274.1,281.5,262.53,268.23,0.0
1754870400000,268.23,278.7,264.71,267.3,0.0
1754956800000,267.34,267.8,241.2,253.36,0.0
1755043200000,253.32,260.55,245.26,251.61,0.0
1755129600000,251.61,259.28,239.8,242.51,0.0
1755216000000,242.52,246.99,232.28,235.73,0.0
1755302400000,235.72,258.53,232.89,251.74,0.0
1755388800000,251.77,272.23,251.19,266.9,0.0
1755475200000,266.91,279.4,264.54,277.46,0.0
1755561600000,277.46,280.06,258.85,260.57,0.0
1755648000000,260.56,271.74,247.67,256.68,0.0
1755734400000,256.69,274.21,253.92,260.35,0.0
1755820800000,260.37,272.86,254.65,272.29,0.0
1755907200000,272.3,274.06,259.09,266.05,0.0
1755993600000,266.04,287.33,265.59,276.57,0.0
1756080000000,276.58,279.65,263.3,265.77,0.0
1756166400000,265.71,285.0,260.41,279.12,0.0
1756252800000,279.09,280.8,266.63,273.95,0.0
1756339200000,273.96,277.44,264.39,266.99,0.0
1756425600000,266.99,268.72,255.52,262.36,0.0
1756512000000,262.39,268.39,255.57,258.82,0.0
1756598400000,258.82,266.78,258.48,262.02,0.0
1756684800000,261.99,268.68,257.98,260.04,0.0
1756771200000,260.04,271.35,259.12,269.85,0.0
1756857600000,269.88,272.98,264.7,270.47,0.0
1756944000000,270.49,274.7,264.85,269.83,0.0
1757030400000,269.83,272.89,264.0,269.8,0.0
1757116800000,269.81,271.99,265.0,268.63,0.0
1757203200000,268.63,275.97,266.89,272.18,0.0
1757289600000,272.16,273.36,266.11,266.4,0.0
1757376000000,266.46,274.99,265.68,266.96,0.0
1757462400000,267.03,272.43,266.0,269.15,0.0
1757548800000,269.19,274.2,268.19,270.76,0.0
1757635200000,270.76,284.2,270.18,284.12,0.0
1757721600000,284.15,291.04,283.61,286.63,0.0
1757808000000,286.64,309.24,284.64,305.97,0.0
1757894400000,305.97,308.69,295.93,305.69,0.0
1757980800000,305.71,325.86,303.38,319.44,0.0
1758067200000,319.47,320.16,289.52,301.2,0.0
1758153600000,301.2,302.61,292.76,299.04,0.0
1758240000000,299.06,303.76,291.64,293.81,0.0
1758326400000,293.83,299.4,293.06,298.77,0.0
1758412800000,298.82,300.97,292.05,292.84,0.0
1758499200000,292.87,301.98,281.31,288.98,0.0
1758585600000,289.02,295.45,283.46,290.92,0.0
1758672000000,290.93,300.52,289.34,292.16,0.0
1758758400000,292.16,299.94,287.64,288.39,0.0
1758844800000,288.4,296.87,285.52,287.88,0.0
1758931200000,287.87,293.06,284.55,286.26,0.0
1759017600000,286.27,292.89,283.38,290.51,0.0
1759104000000,290.51,293.6,284.99,292.55,0.0
1759190400000,292.58,299.45,288.09,295.87,0.0
1759276800000,295.95,321.7,291.76,312.69,0.0
1759363200000,312.72,342.0,310.02,333.47,0.0
1759449600000,333.52,340.1,322.18,323.8,0.0
1759536000000,323.82,330.7,317.37,330.68,0.0
1759622400000,330.68,342.03,319.84,321.47,0.0
1759708800000,321.47,326.77,310.0,311.06,0.0
1759795200000,311.06,327.75,310.16,318.65,0.0
1759881600000,318.64,342.61,312.96,334.35,0.0
1759968000000,334.4,349.99,328.37,342.31,0.0
1760054400000,342.31,347.44,265.13,293.27,0.0
1760140800000,293.2,311.83,284.23,298.66,0.0
1760227200000,298.75,315.43,292.15,304.57,0.0
1760313600000,304.53,317.43,302.16,310.58,0.0
1760400000000,310.6,313.47,298.45,312.48,0.0
1760486400000,312.51,331.16,310.5,317.29,0.0
1760572800000,317.28,322.07,298.88,300.47,0.0
1760659200000,300.52,304.11,281.84,291.07,0.0
1760745600000,291.1,315.08,289.37,307.15,0.0
1760832000000,307.15,320.18,306.58,315.82,0.0
1760918400000,315.79,323.65,308.47,309.32,0.0
1761004800000,309.41,317.85,300.91,304.59,0.0
1761091200000,304.59,313.05,304.44,311.89,0.0
1761177600000,311.92,339.65,310.03,323.47,0.0
1761264000000,323.43,330.78,321.87,327.39,0.0
1761350400000,327.38,340.12,324.05,333.7,0.0
1761436800000,333.69,352.04,333.57,348.93,0.0
1761523200000,348.92,351.35,338.2,341.27,0.0
1761609600000,341.23,347.55,332.37,335.3,0.0
1761696000000,335.31,346.02,331.0,336.85,0.0
1761782400000,336.67,341.46,318.76,322.95,0.0
1761868800000,323.03,335.8,318.98,335.03,0.0
1761955200000,335.06,355.42,331.33,348.88,0.0
1762041600000,348.87,366.37,340.78,347.61,0.0
1762128000000,347.67,353.13,329.01,345.89,0.0
1762214400000,345.89,352.92,327.3,338.47,0.0
1762300800000,338.54,381.73,325.97,343.42,0.0
1762387200000,343.42,362.66,340.86,361.87,0.0
1762473600000,361.88,376.78,353.53,367.74,0.0
1762560000000,367.73,373.41,355.7,366.06,0.0
1762646400000,366.06,480.0,365.63,418.41,0.0
1762732800000,418.33,429.83,377.57,387.72,0.0
1762819200000,387.7,396.99,360.02,367.95,0.0
1762905600000,368.0,393.21,366.71,388.38,0.0
1762992000000,388.38,404.11,370.77,385.75,0.0
1763078400000,385.8,403.06,377.26,391.68,0.0
1763164800000,391.72,437.96,391.72,418.71,0.0
1763251200000,418.85,439.25,383.26,407.48,0.0
1763337600000,407.49,421.17,392.36,406.47,0.0
1763424000000,406.31,415.66,394.02,403.07,0.0
1763510400000,403.12,404.52,353.53,367.42,0.0
1763596800000,367.42,376.52,335.73,339.88,0.0
1763683200000,339.87,353.27,319.08,335.38,0.0
1763769600000,335.42,374.0,335.06,369.09,0.0
1763856000000,369.09,407.72,367.39,389.1,0.0
1763942400000,389.09,392.53,379.44,386.51,0.0
1764028800000,386.5,400.44,369.52,384.54,0.0
1764115200000,384.47,406.18,383.97,398.89,0.0
1764201600000,398.89,413.52,389.22,409.85,0.0
1764288000000,409.83,419.39,400.01,411.11,0.0
1764374400000,411.19,418.69,407.06,412.66,0.0
1764460800000,412.65,437.87,408.71,434.76,0.0
1764547200000,434.81,436.36,389.63,405.11,0.0
1764633600000,405.13,419.95,385.87,397.56,0.0
1764720000000,397.51,417.23,392.32,407.68,0.0
1764806400000,407.71,411.21,399.93,402.81,0.0
1764892800000,402.84,407.52,390.74,399.38,0.0
1764979200000,399.38,400.87,388.88,392.35,0.0
1765065600000,392.4,393.97,360.42,362.48,0.0
1765152000000,362.47,381.26,360.59,374.41,0.0
1765238400000,374.44,389.0,360.6,388.26,0.0
1765324800000,388.25,409.4,385.54,402.99,0.0
1765411200000,402.95,418.0,397.23,407.57,0.0
1765497600000,407.57,420.0,395.6,405.73,0.0
1765584000000,405.73,419.65,404.53,414.78,0.0
1765670400000,414.77,418.05,406.83,409.56,0.0
1765756800000,409.55,417.42,399.22,409.85,0.0
1765843200000,409.85,434.68,405.71,429.94,0.0
1765929600000,429.95,438.36,418.02,418.56,0.0
1766016000000,418.57,448.52,407.84,414.19,0.0
1766102400000,414.19,446.62,413.15,440.94,0.0
1766188800000,440.94,499.11,436.03,476.58,0.0
1766275200000,476.59,477.9,457.15,471.22,0.0
1766361600000,471.17,484.99,453.79,464.02,0.0
1766448000000,464.01,466.71,433.0,448.65,0.0
1766534400000,448.66,450.55,424.19,435.0,0.0
1766620800000,435.0,448.13,433.42,444.51,0.0
1766707200000,444.51,451.44,435.4,444.93,0.0
1766793600000,444.93,463.65,444.01,453.72,0.0
1766880000000,453.72,464.15,442.21,453.53,0.0
1766966400000,453.53,463.59,436.99,438.45,0.0
1767052800000,438.5,442.0,428.3,439.73,0.0
1767139200000,439.75,445.0,433.36,434.22,0.0
1767225600000,434.22,435.72,415.3,420.84,0.0
1767312000000,420.81,426.69,412.1,425.11,0.0
1767398400000,425.01,438.5,422.14,434.95,0.0
1767484800000,434.95,441.95,417.2,418.76,0.0
1767571200000,418.75,440.16,417.22,436.59,0.0
1767657600000,436.59,450.88,434.16,442.52,0.0
1767744000000,442.52,457.39,431.7,436.31,0.0
1767830400000,436.4,474.91,431.13,453.15,0.0
1767916800000,453.18,464.86,451.0,451.73,0.0
1768003200000,451.73,473.32,447.18,472.04,0.0
1768089600000,472.04,564.98,472.02,559.58,0.0
1768176000000,559.55,643.2,554.88,632.99,0.0
1768262400000,632.99,695.0,622.0,678.54,0.0
1768348800000,678.5,800.87,667.16,710.77,0.0
1768435200000,697.0,746.1,657.37,678.19,55414.798
1768521600000,678.67,719.0,615.54,618.91,97255.565
1768608000000,619.25,643.63,583.69,589.8,76830.497
1768694400000,589.81,618.37,556.0,572.74,83562.999
1768780800000,572.59,648.9,536.0,624.54,80144.746
1768867200000,624.48,626.73,497.0,503.09,88248.12
1768953600000,503.46,545.45,480.0,522.91,71004.769
1769040000000,522.98,533.66,494.07,517.24,32605.603
1769126400000,517.24,535.02,507.79,513.47,23612.596
1769212800000,513.44,530.85,500.42,504.57,19195.049
1769299200000,504.24,508.85,445.65,450.25,33908.285
1769385600000,450.45,477.3,446.93,461.96,29442.436
1769472000000,462.09,481.03,455.71,470.8,19404.268
1769558400000,471.1,486.58,464.17,469.42,22485.11
1769644800000,469.48,479.35,432.67,460.31,27249.799
1769731200000,460.32,467.93,418.69,461.69,30467.374
1769817600000,461.6,499.23,416.01,465.93,48983.284
1769904000000,466.12,469.95,401.58,405.17,28829.404
1769990400000,405.49,422.7,381.15,386.51,23562.591
1770076800000,386.78,393.22,367.44,378.14,31614.921
1770163200000,377.67,396.09,372.7,382.49,26025.214
1770249600000,382.69,384.28,292.46,293.31,51948.528
1770336000000,293.39,336.26,276.25,321.64,54526.318
1770422400000,321.6,340.02,317.25,329.92,21585.939
1770508800000,329.57,334.16,310.18,319.26,17332.483
1770595200000,319.25,338.57,316.57,335.2,13180.235
1770681600000,335.02,350.07,319.55,346.39,15582.484
1770768000000,346.3,362.82,332.69,346.32,15157.852
1770854400000,346.23,354.33,324.6,336.9,13491.219
1770940800000,336.89,365.17,330.88,352.32,14703.441
1771027200000,352.11,365.03,349.52,358.25,14189.167
1771113600000,358.2,358.25,327.53,331.65,19093.575
1771200000000,331.39,333.14,315.31,327.11,15263.021
1771286400000,326.99,344.57,326.41,333.37,16534.919
1771372800000,333.26,344.82,325.54,330.86,5360.274
1771459200000,330.59,339.29,322.81,339.26,9780.964
1771545600000,339.22,340.59,327.53,331.59,9508.49
1771632000000,331.83,334.89,325.37,326.61,7228.863
1771718400000,326.51,327.93,318.22,327.93,6051.823
1771804800000,327.93,328.45,304.5,307.66,15394.959
1771891200000,308.14,329.51,302.29,321.62,12440.943
1771977600000,321.72,348.62,320.74,344.96,22106.403
1772064000000,345.19,351.49,335.0,342.6,8993.939
1772150400000,342.66,355.88,331.39,337.93,14511.473
1772236800000,337.93,344.75,323.01,336.37,10573.434
1772323200000,336.49,350.95,334.7,341.01,7616.533
1772409600000,341.33,353.59,336.0,347.87,16648.213
1772496000000,347.81,348.49,336.0,340.99,6566.957
1772582400000,341.1,366.15,338.88,356.5,16813.406
1772668800000,355.88,375.75,354.14,361.61,27461.162
1772755200000,362.21,366.56,341.87,352.16,13564.409
1772841600000,352.13,354.23,343.19,344.36,10072.553
1772928000000,344.48,347.34,334.23,334.37,6848.71
1773014400000,334.85,352.89,333.48,341.06,11318.238
1773100800000,340.8,353.0,340.16,352.9,10575.247
1773187200000,352.96,363.4,347.21,352.14,9563.128
1773273600000,352.24,358.93,348.61,350.82,3637.586
1773360000000,350.92,363.22,350.06,356.93,10756.642
1773446400000,356.81,370.6,353.9,355.75,8822.263
1773532800000,355.75,360.18,351.0,358.08,7753.787
1773619200000,357.49,383.24,356.59,373.84,26943.179
1773705600000,373.62,378.46,365.09,368.24,15881.192
1773792000000,368.26,371.6,343.75,346.43,19895.388
1773878400000,346.76,350.31,336.52,339.87,7029.467
1773964800000,339.93,351.22,337.45,348.74,13370.172
1774051200000,348.81,350.86,340.77,341.51,5044.467
1774137600000,341.58,364.43,338.64,361.66,14242.99
1774224000000,361.67,365.79,350.74,351.14,31290.006
1774310400000,351.15,355.18,338.0,339.97,16089.31
1774396800000,340.15,349.13,336.68,340.93,9453.428
1774483200000,340.93,341.69,322.76,328.9,9610.29
1774569600000,329.18,334.54,317.77,326.2,9938.629
1774656000000,325.92,338.63,321.99,330.34,10362.47
1774742400000,330.43,332.63,322.78,327.35,5638.78
1774828800000,327.45,340.87,321.25,321.43,10508.988
1774915200000,321.56,335.82,320.11,335.03,10885.552
1775001600000,334.85,339.22,330.42,337.9,9897.116
1775088000000,337.8,340.18,325.14,326.55,9060.771
1775174400000,326.62,329.7,313.84,316.9,5732.829
1775260800000,316.87,326.65,314.55,325.59,8339.672
1775347200000,325.52,332.94,323.5,331.52,7377.527
1775433600000,331.77,334.21,323.98,326.49,10398.379
1775520000000,326.26,345.78,325.04,344.48,8365.142
1775606400000,344.23,359.55,321.33,327.49,31218.385
1775692800000,327.4,351.69,321.59,346.68,23070.24
1775779200000,346.59,351.31,339.7,344.56,12643.912
1775865600000,344.89,345.61,335.37,339.16,4751.906
1775952000000,339.12,343.94,334.64,335.27,8718.964
1776038400000,335.29,348.47,335.29,346.7,10303.866
1776124800000,346.69,356.22,343.79,344.71,19018.622
1776211200000,344.73,351.68,338.01,345.0,9129.859
1776297600000,344.81,348.09,340.4,344.03,4789.602
1776384000000,344.17,355.46,341.36,348.97,10766.019
1776470400000,349.03,351.34,342.5,349.65,10502.666
1776556800000,349.69,355.82,345.0,347.12,9324.719
1776643200000,347.04,355.31,345.95,354.09,9079.941
1776729600000,353.8,387.68,352.81,386.24,41736.051
1776816000000,386.38,390.0,366.38,367.06,25247.075
1776902400000,367.06,379.69,361.41,379.48,14908.53
1776988800000,379.48,385.55,366.64,368.63,12957.575
1777075200000,368.82,377.99,366.69,373.05,4750.81
1777161600000,373.05,406.37,371.73,392.85,14798.833
1777248000000,392.68,396.35,376.96,380.7,14729.367
1777334400000,380.9,385.64,373.58,378.64,8393.339
1777420800000,378.37,385.39,369.49,377.0,12792.147
1777507200000,377.1,382.22,374.52,379.91,8115.85
1777593600000,379.82,387.88,375.39,379.99,6560.852
1777680000000,379.74,388.5,379.14,383.29,3843.345
1777766400000,383.3,398.77,382.82,392.29,10577.791
1777852800000,392.22,409.48,385.27,407.54,22375.976
1777939200000,407.29,429.26,400.1,412.57,29770.425
1778025600000,412.57,438.93,404.64,416.81,51470.879
1778112000000,416.31,420.32,395.17,400.2,24854.17
1778198400000,400.06,406.62,388.1,400.46,13328.767
1778284800000,400.46,418.25,400.05,410.82,19880.988
1778371200000,410.7,415.18,402.19,410.21,12123.712
1778457600000,410.46,421.17,404.86,417.76,13117.242
1778544000000,417.64,419.99,396.02,411.98,19279.913
1778630400000,411.98,416.43,389.56,398.05,14525.035
1778716800000,398.02,405.2,392.18,396.49,24199.277
1778803200000,396.75,399.06,377.28,381.8,14239.115
1778889600000,381.8,389.18,374.23,388.71,7084.875
1778976000000,388.75,397.04,385.75,390.49,8101.424
1779062400000,390.5,391.25,376.03,383.42,6416.061
1779148800000,383.45,399.71,383.33,399.4,9182.424
1779235200000,399.49,408.32,390.37,405.29,19276.351
1779321600000,405.18,411.26,391.31,393.7,27688.103
1779408000000,393.7,394.02,378.48,382.1,21614.195
1779494400000,382.11,388.0,372.41,387.67,14640.034
1779580800000,387.68,400.78,382.08,393.21,22475.19
1779667200000,393.5,400.01,380.89,386.5,14663.04
1779753600000,385.96,393.49,376.92,380.42,15647.688
1779840000000,380.68,401.45,376.43,393.9,23114.95
1779926400000,394.0,396.12,345.93,354.35,26331.494
1780012800000,354.08,398.61,352.92,397.62,44276.569
1780099200000,397.8,423.1,367.48,370.78,78020.736
1780185600000,370.96,376.05,359.17,368.15,21503.501
1780272000000,368.22,375.1,341.18,344.98,34883.83
1780358400000,345.26,354.87,322.09,326.6,45605.183
1780444800000,326.76,364.56,326.55,363.3,47338.389
1780531200000,363.33,386.81,338.9,374.67,79034.5
1780617600000,374.44,379.09,302.7,310.2,104076.848
1780704000000,310.23,314.27,292.14,295.76,27781.735
1780790400000,295.7,315.49,292.31,303.44,29441.115
1780876800000,303.48,320.61,299.51,315.15,23571.401
1780963200000,315.29,330.35,304.61,311.8,18773.98
1781049600000,311.89,336.85,306.67,335.61,17605.403
1781136000000,335.65,391.64,335.0,387.68,56686.847
1781222400000,388.0,430.85,345.19,354.07,110394.017
1781308800000,354.36,354.65,335.62,338.68,17019.7
1781395200000,339.01,346.36,333.0,342.28,14972.916
1781481600000,342.38,380.8,333.0,348.51,54677.736
1781568000000,348.5,355.47,332.62,346.04,29156.748
1781654400000,345.93,354.77,332.32,337.71,31192.7
1781740800000,337.58,339.77,317.79,319.74,27027.049
1781827200000,319.85,334.38,306.44,315.29,23801.013
1781913600000,315.35,324.0,307.0,321.43,17710.998
1782000000000,321.48,324.93,309.51,320.5,14900.199
1782086400000,320.69,334.37,317.48,318.13,14169.936
1782172800000,318.25,331.81,310.28,319.15,28031.446
1782259200000,319.08,331.82,307.0,315.04,22713.842
1782345600000,315.19,321.0,299.14,307.69,23023.453
1782432000000,307.77,324.45,302.47,320.96,15089.587
1782518400000,321.28,324.0,311.8,313.32,7361.322
1782604800000,313.3,317.35,307.04,311.37,12396.959
1782691200000,311.22,317.0,303.72,315.82,11268.773
1782777600000,315.86,316.94,302.26,303.95,10910.414
1782864000000,304.07,312.87,302.58,309.11,14746.707
1782950400000,309.36,318.87,305.6,318.35,9838.505
1783036800000,318.26,328.78,315.45,324.76,13531.547
1783123200000,324.92,335.72,319.86,329.0,11697.668
1783209600000,329.06,333.62,322.55,327.88,7346.179
1783296000000,327.8,327.96,316.65,323.73,9770.953
1783382400000,323.73,337.0,322.45,335.84,17476.417
1783468800000,336.0,337.0,317.78,320.52,19094.99
1783555200000,320.49,327.04,313.73,314.5,11816.13
1783641600000,314.5,326.73,313.5,322.54,19145.249
1783728000000,322.49,325.13,319.3,323.06,7160.403
1783814400000,323.07,333.46,322.47,324.68,16918.86
1783900800000,324.73,332.96,318.7,322.08,13100.693
1783987200000,322.11,331.7,320.46,330.84,10232.162
1784073600000,330.91,336.09,325.35,330.39,11751.668
1784160000000,330.23,338.74,327.51,335.09,12766.865
1784246400000,335.1,337.55,322.09,331.09,13546.571
1784332800000,331.02,338.0,328.06,336.4,7009.702
1784419200000,336.4,340.34,331.14,336.89,7620.967
1784505600000,336.96,339.0,332.51,337.76,7853.317
1784592000000,337.76,358.62,337.22,357.51,18100.173
1784678400000,357.39,363.4,345.17,352.59,13564.529
1784764800000,352.64,358.11,346.13,355.07,16204.166
1784851200000,355.07,367.48,351.3,364.2,12544.252
1784937600000,364.17,372.54,362.5,364.4,12651.457
1785024000000,364.62,370.07,353.7,354.25,11269.17
1785110400000,354.23,354.26,343.03,345.95,11879.0
1785196800000,345.95,346.13,334.89,341.86,12103.165
1785283200000,341.82,355.19,341.0,353.54,15507.364
1785369600000,353.41,368.0,351.46,360.23,13464.236
1785456000000,360.58,361.38,347.04,358.24,31282.211
1785542400000,358.24,367.34,357.74,363.75,14484.453
1785628800000,363.81,366.0,359.17,365.01,6467.633
1785715200000,365.0,365.85,360.32,363.08,7634.432
1785801600000,363.08,366.18,351.27,351.57,7276.082
1785888000000,351.56,366.81,350.25,366.11,12094.808
1785974400000,366.28,370.44,359.92,369.71,12983.304
1786060800000,369.92,379.09,366.96,378.97,15756.641
1786147200000,379.08,386.13,374.72,378.09,24204.975
1786233600000,378.14,415.43,377.62,395.95,80759.983
1786320000000,395.96,403.94,391.07,398.04,30625.183
1786406400000,398.08,401.13,378.0,378.25,22028.53
1786492800000,378.38,400.87,375.18,393.93,20723.497
1786579200000,393.84,409.24,393.18,394.22,15273.85
1786665600000,394.46,403.11,392.54,400.41,10757.64
1786752000000,400.37,416.53,400.2,411.36,12937.914
1786838400000,411.36,418.92,407.46,410.39,17518.129
1786924800000,410.4,421.74,409.7,416.15,14179.896
1787011200000,416.15,422.1,409.08,413.21,16183.259
1787097600000,413.35,431.0,409.69,423.05,24936.911
1787184000000,422.92,433.83,407.57,412.06,33192.459
1787270400000,412.05,420.96,404.67,414.29,57849.023
1787356800000,414.24,467.44,406.04,433.25,117357.795
1787443200000,433.26,443.23,433.03,436.78,4216.612
