mode,total_return_pct,max_drawdown_pct,sharpe,final_equity,max_position_usdt,n_fills,n_rebalances,commissions_usdt,grid_span_pct,max_levels_per_side,rebalance_interval_bars,max_exposure_budget_mult,trend_filter_enabled,trend_min_dist_pct
mixed,-14.722,-23.605,-8.89,85275.2,122752.0,2990,409,3646.8,1.0,4,48,3.0,False,1.0
range,17.851,-1.662,30.721,117850.8,95416.0,3963,409,5180.4,1.0,4,48,3.0,False,1.0
mixed,-14.722,-23.605,-8.89,85275.2,122752.0,2990,409,3646.8,1.0,4,48,3.0,False,2.0
range,17.851,-1.662,30.721,117850.8,95416.0,3963,409,5180.4,1.0,4,48,3.0,False,2.0
mixed,-14.722,-23.605,-8.89,85275.2,122752.0,2990,409,3646.8,1.0,4,48,3.0,False,3.0
range,17.851,-1.662,30.721,117850.8,95416.0,3963,409,5180.4,1.0,4,48,3.0,False,3.0
mixed,-1.202,-21.758,-0.641,98794.2,109510.0,2134,384,2596.1,1.0,4,48,3.0,True,1.0
range,-2.266,-4.742,-3.657,97733.9,121922.0,3254,402,4338.8,1.0,4,48,3.0,True,1.0
mixed,5.961,-11.746,3.907,105957.6,134724.0,2596,402,3089.6,1.0,4,48,3.0,True,2.0
range,15.914,-2.213,25.827,115914.2,106059.0,3925,409,5126.0,1.0,4,48,3.0,True,2.0
mixed,-1.668,-13.01,-0.729,98328.9,130441.0,2924,406,3485.4,1.0,4,48,3.0,True,3.0
range,17.851,-1.662,30.721,117850.8,95416.0,3963,409,5180.4,1.0,4,48,3.0,True,3.0
mixed,-0.838,-14.983,-0.147,99158.8,224606.0,3296,409,3983.2,1.0,4,48,6.0,False,1.0
range,20.822,-1.864,27.445,120822.0,171172.0,4159,409,5403.3,1.0,4,48,6.0,False,1.0
mixed,-0.838,-14.983,-0.147,99158.8,224606.0,3296,409,3983.2,1.0,4,48,6.0,False,2.0
range,20.822,-1.864,27.445,120822.0,171172.0,4159,409,5403.3,1.0,4,48,6.0,False,2.0
mixed,-0.838,-14.983,-0.147,99158.8,224606.0,3296,409,3983.2,1.0,4,48,6.0,False,3.0
range,20.822,-1.864,27.445,120822.0,171172.0,4159,409,5403.3,1.0,4,48,6.0,False,3.0
mixed,-8.42,-21.737,-4.711,91575.9,228671.0,2326,399,2813.7,1.0,4,48,6.0,True,1.0
range,-2.562,-5.061,-3.639,97438.3,214084.0,3474,408,4607.9,1.0,4,48,6.0,True,1.0
mixed,-1.932,-12.463,-0.752,98065.0,225123.0,2955,407,3492.7,1.0,4,48,6.0,True,2.0
range,19.04,-2.213,24.853,119039.4,169409.0,4127,409,5369.0,1.0,4,48,6.0,True,2.0
mixed,-2.017,-13.946,-0.9,97979.6,218190.0,3139,408,3730.5,1.0,4,48,6.0,True,3.0
range,20.822,-1.864,27.445,120822.0,171172.0,4159,409,5403.3,1.0,4,48,6.0,True,3.0
mixed,2.252,-14.9,1.439,102248.2,232923.0,3367,409,4071.1,1.0,4,48,10.0,False,1.0
range,19.339,-1.845,28.382,119338.6,221119.0,4195,409,5449.6,1.0,4,48,10.0,False,1.0
mixed,2.252,-14.9,1.439,102248.2,232923.0,3367,409,4071.1,1.0,4,48,10.0,False,2.0
range,19.339,-1.845,28.382,119338.6,221119.0,4195,409,5449.6,1.0,4,48,10.0,False,2.0
mixed,2.252,-14.9,1.439,102248.2,232923.0,3367,409,4071.1,1.0,4,48,10.0,False,3.0
range,19.339,-1.845,28.382,119338.6,221119.0,4195,409,5449.6,1.0,4,48,10.0,False,3.0
mixed,-14.357,-24.235,-6.937,85639.4,299485.0,2407,407,2906.0,1.0,4,48,10.0,True,1.0
range,-0.006,-5.061,0.105,99993.4,309119.0,3529,409,4663.2,1.0,4,48,10.0,True,1.0
mixed,-1.001,-11.759,-0.229,98995.6,298291.0,2999,409,3550.2,1.0,4,48,10.0,True,2.0
range,16.844,-2.213,25.601,116843.5,239906.0,4157,409,5402.1,1.0,4,48,10.0,True,2.0
mixed,-1.197,-12.937,-0.321,98799.4,252051.0,3216,409,3821.7,1.0,4,48,10.0,True,3.0
range,19.339,-1.845,28.382,119338.6,221119.0,4195,409,5449.6,1.0,4,48,10.0,True,3.0
mixed,19.371,-5.057,14.756,119367.2,114448.0,1623,205,2010.3,1.0,4,96,3.0,False,1.0
range,11.905,-1.656,19.302,111904.8,120796.0,2035,205,2659.9,1.0,4,96,3.0,False,1.0
mixed,19.371,-5.057,14.756,119367.2,114448.0,1623,205,2010.3,1.0,4,96,3.0,False,2.0
range,11.905,-1.656,19.302,111904.8,120796.0,2035,205,2659.9,1.0,4,96,3.0,False,2.0
mixed,19.371,-5.057,14.756,119367.2,114448.0,1623,205,2010.3,1.0,4,96,3.0,False,3.0
range,11.905,-1.656,19.302,111904.8,120796.0,2035,205,2659.9,1.0,4,96,3.0,False,3.0
mixed,1.682,-9.862,1.65,101677.8,105129.0,1112,196,1358.1,1.0,4,96,3.0,True,1.0
range,3.928,-3.015,7.695,103927.6,119304.0,1753,201,2307.9,1.0,4,96,3.0,True,1.0
mixed,6.88,-9.033,5.893,106876.8,89711.0,1441,202,1732.3,1.0,4,96,3.0,True,2.0
range,10.285,-1.671,17.275,110285.0,120480.0,2009,205,2632.9,1.0,4,96,3.0,True,2.0
mixed,11.394,-9.262,9.462,111389.9,104322.0,1486,201,1806.0,1.0,4,96,3.0,True,3.0
range,11.905,-1.656,19.302,111904.8,120796.0,2035,205,2659.9,1.0,4,96,3.0,True,3.0
mixed,14.566,-7.071,10.416,114561.8,139865.0,1743,205,2141.2,1.0,4,96,6.0,False,1.0
range,14.326,-2.147,22.892,114325.5,160886.0,2239,205,2905.3,1.0,4,96,6.0,False,1.0
mixed,14.566,-7.071,10.416,114561.8,139865.0,1743,205,2141.2,1.0,4,96,6.0,False,2.0
range,14.326,-2.147,22.892,114325.5,160886.0,2239,205,2905.3,1.0,4,96,6.0,False,2.0
mixed,14.566,-7.071,10.416,114561.8,139865.0,1743,205,2141.2,1.0,4,96,6.0,False,3.0
range,14.326,-2.147,22.892,114325.5,160886.0,2239,205,2905.3,1.0,4,96,6.0,False,3.0
mixed,1.413,-10.866,1.267,101409.4,191604.0,1207,200,1457.0,1.0,4,96,6.0,True,1.0
range,2.232,-4.181,4.102,102232.2,189176.0,1836,205,2410.3,1.0,4,96,6.0,True,1.0
mixed,0.459,-11.468,0.544,100456.1,178375.0,1504,205,1808.4,1.0,4,96,6.0,True,2.0
range,13.101,-2.155,21.179,113100.7,147397.0,2243,205,2912.3,1.0,4,96,6.0,True,2.0
mixed,11.015,-9.052,7.356,111011.6,178904.0,1651,205,1987.3,1.0,4,96,6.0,True,3.0
range,14.326,-2.147,22.892,114325.5,160886.0,2239,205,2905.3,1.0,4,96,6.0,True,3.0
mixed,14.566,-7.071,10.416,114561.8,139865.0,1743,205,2141.2,1.0,4,96,10.0,False,1.0
range,13.868,-2.14,22.531,113867.3,170167.0,2253,205,2926.2,1.0,4,96,10.0,False,1.0
mixed,14.566,-7.071,10.416,114561.8,139865.0,1743,205,2141.2,1.0,4,96,10.0,False,2.0
range,13.868,-2.14,22.531,113867.3,170167.0,2253,205,2926.2,1.0,4,96,10.0,False,2.0
mixed,14.566,-7.071,10.416,114561.8,139865.0,1743,205,2141.2,1.0,4,96,10.0,False,3.0
range,13.868,-2.14,22.531,113867.3,170167.0,2253,205,2926.2,1.0,4,96,10.0,False,3.0
mixed,-5.955,-14.788,-4.173,94041.5,241932.0,1246,205,1503.4,1.0,4,96,10.0,True,1.0
range,5.28,-4.181,8.354,105279.9,291777.0,1887,205,2473.3,1.0,4,96,10.0,True,1.0
mixed,2.121,-10.925,1.632,102117.9,200943.0,1562,205,1867.0,1.0,4,96,10.0,True,2.0
range,13.101,-2.155,21.179,113100.7,147397.0,2243,205,2912.3,1.0,4,96,10.0,True,2.0
mixed,10.785,-8.806,7.5,110781.0,178904.0,1656,205,1991.3,1.0,4,96,10.0,True,3.0
range,13.868,-2.14,22.531,113867.3,170167.0,2253,205,2926.2,1.0,4,96,10.0,True,3.0
mixed,14.725,-3.596,12.299,114721.1,123935.0,857,103,1038.5,1.0,4,192,3.0,False,1.0
range,3.615,-1.621,8.812,103614.5,98105.0,1084,103,1423.6,1.0,4,192,3.0,False,1.0
mixed,14.725,-3.596,12.299,114721.1,123935.0,857,103,1038.5,1.0,4,192,3.0,False,2.0
range,3.615,-1.621,8.812,103614.5,98105.0,1084,103,1423.6,1.0,4,192,3.0,False,2.0
mixed,14.725,-3.596,12.299,114721.1,123935.0,857,103,1038.5,1.0,4,192,3.0,False,3.0
range,3.615,-1.621,8.812,103614.5,98105.0,1084,103,1423.6,1.0,4,192,3.0,False,3.0
mixed,-1.367,-7.498,-1.335,98628.9,86878.0,658,101,767.8,1.0,4,192,3.0,True,1.0
range,-1.965,-3.543,-5.154,98034.4,87298.0,935,102,1230.2,1.0,4,192,3.0,True,1.0
mixed,-0.595,-6.665,-0.399,99401.1,107531.0,729,101,862.2,1.0,4,192,3.0,True,2.0
range,3.615,-1.621,8.812,103614.5,98105.0,1084,103,1423.6,1.0,4,192,3.0,True,2.0
mixed,5.386,-6.579,4.893,105382.8,127964.0,769,101,899.6,1.0,4,192,3.0,True,3.0
range,3.615,-1.621,8.812,103614.5,98105.0,1084,103,1423.6,1.0,4,192,3.0,True,3.0
mixed,14.945,-6.173,10.154,114940.7,212442.0,966,103,1151.0,1.0,4,192,6.0,False,1.0
range,4.706,-1.854,9.982,104706.2,177805.0,1177,103,1539.0,1.0,4,192,6.0,False,1.0
mixed,14.945,-6.173,10.154,114940.7,212442.0,966,103,1151.0,1.0,4,192,6.0,False,2.0
range,4.706,-1.854,9.982,104706.2,177805.0,1177,103,1539.0,1.0,4,192,6.0,False,2.0
mixed,14.945,-6.173,10.154,114940.7,212442.0,966,103,1151.0,1.0,4,192,6.0,False,3.0
range,4.706,-1.854,9.982,104706.2,177805.0,1177,103,1539.0,1.0,4,192,6.0,False,3.0
mixed,-4.713,-10.298,-3.994,95282.9,190464.0,704,101,827.9,1.0,4,192,6.0,True,1.0
range,-0.886,-2.685,-2.076,99114.0,116147.0,980,103,1291.3,1.0,4,192,6.0,True,1.0
mixed,2.2,-5.852,2.217,102196.5,248096.0,813,101,938.1,1.0,4,192,6.0,True,2.0
range,4.446,-1.409,9.657,104445.5,163636.0,1175,103,1528.7,1.0,4,192,6.0,True,2.0
mixed,6.676,-5.76,5.784,106672.3,224872.0,908,101,1057.5,1.0,4,192,6.0,True,3.0
range,4.706,-1.854,9.982,104706.2,177805.0,1177,103,1539.0,1.0,4,192,6.0,True,3.0
mixed,19.511,-5.832,11.737,119506.5,282813.0,996,103,1191.5,1.0,4,192,10.0,False,1.0
range,4.646,-1.978,9.788,104645.5,185081.0,1194,103,1560.6,1.0,4,192,10.0,False,1.0
mixed,19.511,-5.832,11.737,119506.5,282813.0,996,103,1191.5,1.0,4,192,10.0,False,2.0
range,4.646,-1.978,9.788,104645.5,185081.0,1194,103,1560.6,1.0,4,192,10.0,False,2.0
mixed,19.511,-5.832,11.737,119506.5,282813.0,996,103,1191.5,1.0,4,192,10.0,False,3.0
range,4.646,-1.978,9.788,104645.5,185081.0,1194,103,1560.6,1.0,4,192,10.0,False,3.0
mixed,-0.065,-7.591,0.147,99931.0,254940.0,723,103,849.3,1.0,4,192,10.0,True,1.0
range,-0.886,-2.685,-2.076,99114.0,116147.0,980,103,1291.3,1.0,4,192,10.0,True,1.0
mixed,6.075,-6.222,4.641,106071.7,309131.0,881,102,1028.6,1.0,4,192,10.0,True,2.0
range,4.525,-1.409,9.783,104525.1,198456.0,1187,103,1549.8,1.0,4,192,10.0,True,2.0
mixed,9.602,-5.979,6.801,109598.4,308367.0,942,102,1102.9,1.0,4,192,10.0,True,3.0
range,4.646,-1.978,9.788,104645.5,185081.0,1194,103,1560.6,1.0,4,192,10.0,True,3.0
mixed,-8.373,-16.652,-4.584,91623.7,117433.0,3463,409,3932.6,1.0,6,48,3.0,False,1.0
range,25.075,-3.031,33.729,125073.7,119017.0,5041,409,5734.1,1.0,6,48,3.0,False,1.0
mixed,-8.373,-16.652,-4.584,91623.7,117433.0,3463,409,3932.6,1.0,6,48,3.0,False,2.0
range,25.075,-3.031,33.729,125073.7,119017.0,5041,409,5734.1,1.0,6,48,3.0,False,2.0
mixed,-8.373,-16.652,-4.584,91623.7,117433.0,3463,409,3932.6,1.0,6,48,3.0,False,3.0
range,25.075,-3.031,33.729,125073.7,119017.0,5041,409,5734.1,1.0,6,48,3.0,False,3.0
mixed,-2.902,-20.347,-1.623,97094.3,129314.0,2583,381,2923.8,1.0,6,48,3.0,True,1.0
range,5.827,-3.304,8.791,105825.5,124834.0,4257,404,4992.6,1.0,6,48,3.0,True,1.0
mixed,-1.326,-15.454,-0.494,98670.8,112353.0,3037,403,3397.7,1.0,6,48,3.0,True,2.0
range,22.377,-3.398,30.114,122375.6,120155.0,4957,409,5612.1,1.0,6,48,3.0,True,2.0
mixed,-3.559,-13.558,-1.74,96438.1,116458.0,3400,407,3789.7,1.0,6,48,3.0,True,3.0
range,25.075,-3.031,33.729,125073.7,119017.0,5041,409,5734.1,1.0,6,48,3.0,True,3.0
mixed,-0.743,-17.215,-0.005,99254.2,178472.0,3851,409,4327.4,1.0,6,48,6.0,False,1.0
range,31.192,-2.992,35.373,131190.8,192418.0,5294,409,5937.8,1.0,6,48,6.0,False,1.0
mixed,-0.743,-17.215,-0.005,99254.2,178472.0,3851,409,4327.4,1.0,6,48,6.0,False,2.0
range,31.192,-2.992,35.373,131190.8,192418.0,5294,409,5937.8,1.0,6,48,6.0,False,2.0
mixed,-0.743,-17.215,-0.005,99254.2,178472.0,3851,409,4327.4,1.0,6,48,6.0,False,3.0
range,31.192,-2.992,35.373,131190.8,192418.0,5294,409,5937.8,1.0,6,48,6.0,False,3.0
mixed,-1.694,-18.489,-0.589,98301.7,220734.0,2746,399,3129.1,1.0,6,48,6.0,True,1.0
range,11.164,-4.404,14.12,111162.6,207943.0,4590,406,5294.0,1.0,6,48,6.0,True,1.0
mixed,6.342,-12.587,3.199,106338.3,197937.0,3437,403,3773.1,1.0,6,48,6.0,True,2.0
range,31.243,-3.955,35.544,131241.2,200565.0,5298,409,5916.9,1.0,6,48,6.0,True,2.0
mixed,5.292,-13.839,2.737,105288.4,206375.0,3638,408,4020.6,1.0,6,48,6.0,True,3.0
range,31.192,-2.992,35.373,131190.8,192418.0,5294,409,5937.8,1.0,6,48,6.0,True,3.0
mixed,6.214,-14.969,3.173,106211.0,294356.0,3894,409,4373.1,1.0,6,48,10.0,False,1.0
range,34.408,-2.992,38.335,134406.8,256333.0,5507,409,6149.0,1.0,6,48,10.0,False,1.0
mixed,6.214,-14.969,3.173,106211.0,294356.0,3894,409,4373.1,1.0,6,48,10.0,False,2.0
range,34.408,-2.992,38.335,134406.8,256333.0,5507,409,6149.0,1.0,6,48,10.0,False,2.0
mixed,6.214,-14.969,3.173,106211.0,294356.0,3894,409,4373.1,1.0,6,48,10.0,False,3.0
range,34.408,-2.992,38.335,134406.8,256333.0,5507,409,6149.0,1.0,6,48,10.0,False,3.0
mixed,-6.743,-21.259,-3.405,93252.8,295971.0,2832,407,3203.7,1.0,6,48,10.0,True,1.0
range,15.208,-4.404,17.821,115206.4,332757.0,4625,406,5334.0,1.0,6,48,10.0,True,1.0
mixed,7.104,-14.352,3.264,107100.6,320734.0,3496,407,3840.8,1.0,6,48,10.0,True,2.0
range,32.334,-3.955,36.215,132332.6,239786.0,5454,409,6089.7,1.0,6,48,10.0,True,2.0
mixed,5.993,-12.599,3.084,105989.6,300422.0,3717,409,4105.0,1.0,6,48,10.0,True,3.0
range,34.408,-2.992,38.335,134406.8,256333.0,5507,409,6149.0,1.0,6,48,10.0,True,3.0
mixed,18.32,-8.58,13.889,118316.5,104331.0,1828,205,2117.3,1.0,6,96,3.0,False,1.0
range,23.256,-1.221,35.653,123254.5,103535.0,2767,205,3240.9,1.0,6,96,3.0,False,1.0
mixed,18.32,-8.58,13.889,118316.5,104331.0,1828,205,2117.3,1.0,6,96,3.0,False,2.0
range,23.256,-1.221,35.653,123254.5,103535.0,2767,205,3240.9,1.0,6,96,3.0,False,2.0
mixed,18.32,-8.58,13.889,118316.5,104331.0,1828,205,2117.3,1.0,6,96,3.0,False,3.0
range,23.256,-1.221,35.653,123254.5,103535.0,2767,205,3240.9,1.0,6,96,3.0,False,3.0
mixed,3.743,-9.501,3.476,103739.3,105648.0,1297,190,1496.0,1.0,6,96,3.0,True,1.0
range,10.218,-4.305,18.678,110217.1,143484.0,2277,201,2714.0,1.0,6,96,3.0,True,1.0
mixed,15.006,-7.976,11.816,115002.0,108512.0,1622,196,1827.8,1.0,6,96,3.0,True,2.0
range,21.951,-1.676,32.437,121949.7,103261.0,2760,205,3238.8,1.0,6,96,3.0,True,2.0
mixed,16.098,-8.691,12.754,116094.6,114526.0,1692,199,1912.3,1.0,6,96,3.0,True,3.0
range,23.256,-1.221,35.653,123254.5,103535.0,2767,205,3240.9,1.0,6,96,3.0,True,3.0
mixed,13.478,-10.918,8.253,113474.1,192372.0,2003,205,2308.3,1.0,6,96,6.0,False,1.0
range,24.417,-1.731,32.717,124416.0,236302.0,2843,205,3301.1,1.0,6,96,6.0,False,1.0
mixed,13.478,-10.918,8.253,113474.1,192372.0,2003,205,2308.3,1.0,6,96,6.0,False,2.0
range,24.417,-1.731,32.717,124416.0,236302.0,2843,205,3301.1,1.0,6,96,6.0,False,2.0
mixed,13.478,-10.918,8.253,113474.1,192372.0,2003,205,2308.3,1.0,6,96,6.0,False,3.0
range,24.417,-1.731,32.717,124416.0,236302.0,2843,205,3301.1,1.0,6,96,6.0,False,3.0
mixed,4.656,-11.71,3.665,104652.1,195150.0,1377,199,1574.6,1.0,6,96,6.0,True,1.0
range,7.821,-5.543,11.688,107819.6,197791.0,2463,203,2899.1,1.0,6,96,6.0,True,1.0
mixed,3.355,-11.582,2.918,103352.0,187552.0,1775,205,1982.7,1.0,6,96,6.0,True,2.0
range,22.977,-1.747,31.463,122975.4,227781.0,2804,205,3247.3,1.0,6,96,6.0,True,2.0
mixed,11.594,-9.78,8.661,111590.9,180645.0,1843,204,2077.9,1.0,6,96,6.0,True,3.0
range,24.417,-1.731,32.717,124416.0,236302.0,2843,205,3301.1,1.0,6,96,6.0,True,3.0
mixed,13.382,-10.377,9.01,113379.0,192372.0,2024,205,2331.8,1.0,6,96,10.0,False,1.0
range,28.373,-1.743,35.024,128371.6,302244.0,2936,205,3399.2,1.0,6,96,10.0,False,1.0
mixed,13.382,-10.377,9.01,113379.0,192372.0,2024,205,2331.8,1.0,6,96,10.0,False,2.0
range,28.373,-1.743,35.024,128371.6,302244.0,2936,205,3399.2,1.0,6,96,10.0,False,2.0
mixed,13.382,-10.377,9.01,113379.0,192372.0,2024,205,2331.8,1.0,6,96,10.0,False,3.0
range,28.373,-1.743,35.024,128371.6,302244.0,2936,205,3399.2,1.0,6,96,10.0,False,3.0
mixed,-2.004,-14.468,-1.146,97992.0,299260.0,1469,204,1663.6,1.0,6,96,10.0,True,1.0
range,14.156,-4.414,19.414,114155.0,356989.0,2474,201,2909.6,1.0,6,96,10.0,True,1.0
mixed,3.305,-11.635,2.314,103301.6,246003.0,1834,205,2047.7,1.0,6,96,10.0,True,2.0
range,28.429,-1.781,35.615,128427.2,305503.0,2905,205,3352.2,1.0,6,96,10.0,True,2.0
mixed,12.242,-10.151,8.284,112238.5,230130.0,1930,205,2176.2,1.0,6,96,10.0,True,3.0
range,28.373,-1.743,35.024,128371.6,302244.0,2936,205,3399.2,1.0,6,96,10.0,True,3.0
mixed,14.478,-3.416,13.389,114474.5,123788.0,958,103,1095.9,1.0,6,192,3.0,False,1.0
range,8.331,-1.377,18.325,108329.7,129158.0,1360,103,1624.2,1.0,6,192,3.0,False,1.0
mixed,14.478,-3.416,13.389,114474.5,123788.0,958,103,1095.9,1.0,6,192,3.0,False,2.0
range,8.331,-1.377,18.325,108329.7,129158.0,1360,103,1624.2,1.0,6,192,3.0,False,2.0
mixed,14.478,-3.416,13.389,114474.5,123788.0,958,103,1095.9,1.0,6,192,3.0,False,3.0
range,8.331,-1.377,18.325,108329.7,129158.0,1360,103,1624.2,1.0,6,192,3.0,False,3.0
mixed,3.249,-6.557,3.55,103245.3,101635.0,757,98,842.0,1.0,6,192,3.0,True,1.0
range,1.627,-1.835,3.581,101625.4,96896.0,1192,101,1437.9,1.0,6,192,3.0,True,1.0
mixed,5.371,-4.603,5.64,105367.6,120779.0,886,100,992.3,1.0,6,192,3.0,True,2.0
range,6.427,-1.377,13.702,106425.9,130838.0,1372,103,1655.3,1.0,6,192,3.0,True,2.0
mixed,15.564,-3.09,13.921,115560.0,128766.0,908,100,1014.1,1.0,6,192,3.0,True,3.0
range,8.331,-1.377,18.325,108329.7,129158.0,1360,103,1624.2,1.0,6,192,3.0,True,3.0
mixed,20.661,-6.372,13.44,120657.5,174210.0,1179,103,1344.5,1.0,6,192,6.0,False,1.0
range,9.147,-1.334,14.542,109146.0,200380.0,1466,103,1769.1,1.0,6,192,6.0,False,1.0
mixed,20.661,-6.372,13.44,120657.5,174210.0,1179,103,1344.5,1.0,6,192,6.0,False,2.0
range,9.147,-1.334,14.542,109146.0,200380.0,1466,103,1769.1,1.0,6,192,6.0,False,2.0
mixed,20.661,-6.372,13.44,120657.5,174210.0,1179,103,1344.5,1.0,6,192,6.0,False,3.0
range,9.147,-1.334,14.542,109146.0,200380.0,1466,103,1769.1,1.0,6,192,6.0,False,3.0
mixed,2.687,-7.142,2.491,102682.9,170750.0,890,103,989.7,1.0,6,192,6.0,True,1.0
range,3.355,-2.475,7.278,103353.5,189383.0,1293,103,1557.1,1.0,6,192,6.0,True,1.0
mixed,9.498,-7.168,7.775,109494.3,211085.0,1018,103,1130.5,1.0,6,192,6.0,True,2.0
range,8.454,-1.334,13.803,108453.2,200338.0,1452,103,1753.3,1.0,6,192,6.0,True,2.0
mixed,12.236,-6.536,8.95,112232.1,182215.0,1108,101,1236.8,1.0,6,192,6.0,True,3.0
range,9.147,-1.334,14.542,109146.0,200380.0,1466,103,1769.1,1.0,6,192,6.0,True,3.0
mixed,20.643,-6.501,13.471,120639.8,200954.0,1197,103,1363.4,1.0,6,192,10.0,False,1.0
range,12.037,-1.334,17.858,112035.8,308024.0,1592,103,1903.2,1.0,6,192,10.0,False,1.0
mixed,20.643,-6.501,13.471,120639.8,200954.0,1197,103,1363.4,1.0,6,192,10.0,False,2.0
range,12.037,-1.334,17.858,112035.8,308024.0,1592,103,1903.2,1.0,6,192,10.0,False,2.0
mixed,20.643,-6.501,13.471,120639.8,200954.0,1197,103,1363.4,1.0,6,192,10.0,False,3.0
range,12.037,-1.334,17.858,112035.8,308024.0,1592,103,1903.2,1.0,6,192,10.0,False,3.0
mixed,2.687,-7.142,2.491,102682.9,170750.0,890,103,989.7,1.0,6,192,10.0,True,1.0
range,4.886,-2.475,9.25,104884.6,271261.0,1320,103,1583.8,1.0,6,192,10.0,True,1.0
mixed,11.338,-6.916,8.856,111334.4,247102.0,1090,103,1207.3,1.0,6,192,10.0,True,2.0
range,11.984,-1.334,18.366,111982.8,294304.0,1598,103,1904.9,1.0,6,192,10.0,True,2.0
mixed,16.682,-6.112,11.747,116678.4,219301.0,1132,103,1263.6,1.0,6,192,10.0,True,3.0
range,12.037,-1.334,17.858,112035.8,308024.0,1592,103,1903.2,1.0,6,192,10.0,True,3.0
mixed,-10.163,-18.649,-6.098,89833.9,116460.0,3645,409,4057.0,1.0,8,48,3.0,False,1.0
range,23.943,-3.519,31.353,123941.5,111110.0,5440,409,5927.2,1.0,8,48,3.0,False,1.0
mixed,-10.163,-18.649,-6.098,89833.9,116460.0,3645,409,4057.0,1.0,8,48,3.0,False,2.0
range,23.943,-3.519,31.353,123941.5,111110.0,5440,409,5927.2,1.0,8,48,3.0,False,2.0
mixed,-10.163,-18.649,-6.098,89833.9,116460.0,3645,409,4057.0,1.0,8,48,3.0,False,3.0
range,23.943,-3.519,31.353,123941.5,111110.0,5440,409,5927.2,1.0,8,48,3.0,False,3.0
mixed,-3.791,-23.879,-2.109,96205.5,108251.0,2729,384,3016.4,1.0,8,48,3.0,True,1.0
range,12.343,-2.971,16.626,112342.0,110406.0,4720,405,5296.5,1.0,8,48,3.0,True,1.0
mixed,3.759,-12.047,2.441,103756.0,126646.0,3302,404,3584.5,1.0,8,48,3.0,True,2.0
range,24.407,-2.828,32.156,124405.1,106460.0,5357,409,5839.4,1.0,8,48,3.0,True,2.0
mixed,-5.66,-13.823,-2.858,94336.7,118854.0,3429,404,3759.9,1.0,8,48,3.0,True,3.0
range,23.943,-3.519,31.353,123941.5,111110.0,5440,409,5927.2,1.0,8,48,3.0,True,3.0
mixed,-1.263,-19.015,-0.202,98734.0,191037.0,3949,409,4360.5,1.0,8,48,6.0,False,1.0
range,31.814,-3.032,35.28,131812.9,210104.0,5780,409,6272.7,1.0,8,48,6.0,False,1.0
mixed,-1.263,-19.015,-0.202,98734.0,191037.0,3949,409,4360.5,1.0,8,48,6.0,False,2.0
range,31.814,-3.032,35.28,131812.9,210104.0,5780,409,6272.7,1.0,8,48,6.0,False,2.0
mixed,-1.263,-19.015,-0.202,98734.0,191037.0,3949,409,4360.5,1.0,8,48,6.0,False,3.0
range,31.814,-3.032,35.28,131812.9,210104.0,5780,409,6272.7,1.0,8,48,6.0,False,3.0
mixed,1.604,-17.832,1.12,101600.1,241394.0,2877,398,3203.4,1.0,8,48,6.0,True,1.0
range,14.412,-4.27,16.828,114410.8,210052.0,5053,407,5605.7,1.0,8,48,6.0,True,1.0
mixed,7.478,-11.81,3.84,107474.6,185376.0,3628,408,3895.1,1.0,8,48,6.0,True,2.0
range,30.702,-4.244,33.817,130701.0,199784.0,5715,409,6206.5,1.0,8,48,6.0,True,2.0
mixed,8.129,-13.852,4.1,108126.1,200888.0,3791,408,4111.7,1.0,8,48,6.0,True,3.0
range,31.814,-3.032,35.28,131812.9,210104.0,5780,409,6272.7,1.0,8,48,6.0,True,3.0
mixed,3.633,-15.946,1.925,103629.9,297191.0,4056,409,4462.2,1.0,8,48,10.0,False,1.0
range,39.356,-3.032,40.734,139354.3,272199.0,6011,409,6457.4,1.0,8,48,10.0,False,1.0
mixed,3.633,-15.946,1.925,103629.9,297191.0,4056,409,4462.2,1.0,8,48,10.0,False,2.0
range,39.356,-3.032,40.734,139354.3,272199.0,6011,409,6457.4,1.0,8,48,10.0,False,2.0
mixed,3.633,-15.946,1.925,103629.9,297191.0,4056,409,4462.2,1.0,8,48,10.0,False,3.0
range,39.356,-3.032,40.734,139354.3,272199.0,6011,409,6457.4,1.0,8,48,10.0,False,3.0
mixed,-6.308,-21.194,-3.085,93688.1,281348.0,2990,409,3307.8,1.0,8,48,10.0,True,1.0
range,16.003,-4.27,18.08,116001.2,303509.0,5120,409,5661.9,1.0,8,48,10.0,True,1.0
mixed,4.706,-15.686,2.298,104703.2,298728.0,3635,408,3920.1,1.0,8,48,10.0,True,2.0
range,37.245,-4.244,38.222,137243.9,240889.0,5966,409,6420.7,1.0,8,48,10.0,True,2.0
mixed,9.14,-13.952,4.188,109136.2,315184.0,3861,409,4177.5,1.0,8,48,10.0,True,3.0
range,39.356,-3.032,40.734,139354.3,272199.0,6011,409,6457.4,1.0,8,48,10.0,True,3.0
mixed,19.731,-6.157,15.481,119726.9,100008.0,1939,205,2189.2,1.0,8,96,3.0,False,1.0
range,23.83,-1.665,36.224,123828.7,132240.0,2921,205,3313.2,1.0,8,96,3.0,False,1.0
mixed,19.731,-6.157,15.481,119726.9,100008.0,1939,205,2189.2,1.0,8,96,3.0,False,2.0
range,23.83,-1.665,36.224,123828.7,132240.0,2921,205,3313.2,1.0,8,96,3.0,False,2.0
mixed,19.731,-6.157,15.481,119726.9,100008.0,1939,205,2189.2,1.0,8,96,3.0,False,3.0
range,23.83,-1.665,36.224,123828.7,132240.0,2921,205,3313.2,1.0,8,96,3.0,False,3.0
mixed,11.986,-7.228,9.508,111982.0,116093.0,1428,187,1585.6,1.0,8,96,3.0,True,1.0
range,11.761,-3.515,18.855,111759.5,108214.0,2445,200,2839.7,1.0,8,96,3.0,True,1.0
mixed,12.438,-7.985,10.646,112434.2,119318.0,1756,199,1925.0,1.0,8,96,3.0,True,2.0
range,20.619,-2.035,31.583,120617.5,134003.0,2915,205,3299.1,1.0,8,96,3.0,True,2.0
mixed,21.328,-8.351,16.943,121324.1,93870.0,1776,200,1975.1,1.0,8,96,3.0,True,3.0
range,23.83,-1.665,36.224,123828.7,132240.0,2921,205,3313.2,1.0,8,96,3.0,True,3.0
mixed,15.64,-9.229,10.518,115636.4,176518.0,2097,205,2368.5,1.0,8,96,6.0,False,1.0
range,25.845,-1.688,34.314,125843.3,212397.0,3043,205,3431.3,1.0,8,96,6.0,False,1.0
mixed,15.64,-9.229,10.518,115636.4,176518.0,2097,205,2368.5,1.0,8,96,6.0,False,2.0
range,25.845,-1.688,34.314,125843.3,212397.0,3043,205,3431.3,1.0,8,96,6.0,False,2.0
mixed,15.64,-9.229,10.518,115636.4,176518.0,2097,205,2368.5,1.0,8,96,6.0,False,3.0
range,25.845,-1.688,34.314,125843.3,212397.0,3043,205,3431.3,1.0,8,96,6.0,False,3.0
mixed,5.395,-11.379,3.996,105390.6,211054.0,1465,199,1643.0,1.0,8,96,6.0,True,1.0
range,9.394,-6.477,13.186,109392.3,229615.0,2648,203,3029.8,1.0,8,96,6.0,True,1.0
mixed,5.163,-12.302,4.046,105159.6,183486.0,1842,204,2008.8,1.0,8,96,6.0,True,2.0
range,24.514,-1.672,32.617,124512.3,198658.0,3050,205,3436.6,1.0,8,96,6.0,True,2.0
mixed,16.446,-10.797,11.22,116442.4,189784.0,1969,204,2177.5,1.0,8,96,6.0,True,3.0
range,25.845,-1.688,34.314,125843.3,212397.0,3043,205,3431.3,1.0,8,96,6.0,True,3.0
mixed,15.546,-10.176,10.249,115542.4,202318.0,2131,205,2406.0,1.0,8,96,10.0,False,1.0
range,30.4,-1.9,37.181,130398.5,332002.0,3080,205,3471.2,1.0,8,96,10.0,False,1.0
mixed,15.546,-10.176,10.249,115542.4,202318.0,2131,205,2406.0,1.0,8,96,10.0,False,2.0
range,30.4,-1.9,37.181,130398.5,332002.0,3080,205,3471.2,1.0,8,96,10.0,False,2.0
mixed,15.546,-10.176,10.249,115542.4,202318.0,2131,205,2406.0,1.0,8,96,10.0,False,3.0
range,30.4,-1.9,37.181,130398.5,332002.0,3080,205,3471.2,1.0,8,96,10.0,False,3.0
mixed,0.277,-13.967,0.426,100273.1,331290.0,1541,202,1709.9,1.0,8,96,10.0,True,1.0
range,14.68,-5.345,18.562,114678.4,325054.0,2726,204,3110.4,1.0,8,96,10.0,True,1.0
mixed,5.844,-10.898,4.487,105840.7,228688.0,1941,205,2119.3,1.0,8,96,10.0,True,2.0
range,30.461,-1.895,36.628,130459.8,319275.0,3174,205,3559.5,1.0,8,96,10.0,True,2.0
mixed,14.449,-10.368,10.855,114445.2,212842.0,2037,205,2249.5,1.0,8,96,10.0,True,3.0
range,30.4,-1.9,37.181,130398.5,332002.0,3080,205,3471.2,1.0,8,96,10.0,True,3.0
mixed,15.658,-3.946,14.001,115654.6,133529.0,1023,103,1146.6,1.0,8,192,3.0,False,1.0
range,10.151,-1.259,20.469,110149.5,126735.0,1465,103,1727.0,1.0,8,192,3.0,False,1.0
mixed,15.658,-3.946,14.001,115654.6,133529.0,1023,103,1146.6,1.0,8,192,3.0,False,2.0
range,10.151,-1.259,20.469,110149.5,126735.0,1465,103,1727.0,1.0,8,192,3.0,False,2.0
mixed,15.658,-3.946,14.001,115654.6,133529.0,1023,103,1146.6,1.0,8,192,3.0,False,3.0
range,10.151,-1.259,20.469,110149.5,126735.0,1465,103,1727.0,1.0,8,192,3.0,False,3.0
mixed,7.322,-4.806,7.99,107318.1,127054.0,815,98,886.6,1.0,8,192,3.0,True,1.0
range,-0.66,-3.264,-1.325,99338.8,100846.0,1236,102,1466.6,1.0,8,192,3.0,True,1.0
mixed,12.524,-3.401,13.814,112520.1,124774.0,883,99,979.4,1.0,8,192,3.0,True,2.0
range,6.411,-1.373,13.833,106409.3,125579.0,1432,103,1674.2,1.0,8,192,3.0,True,2.0
mixed,12.12,-3.764,11.495,112116.9,125281.0,940,98,1037.7,1.0,8,192,3.0,True,3.0
range,10.151,-1.259,20.469,110149.5,126735.0,1465,103,1727.0,1.0,8,192,3.0,True,3.0
mixed,20.579,-6.37,13.845,120575.2,174581.0,1205,103,1365.4,1.0,8,192,6.0,False,1.0
range,10.217,-1.322,15.566,110215.3,202770.0,1618,103,1907.3,1.0,8,192,6.0,False,1.0
mixed,20.579,-6.37,13.845,120575.2,174581.0,1205,103,1365.4,1.0,8,192,6.0,False,2.0
range,10.217,-1.322,15.566,110215.3,202770.0,1618,103,1907.3,1.0,8,192,6.0,False,2.0
mixed,20.579,-6.37,13.845,120575.2,174581.0,1205,103,1365.4,1.0,8,192,6.0,False,3.0
range,10.217,-1.322,15.566,110215.3,202770.0,1618,103,1907.3,1.0,8,192,6.0,False,3.0
mixed,6.113,-6.946,5.426,106108.6,162237.0,920,103,1015.7,1.0,8,192,6.0,True,1.0
range,3.264,-3.563,6.42,103263.1,202567.0,1341,103,1584.6,1.0,8,192,6.0,True,1.0
mixed,12.194,-6.575,9.57,112190.8,186157.0,1116,103,1225.8,1.0,8,192,6.0,True,2.0
range,8.819,-1.732,13.501,108818.2,197146.0,1591,103,1877.8,1.0,8,192,6.0,True,2.0
mixed,17.733,-6.388,12.326,117729.2,157482.0,1160,102,1285.0,1.0,8,192,6.0,True,3.0
range,10.217,-1.322,15.566,110215.3,202770.0,1618,103,1907.3,1.0,8,192,6.0,True,3.0
mixed,21.83,-6.038,14.546,121826.6,239469.0,1243,103,1402.8,1.0,8,192,10.0,False,1.0
range,14.41,-1.322,21.196,114408.5,294775.0,1741,103,2046.6,1.0,8,192,10.0,False,1.0
mixed,21.83,-6.038,14.546,121826.6,239469.0,1243,103,1402.8,1.0,8,192,10.0,False,2.0
range,14.41,-1.322,21.196,114408.5,294775.0,1741,103,2046.6,1.0,8,192,10.0,False,2.0
mixed,21.83,-6.038,14.546,121826.6,239469.0,1243,103,1402.8,1.0,8,192,10.0,False,3.0
range,14.41,-1.322,21.196,114408.5,294775.0,1741,103,2046.6,1.0,8,192,10.0,False,3.0
mixed,4.335,-7.228,3.719,104330.7,194627.0,934,103,1029.7,1.0,8,192,10.0,True,1.0
range,5.461,-3.118,9.701,105460.0,284475.0,1461,103,1701.9,1.0,8,192,10.0,True,1.0
mixed,12.251,-6.53,9.224,112247.2,201645.0,1136,103,1245.8,1.0,8,192,10.0,True,2.0
range,13.02,-1.402,19.613,113018.6,307049.0,1680,103,1975.6,1.0,8,192,10.0,True,2.0
mixed,17.621,-6.568,12.189,117617.0,178111.0,1178,103,1302.9,1.0,8,192,10.0,True,3.0
range,14.41,-1.322,21.196,114408.5,294775.0,1741,103,2046.6,1.0,8,192,10.0,True,3.0
mixed,-0.943,-12.589,-0.197,99054.2,134789.0,3707,409,4735.9,2.0,4,48,3.0,False,1.0
range,17.165,-2.756,27.364,117164.7,104840.0,4021,409,5614.2,2.0,4,48,3.0,False,1.0
mixed,-0.943,-12.589,-0.197,99054.2,134789.0,3707,409,4735.9,2.0,4,48,3.0,False,2.0
range,17.165,-2.756,27.364,117164.7,104840.0,4021,409,5614.2,2.0,4,48,3.0,False,2.0
mixed,-0.943,-12.589,-0.197,99054.2,134789.0,3707,409,4735.9,2.0,4,48,3.0,False,3.0
range,17.165,-2.756,27.364,117164.7,104840.0,4021,409,5614.2,2.0,4,48,3.0,False,3.0
mixed,-6.569,-27.304,-3.029,93426.8,147954.0,2515,382,3155.8,2.0,4,48,3.0,True,1.0
range,-7.08,-8.104,-10.924,92920.1,121805.0,3231,403,4551.9,2.0,4,48,3.0,True,1.0
mixed,4.063,-14.085,2.202,104059.5,137913.0,3140,397,3914.8,2.0,4,48,3.0,True,2.0
range,16.693,-1.893,26.762,116692.7,99256.0,3958,409,5538.2,2.0,4,48,3.0,True,2.0
mixed,-5.716,-16.389,-2.273,94280.7,136037.0,3440,405,4313.3,2.0,4,48,3.0,True,3.0
range,17.165,-2.756,27.364,117164.7,104840.0,4021,409,5614.2,2.0,4,48,3.0,True,3.0
mixed,32.087,-10.591,13.22,132082.6,216516.0,3936,409,4995.3,2.0,4,48,6.0,False,1.0
range,18.831,-2.864,24.308,118831.2,158922.0,4154,409,5790.7,2.0,4,48,6.0,False,1.0
mixed,32.087,-10.591,13.22,132082.6,216516.0,3936,409,4995.3,2.0,4,48,6.0,False,2.0
range,18.831,-2.864,24.308,118831.2,158922.0,4154,409,5790.7,2.0,4,48,6.0,False,2.0
mixed,32.087,-10.591,13.22,132082.6,216516.0,3936,409,4995.3,2.0,4,48,6.0,False,3.0
range,18.831,-2.864,24.308,118831.2,158922.0,4154,409,5790.7,2.0,4,48,6.0,False,3.0
mixed,-10.441,-23.135,-4.75,89555.2,221695.0,2684,396,3331.4,2.0,4,48,6.0,True,1.0
range,-5.29,-8.066,-6.972,94709.9,189228.0,3414,406,4789.9,2.0,4,48,6.0,True,1.0
mixed,1.335,-13.976,0.936,101332.4,208613.0,3353,408,4146.8,2.0,4,48,6.0,True,2.0
range,16.069,-4.05,20.351,116068.3,158050.0,4117,409,5732.0,2.0,4,48,6.0,True,2.0
mixed,11.983,-11.614,5.552,111979.4,221505.0,3686,408,4588.8,2.0,4,48,6.0,True,3.0
range,18.831,-2.864,24.308,118831.2,158922.0,4154,409,5790.7,2.0,4,48,6.0,True,3.0
mixed,33.893,-10.591,14.023,133889.4,300134.0,4010,409,5096.1,2.0,4,48,10.0,False,1.0
range,19.348,-2.864,24.773,119347.5,181289.0,4179,409,5824.2,2.0,4,48,10.0,False,1.0
mixed,33.893,-10.591,14.023,133889.4,300134.0,4010,409,5096.1,2.0,4,48,10.0,False,2.0
range,19.348,-2.864,24.773,119347.5,181289.0,4179,409,5824.2,2.0,4,48,10.0,False,2.0
mixed,33.893,-10.591,14.023,133889.4,300134.0,4010,409,5096.1,2.0,4,48,10.0,False,3.0
range,19.348,-2.864,24.773,119347.5,181289.0,4179,409,5824.2,2.0,4,48,10.0,False,3.0
mixed,-15.852,-28.275,-6.009,84144.8,303221.0,2805,404,3477.5,2.0,4,48,10.0,True,1.0
range,-4.368,-8.669,-5.09,95631.3,308381.0,3511,409,4900.9,2.0,4,48,10.0,True,1.0
mixed,5.883,-14.564,2.654,105880.0,309209.0,3449,409,4256.1,2.0,4,48,10.0,True,2.0
range,15.863,-4.05,20.032,115863.0,210797.0,4137,409,5757.3,2.0,4,48,10.0,True,2.0
mixed,8.295,-13.429,3.951,108292.1,301295.0,3767,409,4688.1,2.0,4,48,10.0,True,3.0
range,19.348,-2.864,24.773,119347.5,181289.0,4179,409,5824.2,2.0,4,48,10.0,True,3.0
mixed,15.748,-5.848,10.155,115744.1,105125.0,1961,205,2603.5,2.0,4,96,3.0,False,1.0
range,11.497,-1.97,19.959,111496.3,111787.0,2059,205,2858.1,2.0,4,96,3.0,False,1.0
mixed,15.748,-5.848,10.155,115744.1,105125.0,1961,205,2603.5,2.0,4,96,3.0,False,2.0
range,11.497,-1.97,19.959,111496.3,111787.0,2059,205,2858.1,2.0,4,96,3.0,False,2.0
mixed,15.748,-5.848,10.155,115744.1,105125.0,1961,205,2603.5,2.0,4,96,3.0,False,3.0
range,11.497,-1.97,19.959,111496.3,111787.0,2059,205,2858.1,2.0,4,96,3.0,False,3.0
mixed,-13.986,-21.283,-11.17,86010.1,120021.0,1334,198,1704.3,2.0,4,96,3.0,True,1.0
range,1.242,-3.087,2.496,101241.8,117434.0,1703,197,2354.9,2.0,4,96,3.0,True,1.0
mixed,-3.801,-10.721,-2.551,96196.2,99223.0,1682,201,2144.1,2.0,4,96,3.0,True,2.0
range,8.801,-1.962,14.946,108800.7,107644.0,2045,205,2830.1,2.0,4,96,3.0,True,2.0
mixed,4.507,-10.228,3.239,104503.5,109218.0,1769,204,2294.1,2.0,4,96,3.0,True,3.0
range,11.497,-1.97,19.959,111496.3,111787.0,2059,205,2858.1,2.0,4,96,3.0,True,3.0
mixed,19.98,-6.992,10.579,119975.9,183819.0,2068,205,2721.0,2.0,4,96,6.0,False,1.0
range,11.329,-2.261,17.151,111328.6,168385.0,2209,205,3047.8,2.0,4,96,6.0,False,1.0
mixed,19.98,-6.992,10.579,119975.9,183819.0,2068,205,2721.0,2.0,4,96,6.0,False,2.0
range,11.329,-2.261,17.151,111328.6,168385.0,2209,205,3047.8,2.0,4,96,6.0,False,2.0
mixed,19.98,-6.992,10.579,119975.9,183819.0,2068,205,2721.0,2.0,4,96,6.0,False,3.0
range,11.329,-2.261,17.151,111328.6,168385.0,2209,205,3047.8,2.0,4,96,6.0,False,3.0
mixed,-20.125,-23.827,-11.988,79872.1,192684.0,1404,202,1782.9,2.0,4,96,6.0,True,1.0
range,-1.52,-4.394,-2.645,98479.4,187624.0,1815,204,2525.1,2.0,4,96,6.0,True,1.0
mixed,-8.721,-11.989,-4.578,91276.2,208145.0,1756,205,2222.3,2.0,4,96,6.0,True,2.0
range,7.944,-2.297,12.218,107944.1,171620.0,2179,205,3005.1,2.0,4,96,6.0,True,2.0
mixed,5.426,-7.96,3.509,105422.5,207433.0,1886,205,2425.8,2.0,4,96,6.0,True,3.0
range,11.329,-2.261,17.151,111328.6,168385.0,2209,205,3047.8,2.0,4,96,6.0,True,3.0
mixed,19.226,-6.992,10.18,119222.9,203361.0,2104,205,2758.4,2.0,4,96,10.0,False,1.0
range,9.942,-2.391,14.462,109941.8,247784.0,2247,205,3109.1,2.0,4,96,10.0,False,1.0
mixed,19.226,-6.992,10.18,119222.9,203361.0,2104,205,2758.4,2.0,4,96,10.0,False,2.0
range,9.942,-2.391,14.462,109941.8,247784.0,2247,205,3109.1,2.0,4,96,10.0,False,2.0
mixed,19.226,-6.992,10.18,119222.9,203361.0,2104,205,2758.4,2.0,4,96,10.0,False,3.0
range,9.942,-2.391,14.462,109941.8,247784.0,2247,205,3109.1,2.0,4,96,10.0,False,3.0
mixed,-20.792,-24.706,-11.758,79204.9,245120.0,1465,205,1842.8,2.0,4,96,10.0,True,1.0
range,2.427,-4.355,3.942,102427.2,292106.0,1905,205,2630.3,2.0,4,96,10.0,True,1.0
mixed,-8.819,-11.727,-4.509,91177.8,282468.0,1811,205,2280.0,2.0,4,96,10.0,True,2.0
range,8.999,-2.24,13.431,108998.9,250414.0,2239,205,3091.8,2.0,4,96,10.0,True,2.0
mixed,5.034,-8.052,3.16,105030.5,259543.0,1961,205,2507.3,2.0,4,96,10.0,True,3.0
range,9.942,-2.391,14.462,109941.8,247784.0,2247,205,3109.1,2.0,4,96,10.0,True,3.0
mixed,9.456,-6.914,6.092,109452.9,123920.0,1004,103,1274.5,2.0,4,192,3.0,False,1.0
range,6.076,-2.016,14.465,106075.6,90036.0,1073,103,1495.7,2.0,4,192,3.0,False,1.0
mixed,9.456,-6.914,6.092,109452.9,123920.0,1004,103,1274.5,2.0,4,192,3.0,False,2.0
range,6.076,-2.016,14.465,106075.6,90036.0,1073,103,1495.7,2.0,4,192,3.0,False,2.0
mixed,9.456,-6.914,6.092,109452.9,123920.0,1004,103,1274.5,2.0,4,192,3.0,False,3.0
range,6.076,-2.016,14.465,106075.6,90036.0,1073,103,1495.7,2.0,4,192,3.0,False,3.0
mixed,1.658,-6.514,1.737,101654.0,113211.0,749,96,906.0,2.0,4,192,3.0,True,1.0
range,-1.316,-3.519,-3.054,98683.9,88229.0,933,102,1301.5,2.0,4,192,3.0,True,1.0
mixed,-2.538,-6.313,-1.574,97459.5,112320.0,873,99,1066.3,2.0,4,192,3.0,True,2.0
range,5.089,-1.906,12.176,105088.5,97843.0,1078,103,1503.2,2.0,4,192,3.0,True,2.0
mixed,6.129,-5.372,4.748,106125.4,118842.0,948,98,1160.4,2.0,4,192,3.0,True,3.0
range,6.076,-2.016,14.465,106075.6,90036.0,1073,103,1495.7,2.0,4,192,3.0,True,3.0
mixed,17.073,-7.132,9.098,117069.0,204975.0,1133,103,1427.8,2.0,4,192,6.0,False,1.0
range,5.421,-2.107,11.661,105420.7,157185.0,1177,103,1626.4,2.0,4,192,6.0,False,1.0
mixed,17.073,-7.132,9.098,117069.0,204975.0,1133,103,1427.8,2.0,4,192,6.0,False,2.0
range,5.421,-2.107,11.661,105420.7,157185.0,1177,103,1626.4,2.0,4,192,6.0,False,2.0
mixed,17.073,-7.132,9.098,117069.0,204975.0,1133,103,1427.8,2.0,4,192,6.0,False,3.0
range,5.421,-2.107,11.661,105420.7,157185.0,1177,103,1626.4,2.0,4,192,6.0,False,3.0
mixed,-2.795,-9.192,-1.905,97200.8,184807.0,818,101,984.7,2.0,4,192,6.0,True,1.0
range,-1.421,-3.868,-3.335,98579.1,126270.0,982,103,1351.8,2.0,4,192,6.0,True,1.0
mixed,-2.675,-8.028,-1.612,97321.7,209934.0,966,100,1156.1,2.0,4,192,6.0,True,2.0
range,5.372,-1.668,12.194,105372.0,146685.0,1182,103,1631.9,2.0,4,192,6.0,True,2.0
mixed,2.424,-8.255,1.885,102421.2,204246.0,1043,100,1259.0,2.0,4,192,6.0,True,3.0
range,5.421,-2.107,11.661,105420.7,157185.0,1177,103,1626.4,2.0,4,192,6.0,True,3.0
mixed,18.365,-7.35,9.06,118361.0,320976.0,1188,103,1494.4,2.0,4,192,10.0,False,1.0
range,5.322,-2.212,11.352,105321.8,168416.0,1186,103,1639.9,2.0,4,192,10.0,False,1.0
mixed,18.365,-7.35,9.06,118361.0,320976.0,1188,103,1494.4,2.0,4,192,10.0,False,2.0
range,5.322,-2.212,11.352,105321.8,168416.0,1186,103,1639.9,2.0,4,192,10.0,False,2.0
mixed,18.365,-7.35,9.06,118361.0,320976.0,1188,103,1494.4,2.0,4,192,10.0,False,3.0
range,5.322,-2.212,11.352,105321.8,168416.0,1186,103,1639.9,2.0,4,192,10.0,False,3.0
mixed,1.997,-7.676,1.563,101993.2,296946.0,852,102,1029.3,2.0,4,192,10.0,True,1.0
range,-1.421,-3.868,-3.335,98579.1,126270.0,982,103,1351.8,2.0,4,192,10.0,True,1.0
mixed,2.419,-6.788,1.686,102416.3,346928.0,1038,102,1250.0,2.0,4,192,10.0,True,2.0
range,5.372,-1.668,12.194,105372.0,146685.0,1182,103,1631.9,2.0,4,192,10.0,True,2.0
mixed,7.797,-6.496,4.861,107793.7,346599.0,1094,102,1335.4,2.0,4,192,10.0,True,3.0
range,5.322,-2.212,11.352,105321.8,168416.0,1186,103,1639.9,2.0,4,192,10.0,True,3.0
mixed,-18.975,-30.331,-9.202,81026.1,146715.0,5199,409,5734.3,2.0,6,48,3.0,False,1.0
range,13.605,-3.279,18.45,113604.5,126555.0,5432,409,6882.2,2.0,6,48,3.0,False,1.0
mixed,-18.975,-30.331,-9.202,81026.1,146715.0,5199,409,5734.3,2.0,6,48,3.0,False,2.0
range,13.605,-3.279,18.45,113604.5,126555.0,5432,409,6882.2,2.0,6,48,3.0,False,2.0
mixed,-18.975,-30.331,-9.202,81026.1,146715.0,5199,409,5734.3,2.0,6,48,3.0,False,3.0
range,13.605,-3.279,18.45,113604.5,126555.0,5432,409,6882.2,2.0,6,48,3.0,False,3.0
mixed,-4.106,-28.611,-1.723,95890.1,151586.0,3468,368,3939.4,2.0,6,48,3.0,True,1.0
range,-3.505,-6.536,-4.507,96494.9,128480.0,4617,404,5941.2,2.0,6,48,3.0,True,1.0
mixed,-5.648,-19.024,-2.492,94353.7,150375.0,4615,405,4997.9,2.0,6,48,3.0,True,2.0
range,14.786,-2.862,18.896,114786.1,121963.0,5417,409,6854.1,2.0,6,48,3.0,True,2.0
mixed,-16.639,-30.303,-7.898,83362.7,148534.0,4952,405,5392.6,2.0,6,48,3.0,True,3.0
range,13.605,-3.279,18.45,113604.5,126555.0,5432,409,6882.2,2.0,6,48,3.0,True,3.0
mixed,-1.788,-20.742,-0.156,98213.7,211350.0,5594,409,6001.5,2.0,6,48,6.0,False,1.0
range,21.765,-2.53,24.675,121764.9,192391.0,5875,409,7283.6,2.0,6,48,6.0,False,1.0
mixed,-1.788,-20.742,-0.156,98213.7,211350.0,5594,409,6001.5,2.0,6,48,6.0,False,2.0
range,21.765,-2.53,24.675,121764.9,192391.0,5875,409,7283.6,2.0,6,48,6.0,False,2.0
mixed,-1.788,-20.742,-0.156,98213.7,211350.0,5594,409,6001.5,2.0,6,48,6.0,False,3.0
range,21.765,-2.53,24.675,121764.9,192391.0,5875,409,7283.6,2.0,6,48,6.0,False,3.0
mixed,-8.041,-27.347,-2.903,91955.2,203440.0,3827,391,4261.1,2.0,6,48,6.0,True,1.0
range,-8.222,-10.112,-9.174,91777.8,216146.0,4873,404,6194.5,2.0,6,48,6.0,True,1.0
mixed,8.1,-16.836,3.448,108102.0,224107.0,4881,408,5226.4,2.0,6,48,6.0,True,2.0
range,18.421,-3.874,20.698,118420.4,189979.0,5803,409,7193.6,2.0,6,48,6.0,True,2.0
mixed,4.709,-21.948,2.069,104710.7,236870.0,5216,408,5573.6,2.0,6,48,6.0,True,3.0
range,21.765,-2.53,24.675,121764.9,192391.0,5875,409,7283.6,2.0,6,48,6.0,True,3.0
mixed,-5.151,-29.528,-0.681,94850.9,324860.0,5684,409,6075.0,2.0,6,48,10.0,False,1.0
range,23.517,-2.933,26.968,123516.8,271048.0,6007,409,7447.8,2.0,6,48,10.0,False,1.0
mixed,-5.151,-29.528,-0.681,94850.9,324860.0,5684,409,6075.0,2.0,6,48,10.0,False,2.0
range,23.517,-2.933,26.968,123516.8,271048.0,6007,409,7447.8,2.0,6,48,10.0,False,2.0
mixed,-5.151,-29.528,-0.681,94850.9,324860.0,5684,409,6075.0,2.0,6,48,10.0,False,3.0
range,23.517,-2.933,26.968,123516.8,271048.0,6007,409,7447.8,2.0,6,48,10.0,False,3.0
mixed,-5.951,-21.772,-1.917,94045.2,316386.0,4119,404,4517.2,2.0,6,48,10.0,True,1.0
range,-7.086,-8.755,-7.753,92913.7,348078.0,5033,408,6350.1,2.0,6,48,10.0,True,1.0
mixed,14.695,-20.592,4.534,114697.6,317949.0,5025,408,5357.9,2.0,6,48,10.0,True,2.0
range,20.924,-3.874,23.811,120923.8,266893.0,5937,409,7352.1,2.0,6,48,10.0,True,2.0
mixed,8.417,-23.593,2.776,108419.0,351858.0,5407,408,5749.9,2.0,6,48,10.0,True,3.0
range,23.517,-2.933,26.968,123516.8,271048.0,6007,409,7447.8,2.0,6,48,10.0,True,3.0
mixed,3.272,-11.711,2.221,103273.8,126090.0,2731,205,3090.1,2.0,6,96,3.0,False,1.0
range,15.74,-3.111,21.883,115739.6,142960.0,2776,205,3512.7,2.0,6,96,3.0,False,1.0
mixed,3.272,-11.711,2.221,103273.8,126090.0,2731,205,3090.1,2.0,6,96,3.0,False,2.0
range,15.74,-3.111,21.883,115739.6,142960.0,2776,205,3512.7,2.0,6,96,3.0,False,2.0
mixed,3.272,-11.711,2.221,103273.8,126090.0,2731,205,3090.1,2.0,6,96,3.0,False,3.0
range,15.74,-3.111,21.883,115739.6,142960.0,2776,205,3512.7,2.0,6,96,3.0,False,3.0
mixed,0.467,-16.176,0.548,100463.1,144472.0,1862,194,2159.5,2.0,6,96,3.0,True,1.0
range,8.29,-2.457,12.819,108289.3,110544.0,2352,199,3013.7,2.0,6,96,3.0,True,1.0
mixed,1.349,-10.658,1.024,101351.0,125944.0,2325,202,2575.2,2.0,6,96,3.0,True,2.0
range,14.151,-3.111,19.763,114151.2,142960.0,2813,205,3542.4,2.0,6,96,3.0,True,2.0
mixed,10.352,-8.308,6.661,110354.5,122447.0,2517,204,2824.8,2.0,6,96,3.0,True,3.0
range,15.74,-3.111,21.883,115739.6,142960.0,2776,205,3512.7,2.0,6,96,3.0,True,3.0
mixed,10.408,-10.339,5.576,110409.8,175283.0,3040,205,3375.1,2.0,6,96,6.0,False,1.0
range,18.719,-2.655,23.75,118718.5,180770.0,3137,205,3937.3,2.0,6,96,6.0,False,1.0
mixed,10.408,-10.339,5.576,110409.8,175283.0,3040,205,3375.1,2.0,6,96,6.0,False,2.0
range,18.719,-2.655,23.75,118718.5,180770.0,3137,205,3937.3,2.0,6,96,6.0,False,2.0
mixed,10.408,-10.339,5.576,110409.8,175283.0,3040,205,3375.1,2.0,6,96,6.0,False,3.0
range,18.719,-2.655,23.75,118718.5,180770.0,3137,205,3937.3,2.0,6,96,6.0,False,3.0
mixed,-6.982,-15.344,-3.809,93013.9,223151.0,2052,201,2319.6,2.0,6,96,6.0,True,1.0
range,4.71,-4.031,7.132,104709.8,206338.0,2574,201,3263.2,2.0,6,96,6.0,True,1.0
mixed,1.133,-12.376,0.887,101134.6,209661.0,2647,205,2882.5,2.0,6,96,6.0,True,2.0
range,19.934,-2.664,24.855,119933.6,180770.0,3155,205,3952.0,2.0,6,96,6.0,True,2.0
mixed,16.654,-11.046,8.014,116656.6,217569.0,2773,205,3054.2,2.0,6,96,6.0,True,3.0
range,18.719,-2.655,23.75,118718.5,180770.0,3137,205,3937.3,2.0,6,96,6.0,True,3.0
mixed,23.073,-10.255,10.072,123075.7,274668.0,3094,205,3444.3,2.0,6,96,10.0,False,1.0
range,19.504,-2.896,22.987,119503.5,271560.0,3211,205,4016.2,2.0,6,96,10.0,False,1.0
mixed,23.073,-10.255,10.072,123075.7,274668.0,3094,205,3444.3,2.0,6,96,10.0,False,2.0
range,19.504,-2.896,22.987,119503.5,271560.0,3211,205,4016.2,2.0,6,96,10.0,False,2.0
mixed,23.073,-10.255,10.072,123075.7,274668.0,3094,205,3444.3,2.0,6,96,10.0,False,3.0
range,19.504,-2.896,22.987,119503.5,271560.0,3211,205,4016.2,2.0,6,96,10.0,False,3.0
mixed,-14.455,-22.425,-7.006,85541.9,251562.0,2181,205,2427.8,2.0,6,96,10.0,True,1.0
range,8.023,-3.929,10.605,108022.8,338343.0,2692,205,3390.5,2.0,6,96,10.0,True,1.0
mixed,3.528,-14.226,1.788,103529.7,341494.0,2686,205,2923.8,2.0,6,96,10.0,True,2.0
range,18.292,-2.816,22.24,118291.9,271560.0,3199,205,3994.0,2.0,6,96,10.0,True,2.0
mixed,22.129,-12.198,8.97,122131.1,337745.0,2864,205,3145.8,2.0,6,96,10.0,True,3.0
range,19.504,-2.896,22.987,119503.5,271560.0,3211,205,4016.2,2.0,6,96,10.0,True,3.0
mixed,-5.036,-13.973,-2.666,94965.7,114248.0,1519,103,1740.6,2.0,6,192,3.0,False,1.0
range,8.436,-1.096,16.196,108435.5,113115.0,1454,103,1847.2,2.0,6,192,3.0,False,1.0
mixed,-5.036,-13.973,-2.666,94965.7,114248.0,1519,103,1740.6,2.0,6,192,3.0,False,2.0
range,8.436,-1.096,16.196,108435.5,113115.0,1454,103,1847.2,2.0,6,192,3.0,False,2.0
mixed,-5.036,-13.973,-2.666,94965.7,114248.0,1519,103,1740.6,2.0,6,192,3.0,False,3.0
range,8.436,-1.096,16.196,108435.5,113115.0,1454,103,1847.2,2.0,6,192,3.0,False,3.0
mixed,-1.175,-11.871,-0.717,98821.5,128126.0,1023,96,1126.2,2.0,6,192,3.0,True,1.0
range,2.653,-2.54,5.5,102652.2,147400.0,1243,101,1543.5,2.0,6,192,3.0,True,1.0
mixed,-2.592,-10.127,-1.61,97409.4,122730.0,1303,98,1463.0,2.0,6,192,3.0,True,2.0
range,8.436,-1.096,16.196,108435.5,113115.0,1454,103,1847.2,2.0,6,192,3.0,True,2.0
mixed,-3.537,-11.973,-2.419,96464.6,119981.0,1322,100,1492.7,2.0,6,192,3.0,True,3.0
range,8.436,-1.096,16.196,108435.5,113115.0,1454,103,1847.2,2.0,6,192,3.0,True,3.0
mixed,-0.16,-13.264,0.257,99841.8,197802.0,1660,103,1865.2,2.0,6,192,6.0,False,1.0
range,10.829,-1.092,18.906,110828.5,176546.0,1669,103,2097.2,2.0,6,192,6.0,False,1.0
mixed,-0.16,-13.264,0.257,99841.8,197802.0,1660,103,1865.2,2.0,6,192,6.0,False,2.0
range,10.829,-1.092,18.906,110828.5,176546.0,1669,103,2097.2,2.0,6,192,6.0,False,2.0
mixed,-0.16,-13.264,0.257,99841.8,197802.0,1660,103,1865.2,2.0,6,192,6.0,False,3.0
range,10.829,-1.092,18.906,110828.5,176546.0,1669,103,2097.2,2.0,6,192,6.0,False,3.0
mixed,-4.919,-14.977,-3.082,95077.2,213772.0,1174,101,1283.3,2.0,6,192,6.0,True,1.0
range,1.737,-1.803,3.473,101736.7,165030.0,1414,103,1771.0,2.0,6,192,6.0,True,1.0
mixed,-7.203,-11.7,-4.007,92798.7,220604.0,1373,101,1527.7,2.0,6,192,6.0,True,2.0
range,10.628,-1.262,18.324,110627.9,188207.0,1677,103,2089.0,2.0,6,192,6.0,True,2.0
mixed,-5.556,-11.413,-3.175,94446.2,225508.0,1427,101,1589.5,2.0,6,192,6.0,True,3.0
range,10.829,-1.092,18.906,110828.5,176546.0,1669,103,2097.2,2.0,6,192,6.0,True,3.0
mixed,9.3,-10.708,4.397,109302.0,344521.0,1713,103,1924.7,2.0,6,192,10.0,False,1.0
range,7.906,-2.58,12.507,107905.9,281208.0,1706,103,2143.6,2.0,6,192,10.0,False,1.0
mixed,9.3,-10.708,4.397,109302.0,344521.0,1713,103,1924.7,2.0,6,192,10.0,False,2.0
range,7.906,-2.58,12.507,107905.9,281208.0,1706,103,2143.6,2.0,6,192,10.0,False,2.0
mixed,9.3,-10.708,4.397,109302.0,344521.0,1713,103,1924.7,2.0,6,192,10.0,False,3.0
range,7.906,-2.58,12.507,107905.9,281208.0,1706,103,2143.6,2.0,6,192,10.0,False,3.0
mixed,-0.108,-12.314,0.289,99888.0,354143.0,1214,101,1330.6,2.0,6,192,10.0,True,1.0
range,1.986,-1.803,3.789,101985.7,166446.0,1421,103,1785.1,2.0,6,192,10.0,True,1.0
mixed,-3.171,-11.488,-1.04,96830.4,339240.0,1498,102,1655.0,2.0,6,192,10.0,True,2.0
range,7.677,-2.204,12.438,107676.2,267175.0,1711,103,2148.5,2.0,6,192,10.0,True,2.0
mixed,2.13,-10.921,1.333,102132.3,366495.0,1561,101,1742.6,2.0,6,192,10.0,True,3.0
range,7.906,-2.58,12.507,107905.9,281208.0,1706,103,2143.6,2.0,6,192,10.0,True,3.0
mixed,-30.212,-42.981,-12.517,69796.9,162870.0,6220,409,6064.4,2.0,8,48,3.0,False,1.0
range,22.994,-2.288,28.099,122997.8,134977.0,7335,409,7390.6,2.0,8,48,3.0,False,1.0
mixed,-30.212,-42.981,-12.517,69796.9,162870.0,6220,409,6064.4,2.0,8,48,3.0,False,2.0
range,22.994,-2.288,28.099,122997.8,134977.0,7335,409,7390.6,2.0,8,48,3.0,False,2.0
mixed,-30.212,-42.981,-12.517,69796.9,162870.0,6220,409,6064.4,2.0,8,48,3.0,False,3.0
range,22.994,-2.288,28.099,122997.8,134977.0,7335,409,7390.6,2.0,8,48,3.0,False,3.0
mixed,9.625,-22.564,4.793,109621.5,152950.0,4286,371,4364.5,2.0,8,48,3.0,True,1.0
range,9.498,-4.748,12.048,109501.9,141390.0,6066,403,6447.9,2.0,8,48,3.0,True,1.0
mixed,-4.793,-19.465,-1.883,95219.3,158455.0,5586,399,5395.7,2.0,8,48,3.0,True,2.0
range,23.33,-2.155,29.26,123333.9,143272.0,7241,408,7252.7,2.0,8,48,3.0,True,2.0
mixed,-16.543,-28.074,-6.215,83468.1,158667.0,6023,403,5782.9,2.0,8,48,3.0,True,3.0
range,22.994,-2.288,28.099,122997.8,134977.0,7335,409,7390.6,2.0,8,48,3.0,True,3.0
mixed,-26.187,-33.406,-7.879,73822.3,243361.0,6794,409,6337.3,2.0,8,48,6.0,False,1.0
range,30.915,-2.586,34.394,130918.6,183710.0,7921,409,7686.9,2.0,8,48,6.0,False,1.0
mixed,-26.187,-33.406,-7.879,73822.3,243361.0,6794,409,6337.3,2.0,8,48,6.0,False,2.0
range,30.915,-2.586,34.394,130918.6,183710.0,7921,409,7686.9,2.0,8,48,6.0,False,2.0
mixed,-26.187,-33.406,-7.879,73822.3,243361.0,6794,409,6337.3,2.0,8,48,6.0,False,3.0
range,30.915,-2.586,34.394,130918.6,183710.0,7921,409,7686.9,2.0,8,48,6.0,False,3.0
mixed,-21.056,-35.047,-7.304,78941.9,223301.0,4665,386,4593.3,2.0,8,48,6.0,True,1.0
range,7.292,-6.854,8.206,107295.3,192555.0,6744,408,6840.1,2.0,8,48,6.0,True,1.0
mixed,7.077,-19.008,2.896,107090.8,238034.0,6154,403,5708.6,2.0,8,48,6.0,True,2.0
range,27.439,-4.056,30.941,127443.4,183762.0,7804,409,7562.1,2.0,8,48,6.0,True,2.0
mixed,-13.132,-26.941,-3.583,86879.7,240394.0,6480,406,5993.9,2.0,8,48,6.0,True,3.0
range,30.915,-2.586,34.394,130918.6,183710.0,7921,409,7686.9,2.0,8,48,6.0,True,3.0
mixed,-14.268,-26.687,-3.318,85743.1,360953.0,7075,409,6513.0,2.0,8,48,10.0,False,1.0
range,28.727,-3.789,28.931,128731.3,303504.0,7977,409,7730.7,2.0,8,48,10.0,False,1.0
mixed,-14.268,-26.687,-3.318,85743.1,360953.0,7075,409,6513.0,2.0,8,48,10.0,False,2.0
range,28.727,-3.789,28.931,128731.3,303504.0,7977,409,7730.7,2.0,8,48,10.0,False,2.0
mixed,-14.268,-26.687,-3.318,85743.1,360953.0,7075,409,6513.0,2.0,8,48,10.0,False,3.0
range,28.727,-3.789,28.931,128731.3,303504.0,7977,409,7730.7,2.0,8,48,10.0,False,3.0
mixed,-2.013,-25.88,-0.278,97983.9,324802.0,5010,401,4889.3,2.0,8,48,10.0,True,1.0
range,7.798,-6.854,8.309,107801.8,307554.0,6866,409,6910.1,2.0,8,48,10.0,True,1.0
mixed,3.273,-22.753,1.468,103286.5,374814.0,6164,405,5702.2,2.0,8,48,10.0,True,2.0
range,27.08,-4.056,26.509,127084.4,302101.0,7890,409,7649.7,2.0,8,48,10.0,True,2.0
mixed,-11.175,-25.554,-2.318,88837.2,377996.0,6612,408,6065.9,2.0,8,48,10.0,True,3.0
range,28.727,-3.789,28.931,128731.3,303504.0,7977,409,7730.7,2.0,8,48,10.0,True,3.0
mixed,-7.73,-12.127,-3.933,92282.2,125985.0,3334,205,3398.1,2.0,8,96,3.0,False,1.0
range,28.63,-4.083,36.679,128634.0,197535.0,3710,205,4061.9,2.0,8,96,3.0,False,1.0
mixed,-7.73,-12.127,-3.933,92282.2,125985.0,3334,205,3398.1,2.0,8,96,3.0,False,2.0
range,28.63,-4.083,36.679,128634.0,197535.0,3710,205,4061.9,2.0,8,96,3.0,False,2.0
mixed,-7.73,-12.127,-3.933,92282.2,125985.0,3334,205,3398.1,2.0,8,96,3.0,False,3.0
range,28.63,-4.083,36.679,128634.0,197535.0,3710,205,4061.9,2.0,8,96,3.0,False,3.0
mixed,7.134,-17.275,4.623,107131.1,183368.0,2211,189,2305.6,2.0,8,96,3.0,True,1.0
range,21.396,-2.502,30.131,121399.4,152610.0,3072,194,3434.2,2.0,8,96,3.0,True,1.0
mixed,4.38,-9.753,3.084,104394.1,137089.0,2988,200,2970.2,2.0,8,96,3.0,True,2.0
range,25.634,-4.083,34.237,125637.8,197535.0,3691,205,4007.5,2.0,8,96,3.0,True,2.0
mixed,6.858,-11.914,4.318,106872.5,140405.0,3164,201,3181.4,2.0,8,96,3.0,True,3.0
range,28.63,-4.083,36.679,128634.0,197535.0,3710,205,4061.9,2.0,8,96,3.0,True,3.0
mixed,22.845,-10.474,10.666,122861.7,197468.0,3734,205,3666.1,2.0,8,96,6.0,False,1.0
range,33.069,-3.575,34.752,133073.4,240194.0,4128,205,4324.4,2.0,8,96,6.0,False,1.0
mixed,22.845,-10.474,10.666,122861.7,197468.0,3734,205,3666.1,2.0,8,96,6.0,False,2.0
range,33.069,-3.575,34.752,133073.4,240194.0,4128,205,4324.4,2.0,8,96,6.0,False,2.0
mixed,22.845,-10.474,10.666,122861.7,197468.0,3734,205,3666.1,2.0,8,96,6.0,False,3.0
range,33.069,-3.575,34.752,133073.4,240194.0,4128,205,4324.4,2.0,8,96,6.0,False,3.0
mixed,-8.944,-18.944,-4.726,91052.7,239935.0,2653,202,2675.2,2.0,8,96,6.0,True,1.0
range,15.449,-3.984,19.122,115452.9,230819.0,3385,201,3652.5,2.0,8,96,6.0,True,1.0
mixed,10.945,-14.799,5.726,110959.3,190042.0,3408,205,3256.3,2.0,8,96,6.0,True,2.0
range,32.027,-3.575,33.348,132031.3,239373.0,4131,205,4322.3,2.0,8,96,6.0,True,2.0
mixed,23.69,-10.484,12.222,123706.0,202548.0,3538,203,3411.4,2.0,8,96,6.0,True,3.0
range,33.069,-3.575,34.752,133073.4,240194.0,4128,205,4324.4,2.0,8,96,6.0,True,3.0
mixed,24.104,-8.563,11.558,124120.9,223441.0,3942,205,3843.8,2.0,8,96,10.0,False,1.0
range,35.287,-3.386,34.168,135290.9,348657.0,4315,205,4456.1,2.0,8,96,10.0,False,1.0
mixed,24.104,-8.563,11.558,124120.9,223441.0,3942,205,3843.8,2.0,8,96,10.0,False,2.0
range,35.287,-3.386,34.168,135290.9,348657.0,4315,205,4456.1,2.0,8,96,10.0,False,2.0
mixed,24.104,-8.563,11.558,124120.9,223441.0,3942,205,3843.8,2.0,8,96,10.0,False,3.0
range,35.287,-3.386,34.168,135290.9,348657.0,4315,205,4456.1,2.0,8,96,10.0,False,3.0
mixed,-6.437,-22.215,-2.544,93559.8,282282.0,2756,204,2741.1,2.0,8,96,10.0,True,1.0
range,20.604,-4.532,22.579,120608.2,358917.0,3574,203,3815.1,2.0,8,96,10.0,True,1.0
mixed,13.273,-10.954,6.726,113288.5,241528.0,3544,205,3399.3,2.0,8,96,10.0,True,2.0
range,34.104,-3.386,33.657,134107.9,352798.0,4295,205,4429.0,2.0,8,96,10.0,True,2.0
mixed,28.587,-12.206,12.187,128604.2,275457.0,3739,205,3596.1,2.0,8,96,10.0,True,3.0
range,35.287,-3.386,34.168,135290.9,348657.0,4315,205,4456.1,2.0,8,96,10.0,True,3.0
mixed,9.785,-12.814,5.73,109799.9,111894.0,1964,103,2130.5,2.0,8,192,3.0,False,1.0
range,13.835,-1.817,21.53,113838.8,176554.0,1931,103,2179.0,2.0,8,192,3.0,False,1.0
mixed,9.785,-12.814,5.73,109799.9,111894.0,1964,103,2130.5,2.0,8,192,3.0,False,2.0
range,13.835,-1.817,21.53,113838.8,176554.0,1931,103,2179.0,2.0,8,192,3.0,False,2.0
mixed,9.785,-12.814,5.73,109799.9,111894.0,1964,103,2130.5,2.0,8,192,3.0,False,3.0
range,13.835,-1.817,21.53,113838.8,176554.0,1931,103,2179.0,2.0,8,192,3.0,False,3.0
mixed,7.269,-13.137,4.955,107265.2,90853.0,1419,97,1492.5,2.0,8,192,3.0,True,1.0
range,7.484,-1.415,13.328,107486.9,160405.0,1695,97,1895.5,2.0,8,192,3.0,True,1.0
mixed,9.359,-11.928,5.442,109373.3,119596.0,1734,99,1861.7,2.0,8,192,3.0,True,2.0
range,13.835,-1.817,21.53,113838.8,176554.0,1931,103,2179.0,2.0,8,192,3.0,True,2.0
mixed,12.653,-11.756,6.962,112668.0,133316.0,1743,100,1857.7,2.0,8,192,3.0,True,3.0
range,13.835,-1.817,21.53,113838.8,176554.0,1931,103,2179.0,2.0,8,192,3.0,True,3.0
mixed,17.812,-10.596,8.82,117828.0,172691.0,2223,103,2312.4,2.0,8,192,6.0,False,1.0
range,11.721,-3.172,16.464,111724.5,213318.0,2201,103,2370.5,2.0,8,192,6.0,False,1.0
mixed,17.812,-10.596,8.82,117828.0,172691.0,2223,103,2312.4,2.0,8,192,6.0,False,2.0
range,11.721,-3.172,16.464,111724.5,213318.0,2201,103,2370.5,2.0,8,192,6.0,False,2.0
mixed,17.812,-10.596,8.82,117828.0,172691.0,2223,103,2312.4,2.0,8,192,6.0,False,3.0
range,11.721,-3.172,16.464,111724.5,213318.0,2201,103,2370.5,2.0,8,192,6.0,False,3.0
mixed,7.423,-13.437,4.175,107420.0,177735.0,1600,102,1645.2,2.0,8,192,6.0,True,1.0
range,5.139,-2.058,8.769,105142.6,181145.0,1943,102,2091.8,2.0,8,192,6.0,True,1.0
mixed,15.405,-8.018,8.916,115419.8,219530.0,2009,103,2070.9,2.0,8,192,6.0,True,2.0
range,12.691,-2.119,19.267,112694.4,185805.0,2327,103,2478.7,2.0,8,192,6.0,True,2.0
mixed,17.374,-8.686,9.425,117389.8,205564.0,2081,103,2163.4,2.0,8,192,6.0,True,3.0
range,11.721,-3.172,16.464,111724.5,213318.0,2201,103,2370.5,2.0,8,192,6.0,True,3.0
mixed,27.243,-9.425,12.295,127259.7,227615.0,2374,103,2474.1,2.0,8,192,10.0,False,1.0
range,10.707,-3.997,13.81,110710.5,302134.0,2387,103,2549.4,2.0,8,192,10.0,False,1.0
mixed,27.243,-9.425,12.295,127259.7,227615.0,2374,103,2474.1,2.0,8,192,10.0,False,2.0
range,10.707,-3.997,13.81,110710.5,302134.0,2387,103,2549.4,2.0,8,192,10.0,False,2.0
mixed,27.243,-9.425,12.295,127259.7,227615.0,2374,103,2474.1,2.0,8,192,10.0,False,3.0
range,10.707,-3.997,13.81,110710.5,302134.0,2387,103,2549.4,2.0,8,192,10.0,False,3.0
mixed,11.137,-11.548,5.958,111133.5,288661.0,1688,103,1732.2,2.0,8,192,10.0,True,1.0
range,7.483,-1.862,11.935,107486.0,214026.0,2001,103,2142.1,2.0,8,192,10.0,True,1.0
mixed,21.077,-8.378,11.024,121093.5,271261.0,2152,103,2200.7,2.0,8,192,10.0,True,2.0
range,10.939,-3.673,14.347,110942.5,266710.0,2394,103,2544.2,2.0,8,192,10.0,True,2.0
mixed,23.929,-8.016,11.893,123944.9,247177.0,2244,103,2319.6,2.0,8,192,10.0,True,3.0
range,10.707,-3.997,13.81,110710.5,302134.0,2387,103,2549.4,2.0,8,192,10.0,True,3.0
mixed,-2.01,-12.911,-0.712,97987.2,117342.0,3753,409,4887.4,3.5,4,48,3.0,False,1.0
range,17.165,-2.756,27.364,117164.7,104840.0,4021,409,5614.2,3.5,4,48,3.0,False,1.0
mixed,-2.01,-12.911,-0.712,97987.2,117342.0,3753,409,4887.4,3.5,4,48,3.0,False,2.0
range,17.165,-2.756,27.364,117164.7,104840.0,4021,409,5614.2,3.5,4,48,3.0,False,2.0
mixed,-2.01,-12.911,-0.712,97987.2,117342.0,3753,409,4887.4,3.5,4,48,3.0,False,3.0
range,17.165,-2.756,27.364,117164.7,104840.0,4021,409,5614.2,3.5,4,48,3.0,False,3.0
mixed,-7.637,-27.661,-3.743,92359.4,146297.0,2517,384,3153.8,3.5,4,48,3.0,True,1.0
range,-7.08,-8.104,-10.924,92920.1,121805.0,3231,403,4551.9,3.5,4,48,3.0,True,1.0
mixed,-3.191,-15.186,-1.155,96805.8,129170.0,3199,403,4007.2,3.5,4,48,3.0,True,2.0
range,16.693,-1.893,26.762,116692.7,99256.0,3958,409,5538.2,3.5,4,48,3.0,True,2.0
mixed,-7.516,-14.606,-2.984,92481.1,125610.0,3499,405,4387.1,3.5,4,48,3.0,True,3.0
range,17.165,-2.756,27.364,117164.7,104840.0,4021,409,5614.2,3.5,4,48,3.0,True,3.0
mixed,40.521,-10.081,16.676,140516.7,206962.0,3967,409,5137.7,3.5,4,48,6.0,False,1.0
range,18.831,-2.864,24.308,118831.2,158922.0,4154,409,5790.7,3.5,4,48,6.0,False,1.0
mixed,40.521,-10.081,16.676,140516.7,206962.0,3967,409,5137.7,3.5,4,48,6.0,False,2.0
range,18.831,-2.864,24.308,118831.2,158922.0,4154,409,5790.7,3.5,4,48,6.0,False,2.0
mixed,40.521,-10.081,16.676,140516.7,206962.0,3967,409,5137.7,3.5,4,48,6.0,False,3.0
range,18.831,-2.864,24.308,118831.2,158922.0,4154,409,5790.7,3.5,4,48,6.0,False,3.0
mixed,-15.207,-25.359,-6.978,84790.1,205420.0,2718,397,3378.9,3.5,4,48,6.0,True,1.0
range,-5.29,-8.066,-6.972,94709.9,189228.0,3414,406,4789.9,3.5,4,48,6.0,True,1.0
mixed,4.467,-14.344,2.198,104463.9,224106.0,3383,406,4190.6,3.5,4,48,6.0,True,2.0
range,16.069,-4.05,20.351,116068.3,158050.0,4117,409,5732.0,3.5,4,48,6.0,True,2.0
mixed,11.737,-11.181,5.333,111733.9,222193.0,3711,408,4662.3,3.5,4,48,6.0,True,3.0
range,18.831,-2.864,24.308,118831.2,158922.0,4154,409,5790.7,3.5,4,48,6.0,True,3.0
mixed,46.75,-10.081,18.181,146745.2,248349.0,4058,409,5242.9,3.5,4,48,10.0,False,1.0
range,19.348,-2.864,24.773,119347.5,181289.0,4179,409,5824.2,3.5,4,48,10.0,False,1.0
mixed,46.75,-10.081,18.181,146745.2,248349.0,4058,409,5242.9,3.5,4,48,10.0,False,2.0
range,19.348,-2.864,24.773,119347.5,181289.0,4179,409,5824.2,3.5,4,48,10.0,False,2.0
mixed,46.75,-10.081,18.181,146745.2,248349.0,4058,409,5242.9,3.5,4,48,10.0,False,3.0
range,19.348,-2.864,24.773,119347.5,181289.0,4179,409,5824.2,3.5,4,48,10.0,False,3.0
mixed,-19.685,-30.058,-7.811,80311.7,302930.0,2827,404,3510.3,3.5,4,48,10.0,True,1.0
range,-4.368,-8.669,-5.09,95631.3,308381.0,3511,409,4900.9,3.5,4,48,10.0,True,1.0
mixed,3.346,-14.62,1.684,103343.0,311458.0,3492,409,4324.6,3.5,4,48,10.0,True,2.0
range,15.863,-4.05,20.032,115863.0,210797.0,4137,409,5757.3,3.5,4,48,10.0,True,2.0
mixed,8.281,-10.758,3.903,108277.8,299287.0,3781,409,4743.6,3.5,4,48,10.0,True,3.0
range,19.348,-2.864,24.773,119347.5,181289.0,4179,409,5824.2,3.5,4,48,10.0,True,3.0
mixed,21.626,-6.543,13.382,121622.5,107846.0,1978,205,2651.3,3.5,4,96,3.0,False,1.0
range,11.497,-1.97,19.959,111496.3,111787.0,2059,205,2858.1,3.5,4,96,3.0,False,1.0
mixed,21.626,-6.543,13.382,121622.5,107846.0,1978,205,2651.3,3.5,4,96,3.0,False,2.0
range,11.497,-1.97,19.959,111496.3,111787.0,2059,205,2858.1,3.5,4,96,3.0,False,2.0
mixed,21.626,-6.543,13.382,121622.5,107846.0,1978,205,2651.3,3.5,4,96,3.0,False,3.0
range,11.497,-1.97,19.959,111496.3,111787.0,2059,205,2858.1,3.5,4,96,3.0,False,3.0
mixed,30.056,-7.841,14.14,130052.4,192624.0,2085,205,2782.6,3.5,4,96,6.0,False,3.0
range,11.329,-2.261,17.151,111328.6,168385.0,2209,205,3047.8,3.5,4,96,6.0,False,3.0
mixed,-16.006,-19.442,-9.705,83990.9,193349.0,1413,200,1792.5,3.5,4,96,6.0,True,1.0
range,-1.52,-4.394,-2.645,98479.4,187624.0,1815,204,2525.1,3.5,4,96,6.0,True,1.0
mixed,-6.717,-10.299,-3.305,93280.4,205743.0,1757,205,2218.5,3.5,4,96,6.0,True,2.0
range,7.944,-2.297,12.218,107944.1,171620.0,2179,205,3005.1,3.5,4,96,6.0,True,2.0
mixed,5.497,-8.234,3.164,105493.6,187477.0,1902,205,2464.5,3.5,4,96,6.0,True,3.0
range,11.329,-2.261,17.151,111328.6,168385.0,2209,205,3047.8,3.5,4,96,6.0,True,3.0
mixed,29.231,-7.841,13.758,129227.2,212138.0,2121,205,2820.0,3.5,4,96,10.0,False,1.0
range,9.942,-2.391,14.462,109941.8,247784.0,2247,205,3109.1,3.5,4,96,10.0,False,1.0
mixed,29.231,-7.841,13.758,129227.2,212138.0,2121,205,2820.0,3.5,4,96,10.0,False,2.0
range,9.942,-2.391,14.462,109941.8,247784.0,2247,205,3109.1,3.5,4,96,10.0,False,2.0
mixed,29.231,-7.841,13.758,129227.2,212138.0,2121,205,2820.0,3.5,4,96,10.0,False,3.0
range,9.942,-2.391,14.462,109941.8,247784.0,2247,205,3109.1,3.5,4,96,10.0,False,3.0
mixed,-20.496,-24.092,-11.479,79501.1,250325.0,1480,205,1859.6,3.5,4,96,10.0,True,1.0
range,2.427,-4.355,3.942,102427.2,292106.0,1905,205,2630.3,3.5,4,96,10.0,True,1.0
mixed,-6.756,-10.535,-3.243,93240.7,286530.0,1824,205,2296.6,3.5,4,96,10.0,True,2.0
range,8.999,-2.24,13.431,108998.9,250414.0,2239,205,3091.8,3.5,4,96,10.0,True,2.0
mixed,8.184,-8.886,4.49,108180.5,285070.0,1946,205,2514.8,3.5,4,96,10.0,True,3.0
range,9.942,-2.391,14.462,109941.8,247784.0,2247,205,3109.1,3.5,4,96,10.0,True,3.0
mixed,15.202,-5.167,8.993,115198.4,101570.0,1000,103,1306.5,3.5,4,192,3.0,False,1.0
range,6.076,-2.016,14.465,106075.6,90036.0,1073,103,1495.7,3.5,4,192,3.0,False,1.0
mixed,15.202,-5.167,8.993,115198.4,101570.0,1000,103,1306.5,3.5,4,192,3.0,False,2.0
range,6.076,-2.016,14.465,106075.6,90036.0,1073,103,1495.7,3.5,4,192,3.0,False,2.0
mixed,15.202,-5.167,8.993,115198.4,101570.0,1000,103,1306.5,3.5,4,192,3.0,False,3.0
range,6.076,-2.016,14.465,106075.6,90036.0,1073,103,1495.7,3.5,4,192,3.0,False,3.0
mixed,2.791,-5.591,2.752,102787.2,109066.0,760,98,920.4,3.5,4,192,3.0,True,1.0
range,-1.316,-3.519,-3.054,98683.9,88229.0,933,102,1301.5,3.5,4,192,3.0,True,1.0
mixed,-1.815,-6.694,-1.016,98182.2,115590.0,871,97,1061.6,3.5,4,192,3.0,True,2.0
range,5.089,-1.906,12.176,105088.5,97843.0,1078,103,1503.2,3.5,4,192,3.0,True,2.0
mixed,1.709,-5.896,1.411,101705.7,113514.0,923,97,1173.4,3.5,4,192,3.0,True,3.0
range,6.076,-2.016,14.465,106075.6,90036.0,1073,103,1495.7,3.5,4,192,3.0,True,3.0
mixed,24.054,-6.308,11.428,124050.8,206554.0,1145,103,1473.0,3.5,4,192,6.0,False,1.0
range,5.421,-2.107,11.661,105420.7,157185.0,1177,103,1626.4,3.5,4,192,6.0,False,1.0
mixed,24.054,-6.308,11.428,124050.8,206554.0,1145,103,1473.0,3.5,4,192,6.0,False,2.0
range,5.421,-2.107,11.661,105420.7,157185.0,1177,103,1626.4,3.5,4,192,6.0,False,2.0
mixed,24.054,-6.308,11.428,124050.8,206554.0,1145,103,1473.0,3.5,4,192,6.0,False,3.0
range,5.421,-2.107,11.661,105420.7,157185.0,1177,103,1626.4,3.5,4,192,6.0,False,3.0
mixed,-3.071,-8.532,-2.199,96925.3,185030.0,827,101,1002.6,3.5,4,192,6.0,True,1.0
range,-1.421,-3.868,-3.335,98579.1,126270.0,982,103,1351.8,3.5,4,192,6.0,True,1.0
mixed,-1.86,-7.753,-0.983,98137.5,204833.0,995,99,1203.7,3.5,4,192,6.0,True,2.0
range,5.372,-1.668,12.194,105372.0,146685.0,1182,103,1631.9,3.5,4,192,6.0,True,2.0
mixed,2.612,-8.045,1.941,102608.5,205481.0,1046,100,1271.6,3.5,4,192,6.0,True,3.0
range,5.421,-2.107,11.661,105420.7,157185.0,1177,103,1626.4,3.5,4,192,6.0,True,3.0
mixed,28.545,-6.103,12.847,128541.1,319414.0,1192,103,1540.4,3.5,4,192,10.0,False,1.0
range,5.322,-2.212,11.352,105321.8,168416.0,1186,103,1639.9,3.5,4,192,10.0,False,1.0
mixed,28.545,-6.103,12.847,128541.1,319414.0,1192,103,1540.4,3.5,4,192,10.0,False,2.0
range,5.322,-2.212,11.352,105321.8,168416.0,1186,103,1639.9,3.5,4,192,10.0,False,2.0
mixed,28.545,-6.103,12.847,128541.1,319414.0,1192,103,1540.4,3.5,4,192,10.0,False,3.0
range,5.322,-2.212,11.352,105321.8,168416.0,1186,103,1639.9,3.5,4,192,10.0,False,3.0
mixed,-11.458,-23.496,-4.787,88543.4,152931.0,5292,409,6136.3,3.5,6,48,3.0,False,3.0
range,19.79,-2.302,26.25,119789.5,124448.0,5459,409,7128.5,3.5,6,48,3.0,False,3.0
mixed,0.625,-26.185,0.632,100620.7,177104.0,3650,378,4223.3,3.5,6,48,3.0,True,1.0
range,-3.359,-6.282,-4.313,96640.7,133012.0,4536,402,5937.4,3.5,6,48,3.0,True,1.0
mixed,2.248,-14.633,1.324,102249.5,161706.0,4649,399,5248.5,3.5,6,48,3.0,True,2.0
range,18.08,-2.061,23.959,118079.9,128723.0,5386,409,7039.4,3.5,6,48,3.0,True,2.0
mixed,9.617,-11.121,4.471,109619.4,158278.0,4987,404,5680.6,3.5,6,48,3.0,True,3.0
range,19.79,-2.302,26.25,119789.5,124448.0,5459,409,7128.5,3.5,6,48,3.0,True,3.0
mixed,38.461,-17.601,12.311,138463.9,223651.0,5684,409,6513.2,3.5,6,48,6.0,False,1.0
range,23.61,-2.997,26.61,123609.5,190824.0,5829,409,7484.6,3.5,6,48,6.0,False,1.0
mixed,38.461,-17.601,12.311,138463.9,223651.0,5684,409,6513.2,3.5,6,48,6.0,False,2.0
range,23.61,-2.997,26.61,123609.5,190824.0,5829,409,7484.6,3.5,6,48,6.0,False,2.0
mixed,38.461,-17.601,12.311,138463.9,223651.0,5684,409,6513.2,3.5,6,48,6.0,False,3.0
range,23.61,-2.997,26.61,123609.5,190824.0,5829,409,7484.6,3.5,6,48,6.0,False,3.0
mixed,0.205,-21.531,0.487,100201.1,198060.0,3883,391,4407.9,3.5,6,48,6.0,True,1.0
range,-7.602,-9.993,-8.204,92398.0,231275.0,4869,403,6289.3,3.5,6,48,6.0,True,1.0
mixed,20.125,-13.216,7.063,120127.4,246869.0,4986,406,5503.0,3.5,6,48,6.0,True,2.0
range,19.398,-4.388,22.026,119398.1,184639.0,5759,409,7378.9,3.5,6,48,6.0,True,2.0
mixed,29.634,-16.094,10.141,129636.1,249608.0,5346,408,5961.2,3.5,6,48,6.0,True,3.0
range,23.61,-2.997,26.61,123609.5,190824.0,5829,409,7484.6,3.5,6,48,6.0,True,3.0
mixed,54.81,-20.882,14.238,154812.7,298876.0,5880,409,6712.3,3.5,6,48,10.0,False,1.0
range,24.159,-2.997,26.453,124158.2,272678.0,5953,409,7652.3,3.5,6,48,10.0,False,1.0
mixed,54.81,-20.882,14.238,154812.7,298876.0,5880,409,6712.3,3.5,6,48,10.0,False,2.0
range,24.159,-2.997,26.453,124158.2,272678.0,5953,409,7652.3,3.5,6,48,10.0,False,2.0
mixed,54.81,-20.882,14.238,154812.7,298876.0,5880,409,6712.3,3.5,6,48,10.0,False,3.0
range,24.159,-2.997,26.453,124158.2,272678.0,5953,409,7652.3,3.5,6,48,10.0,False,3.0
mixed,2.122,-19.498,1.227,102118.0,314192.0,4196,402,4668.8,3.5,6,48,10.0,True,1.0
range,-7.381,-9.307,-7.655,92618.7,350044.0,4928,407,6377.6,3.5,6,48,10.0,True,1.0
mixed,24.505,-17.064,7.358,124507.7,336798.0,5082,409,5575.3,3.5,6,48,10.0,True,2.0
range,22.02,-4.388,23.793,122019.9,280554.0,5875,409,7547.3,3.5,6,48,10.0,True,2.0
mixed,27.998,-21.64,8.21,128000.3,340851.0,5462,409,6088.3,3.5,6,48,10.0,True,3.0
range,24.159,-2.997,26.453,124158.2,272678.0,5953,409,7652.3,3.5,6,48,10.0,True,3.0
mixed,31.85,-8.533,17.148,131852.0,143973.0,2766,205,3409.2,3.5,6,96,3.0,False,1.0
range,13.921,-2.889,19.865,113920.2,152691.0,2750,205,3552.4,3.5,6,96,3.0,False,1.0
mixed,31.85,-8.533,17.148,131852.0,143973.0,2766,205,3409.2,3.5,6,96,3.0,False,2.0
range,13.921,-2.889,19.865,113920.2,152691.0,2750,205,3552.4,3.5,6,96,3.0,False,2.0
mixed,31.85,-8.533,17.148,131852.0,143973.0,2766,205,3409.2,3.5,6,96,3.0,False,3.0
range,13.921,-2.889,19.865,113920.2,152691.0,2750,205,3552.4,3.5,6,96,3.0,False,3.0
mixed,-2.183,-17.417,-1.343,97813.4,130277.0,1964,196,2265.6,3.5,6,96,3.0,True,1.0
range,7.28,-2.652,11.076,107279.8,116508.0,2307,196,3007.1,3.5,6,96,3.0,True,1.0
mixed,-5.842,-16.074,-3.22,94160.0,162145.0,2272,200,2602.3,3.5,6,96,3.0,True,2.0
range,15.028,-2.889,23.168,115027.8,152691.0,2810,205,3670.1,3.5,6,96,3.0,True,2.0
mixed,17.261,-10.474,9.398,117263.6,139479.0,2460,205,2933.5,3.5,6,96,3.0,True,3.0
range,13.921,-2.889,19.865,113920.2,152691.0,2750,205,3552.4,3.5,6,96,3.0,True,3.0
mixed,30.04,-11.144,11.701,130042.2,253212.0,2944,205,3569.5,3.5,6,96,6.0,False,1.0
range,19.838,-2.815,24.6,119837.5,193881.0,3076,205,3976.8,3.5,6,96,6.0,False,1.0
mixed,30.04,-11.144,11.701,130042.2,253212.0,2944,205,3569.5,3.5,6,96,6.0,False,2.0
range,19.838,-2.815,24.6,119837.5,193881.0,3076,205,3976.8,3.5,6,96,6.0,False,2.0
mixed,30.04,-11.144,11.701,130042.2,253212.0,2944,205,3569.5,3.5,6,96,6.0,False,3.0
range,19.838,-2.815,24.6,119837.5,193881.0,3076,205,3976.8,3.5,6,96,6.0,False,3.0
mixed,-6.494,-14.142,-4.754,93502.7,107435.0,1330,197,1704.3,3.5,4,96,3.0,True,1.0
range,1.242,-3.087,2.496,101241.8,117434.0,1703,197,2354.9,3.5,4,96,3.0,True,1.0
mixed,-1.332,-9.918,-0.689,98664.6,101798.0,1707,201,2173.1,3.5,4,96,3.0,True,2.0
range,8.801,-1.962,14.946,108800.7,107644.0,2045,205,2830.1,3.5,4,96,3.0,True,2.0
mixed,8.918,-9.827,6.219,108914.9,104886.0,1815,205,2367.3,3.5,4,96,3.0,True,3.0
range,11.497,-1.97,19.959,111496.3,111787.0,2059,205,2858.1,3.5,4,96,3.0,True,3.0
mixed,30.056,-7.841,14.14,130052.4,192624.0,2085,205,2782.6,3.5,4,96,6.0,False,1.0
range,11.329,-2.261,17.151,111328.6,168385.0,2209,205,3047.8,3.5,4,96,6.0,False,1.0
mixed,30.056,-7.841,14.14,130052.4,192624.0,2085,205,2782.6,3.5,4,96,6.0,False,2.0
range,11.329,-2.261,17.151,111328.6,168385.0,2209,205,3047.8,3.5,4,96,6.0,False,2.0
mixed,0.772,-7.508,0.76,100768.2,279473.0,856,102,1037.5,3.5,4,192,10.0,True,1.0
range,-1.421,-3.868,-3.335,98579.1,126270.0,982,103,1351.8,3.5,4,192,10.0,True,1.0
mixed,2.878,-6.616,1.919,102874.9,342485.0,1040,102,1258.0,3.5,4,192,10.0,True,2.0
range,5.372,-1.668,12.194,105372.0,146685.0,1182,103,1631.9,3.5,4,192,10.0,True,2.0
mixed,8.489,-6.324,5.129,108485.7,344778.0,1090,102,1345.0,3.5,4,192,10.0,True,3.0
range,5.322,-2.212,11.352,105321.8,168416.0,1186,103,1639.9,3.5,4,192,10.0,True,3.0
mixed,-11.458,-23.496,-4.787,88543.4,152931.0,5292,409,6136.3,3.5,6,48,3.0,False,1.0
range,19.79,-2.302,26.25,119789.5,124448.0,5459,409,7128.5,3.5,6,48,3.0,False,1.0
mixed,-11.458,-23.496,-4.787,88543.4,152931.0,5292,409,6136.3,3.5,6,48,3.0,False,2.0
range,19.79,-2.302,26.25,119789.5,124448.0,5459,409,7128.5,3.5,6,48,3.0,False,2.0
mixed,-8.792,-20.925,-4.453,91204.1,219783.0,2094,199,2390.2,3.5,6,96,6.0,True,1.0
range,2.769,-4.392,4.221,102768.7,207720.0,2507,201,3244.0,3.5,6,96,6.0,True,1.0
mixed,-3.481,-15.2,-1.348,96520.7,249097.0,2587,204,2919.3,3.5,6,96,6.0,True,2.0
range,18.671,-2.815,23.199,118670.5,194509.0,3064,205,3950.2,3.5,6,96,6.0,True,2.0
mixed,24.866,-9.971,13.165,124868.0,204728.0,2857,205,3312.0,3.5,6,96,6.0,True,3.0
range,19.838,-2.815,24.6,119837.5,193881.0,3076,205,3976.8,3.5,6,96,6.0,True,3.0
mixed,50.096,-10.042,17.293,150099.0,320833.0,3120,205,3744.9,3.5,6,96,10.0,False,1.0
range,18.919,-3.072,22.002,118918.7,287667.0,3159,205,4072.5,3.5,6,96,10.0,False,1.0
mixed,50.096,-10.042,17.293,150099.0,320833.0,3120,205,3744.9,3.5,6,96,10.0,False,2.0
range,18.919,-3.072,22.002,118918.7,287667.0,3159,205,4072.5,3.5,6,96,10.0,False,2.0
mixed,50.096,-10.042,17.293,150099.0,320833.0,3120,205,3744.9,3.5,6,96,10.0,False,3.0
range,18.919,-3.072,22.002,118918.7,287667.0,3159,205,4072.5,3.5,6,96,10.0,False,3.0
mixed,-7.697,-22.324,-3.454,92299.5,333073.0,2177,202,2471.1,3.5,6,96,10.0,True,1.0
range,6.911,-4.092,9.134,106911.0,317892.0,2664,205,3449.1,3.5,6,96,10.0,True,1.0
mixed,8.037,-11.273,3.571,108038.9,342678.0,2713,205,3038.9,3.5,6,96,10.0,True,2.0
range,17.75,-2.94,21.327,117749.3,287667.0,3147,205,4045.9,3.5,6,96,10.0,True,2.0
mixed,28.55,-9.971,11.368,128552.5,340555.0,2873,205,3325.2,3.5,6,96,10.0,True,3.0
range,18.919,-3.072,22.002,118918.7,287667.0,3159,205,4072.5,3.5,6,96,10.0,True,3.0
mixed,18.516,-8.326,8.289,118518.3,124350.0,1478,103,1792.3,3.5,6,192,3.0,False,1.0
range,10.796,-1.311,21.405,110795.5,143512.0,1451,103,1894.3,3.5,6,192,3.0,False,1.0
mixed,18.516,-8.326,8.289,118518.3,124350.0,1478,103,1792.3,3.5,6,192,3.0,False,2.0
range,10.796,-1.311,21.405,110795.5,143512.0,1451,103,1894.3,3.5,6,192,3.0,False,2.0
mixed,18.516,-8.326,8.289,118518.3,124350.0,1478,103,1792.3,3.5,6,192,3.0,False,3.0
range,10.796,-1.311,21.405,110795.5,143512.0,1451,103,1894.3,3.5,6,192,3.0,False,3.0
mixed,4.568,-8.43,3.283,104564.2,138885.0,1052,97,1176.8,3.5,6,192,3.0,True,1.0
range,1.403,-2.446,3.004,101402.7,144868.0,1255,101,1585.0,3.5,6,192,3.0,True,1.0
mixed,-5.273,-12.311,-2.985,94728.5,112997.0,1285,100,1462.5,3.5,6,192,3.0,True,2.0
range,10.796,-1.311,21.405,110795.5,143512.0,1451,103,1894.3,3.5,6,192,3.0,True,2.0
mixed,3.057,-8.477,2.054,103059.0,112997.0,1359,100,1583.1,3.5,6,192,3.0,True,3.0
range,10.796,-1.311,21.405,110795.5,143512.0,1451,103,1894.3,3.5,6,192,3.0,True,3.0
mixed,26.758,-6.984,11.015,126760.8,192385.0,1656,103,2004.3,3.5,6,192,6.0,False,1.0
range,10.528,-1.197,18.844,110527.4,179155.0,1643,103,2133.5,3.5,6,192,6.0,False,1.0
mixed,26.758,-6.984,11.015,126760.8,192385.0,1656,103,2004.3,3.5,6,192,6.0,False,2.0
range,10.528,-1.197,18.844,110527.4,179155.0,1643,103,2133.5,3.5,6,192,6.0,False,2.0
mixed,26.758,-6.984,11.015,126760.8,192385.0,1656,103,2004.3,3.5,6,192,6.0,False,3.0
range,10.528,-1.197,18.844,110527.4,179155.0,1643,103,2133.5,3.5,6,192,6.0,False,3.0
mixed,-3.608,-12.654,-2.313,96387.8,229906.0,1170,99,1281.1,3.5,6,192,6.0,True,1.0
range,0.864,-2.117,1.755,100863.7,160040.0,1381,103,1777.6,3.5,6,192,6.0,True,1.0
mixed,-1.715,-8.612,-0.703,98286.3,242762.0,1432,100,1607.2,3.5,6,192,6.0,True,2.0
range,9.937,-1.213,17.859,109936.5,171325.0,1643,103,2131.6,3.5,6,192,6.0,True,2.0
mixed,6.701,-8.056,3.942,106702.5,214316.0,1459,102,1669.2,3.5,6,192,6.0,True,3.0
range,10.528,-1.197,18.844,110527.4,179155.0,1643,103,2133.5,3.5,6,192,6.0,True,3.0
mixed,25.812,-9.224,9.682,125814.8,345974.0,1686,103,2032.4,3.5,6,192,10.0,False,1.0
range,9.173,-1.756,15.381,109172.7,258170.0,1678,103,2181.0,3.5,6,192,10.0,False,1.0
mixed,25.812,-9.224,9.682,125814.8,345974.0,1686,103,2032.4,3.5,6,192,10.0,False,2.0
range,9.173,-1.756,15.381,109172.7,258170.0,1678,103,2181.0,3.5,6,192,10.0,False,2.0
mixed,25.812,-9.224,9.682,125814.8,345974.0,1686,103,2032.4,3.5,6,192,10.0,False,3.0
range,9.173,-1.756,15.381,109172.7,258170.0,1678,103,2181.0,3.5,6,192,10.0,False,3.0
mixed,2.58,-9.448,1.691,102576.1,347569.0,1237,102,1346.3,3.5,6,192,10.0,True,1.0
range,2.736,-2.022,5.202,102735.5,191938.0,1395,103,1790.8,3.5,6,192,10.0,True,1.0
mixed,-0.015,-11.47,0.34,99987.2,352572.0,1443,101,1613.4,3.5,6,192,10.0,True,2.0
range,9.43,-1.661,16.208,109430.1,226494.0,1672,103,2167.6,3.5,6,192,10.0,True,2.0
mixed,13.253,-7.47,6.241,113255.1,341275.0,1548,103,1788.7,3.5,6,192,10.0,True,3.0
range,9.173,-1.756,15.381,109172.7,258170.0,1678,103,2181.0,3.5,6,192,10.0,True,3.0
mixed,-20.33,-34.498,-7.439,79680.9,168193.0,6482,409,6456.8,3.5,8,48,3.0,False,1.0
range,20.718,-2.448,25.216,120722.8,153576.0,6836,409,8100.9,3.5,8,48,3.0,False,1.0
mixed,-20.33,-34.498,-7.439,79680.9,168193.0,6482,409,6456.8,3.5,8,48,3.0,False,2.0
range,20.718,-2.448,25.216,120722.8,153576.0,6836,409,8100.9,3.5,8,48,3.0,False,2.0
mixed,-20.33,-34.498,-7.439,79680.9,168193.0,6482,409,6456.8,3.5,8,48,3.0,False,3.0
range,20.718,-2.448,25.216,120722.8,153576.0,6836,409,8100.9,3.5,8,48,3.0,False,3.0
mixed,-0.539,-26.276,0.152,99458.2,169327.0,4440,374,4737.8,3.5,8,48,3.0,True,1.0
range,-4.348,-7.924,-5.122,95655.2,134404.0,5736,401,6773.8,3.5,8,48,3.0,True,1.0
mixed,8.773,-16.903,3.688,108787.8,160206.0,5657,396,5686.9,3.5,8,48,3.0,True,2.0
range,20.193,-1.677,25.393,120197.7,125305.0,6813,409,8136.9,3.5,8,48,3.0,True,2.0
mixed,4.441,-16.183,2.078,104454.8,160232.0,6213,400,6229.4,3.5,8,48,3.0,True,3.0
range,20.718,-2.448,25.216,120722.8,153576.0,6836,409,8100.9,3.5,8,48,3.0,True,3.0
mixed,19.626,-19.04,6.337,119641.8,253915.0,7071,409,6872.5,3.5,8,48,6.0,False,1.0
range,27.764,-3.193,28.293,127768.9,205982.0,7419,409,8537.7,3.5,8,48,6.0,False,1.0
mixed,19.626,-19.04,6.337,119641.8,253915.0,7071,409,6872.5,3.5,8,48,6.0,False,2.0
range,27.764,-3.193,28.293,127768.9,205982.0,7419,409,8537.7,3.5,8,48,6.0,False,2.0
mixed,19.626,-19.04,6.337,119641.8,253915.0,7071,409,6872.5,3.5,8,48,6.0,False,3.0
range,27.764,-3.193,28.293,127768.9,205982.0,7419,409,8537.7,3.5,8,48,6.0,False,3.0
mixed,8.6,-22.285,3.386,108597.0,273340.0,5090,389,5127.3,3.5,8,48,6.0,True,1.0
range,-6.72,-9.112,-6.951,93283.5,203111.0,6284,404,7243.7,3.5,8,48,6.0,True,1.0
mixed,31.28,-17.557,9.422,131297.3,254123.0,6171,403,5970.5,3.5,8,48,6.0,True,2.0
range,24.688,-4.592,25.091,124692.2,204214.0,7262,409,8394.2,3.5,8,48,6.0,True,2.0
mixed,22.984,-18.501,7.327,123000.1,260500.0,6725,406,6451.2,3.5,8,48,6.0,True,3.0
range,27.764,-3.193,28.293,127768.9,205982.0,7419,409,8537.7,3.5,8,48,6.0,True,3.0
mixed,22.362,-27.321,6.024,122378.0,353180.0,7212,409,6987.4,3.5,8,48,10.0,False,1.0
range,30.518,-3.193,31.186,130522.8,277387.0,7594,409,8771.1,3.5,8,48,10.0,False,1.0
mixed,22.362,-27.321,6.024,122378.0,353180.0,7212,409,6987.4,3.5,8,48,10.0,False,2.0
range,30.518,-3.193,31.186,130522.8,277387.0,7594,409,8771.1,3.5,8,48,10.0,False,2.0
mixed,22.362,-27.321,6.024,122378.0,353180.0,7212,409,6987.4,3.5,8,48,10.0,False,3.0
range,30.518,-3.193,31.186,130522.8,277387.0,7594,409,8771.1,3.5,8,48,10.0,False,3.0
mixed,10.645,-18.587,4.197,110641.4,304181.0,5387,406,5369.1,3.5,8,48,10.0,True,1.0
range,-5.582,-9.561,-5.262,94421.4,320843.0,6436,409,7376.4,3.5,8,48,10.0,True,1.0
mixed,27.664,-22.361,7.238,127680.5,374809.0,6322,406,6109.2,3.5,8,48,10.0,True,2.0
range,25.376,-4.592,26.343,125380.8,281320.0,7512,409,8655.5,3.5,8,48,10.0,True,2.0
mixed,27.84,-22.077,7.302,127856.5,358162.0,6789,407,6556.9,3.5,8,48,10.0,True,3.0
range,30.518,-3.193,31.186,130522.8,277387.0,7594,409,8771.1,3.5,8,48,10.0,True,3.0
mixed,16.108,-8.607,7.677,116123.6,168645.0,3489,205,3701.6,3.5,8,96,3.0,False,1.0
range,24.88,-3.24,28.14,124884.6,189226.0,3496,205,4175.8,3.5,8,96,3.0,False,1.0
mixed,16.108,-8.607,7.677,116123.6,168645.0,3489,205,3701.6,3.5,8,96,3.0,False,2.0
range,24.88,-3.24,28.14,124884.6,189226.0,3496,205,4175.8,3.5,8,96,3.0,False,2.0
mixed,16.108,-8.607,7.677,116123.6,168645.0,3489,205,3701.6,3.5,8,96,3.0,False,3.0
range,24.88,-3.24,28.14,124884.6,189226.0,3496,205,4175.8,3.5,8,96,3.0,False,3.0
mixed,14.536,-8.892,8.359,114532.9,148230.0,2370,188,2596.7,3.5,8,96,3.0,True,1.0
range,11.519,-3.075,16.091,111522.7,114654.0,2949,197,3460.7,3.5,8,96,3.0,True,1.0
mixed,22.195,-9.573,10.892,122211.0,175837.0,2966,195,3096.2,3.5,8,96,3.0,True,2.0
range,23.057,-3.24,26.63,123061.7,189226.0,3478,205,4140.0,3.5,8,96,3.0,True,2.0
mixed,25.24,-9.573,12.148,125256.4,180808.0,3118,200,3343.2,3.5,8,96,3.0,True,3.0
range,24.88,-3.24,28.14,124884.6,189226.0,3496,205,4175.8,3.5,8,96,3.0,True,3.0
mixed,28.914,-9.988,11.239,128931.1,267532.0,3749,205,3868.5,3.5,8,96,6.0,False,1.0
range,25.221,-3.277,27.709,125225.8,189226.0,3912,205,4541.5,3.5,8,96,6.0,False,1.0
mixed,28.914,-9.988,11.239,128931.1,267532.0,3749,205,3868.5,3.5,8,96,6.0,False,2.0
range,25.221,-3.277,27.709,125225.8,189226.0,3912,205,4541.5,3.5,8,96,6.0,False,2.0
mixed,28.914,-9.988,11.239,128931.1,267532.0,3749,205,3868.5,3.5,8,96,6.0,False,3.0
range,25.221,-3.277,27.709,125225.8,189226.0,3912,205,4541.5,3.5,8,96,6.0,False,3.0
mixed,3.475,-12.612,2.113,103471.9,229566.0,2674,199,2730.2,3.5,8,96,6.0,True,1.0
range,6.966,-4.563,9.136,106969.9,207517.0,3207,200,3701.2,3.5,8,96,6.0,True,1.0
mixed,6.292,-17.523,3.196,106306.0,230071.0,3304,201,3306.6,3.5,8,96,6.0,True,2.0
range,23.611,-3.277,25.813,123615.6,189226.0,3904,205,4500.4,3.5,8,96,6.0,True,2.0
mixed,33.016,-9.303,14.295,133033.7,261598.0,3465,203,3545.1,3.5,8,96,6.0,True,3.0
range,25.221,-3.277,27.709,125225.8,189226.0,3912,205,4541.5,3.5,8,96,6.0,True,3.0
mixed,43.293,-8.798,14.865,143312.4,314864.0,3981,205,4072.8,3.5,8,96,10.0,False,1.0
range,26.656,-2.833,28.228,126660.6,295041.0,4029,205,4694.7,3.5,8,96,10.0,False,1.0
mixed,43.293,-8.798,14.865,143312.4,314864.0,3981,205,4072.8,3.5,8,96,10.0,False,2.0
range,26.656,-2.833,28.228,126660.6,295041.0,4029,205,4694.7,3.5,8,96,10.0,False,2.0
mixed,43.293,-8.798,14.865,143312.4,314864.0,3981,205,4072.8,3.5,8,96,10.0,False,3.0
range,26.656,-2.833,28.228,126660.6,295041.0,4029,205,4694.7,3.5,8,96,10.0,False,3.0
mixed,7.963,-13.944,4.069,107959.3,309633.0,2746,200,2815.3,3.5,8,96,10.0,True,1.0
range,10.406,-4.459,12.374,110410.5,295830.0,3414,205,3923.8,3.5,8,96,10.0,True,1.0
mixed,14.213,-11.942,5.612,114228.6,325456.0,3462,205,3410.8,3.5,8,96,10.0,True,2.0
range,25.06,-2.813,27.653,125064.9,295041.0,4021,205,4653.5,3.5,8,96,10.0,True,2.0
mixed,40.375,-9.406,14.58,140393.6,336972.0,3693,205,3703.5,3.5,8,96,10.0,True,3.0
range,26.656,-2.833,28.228,126660.6,295041.0,4029,205,4694.7,3.5,8,96,10.0,True,3.0
mixed,15.542,-11.978,7.469,115557.2,148217.0,1944,103,2133.9,3.5,8,192,3.0,False,1.0
range,12.763,-1.012,21.374,112767.2,153535.0,1794,103,2184.0,3.5,8,192,3.0,False,1.0
mixed,15.542,-11.978,7.469,115557.2,148217.0,1944,103,2133.9,3.5,8,192,3.0,False,2.0
range,12.763,-1.012,21.374,112767.2,153535.0,1794,103,2184.0,3.5,8,192,3.0,False,2.0
mixed,15.542,-11.978,7.469,115557.2,148217.0,1944,103,2133.9,3.5,8,192,3.0,False,3.0
range,12.763,-1.012,21.374,112767.2,153535.0,1794,103,2184.0,3.5,8,192,3.0,False,3.0
mixed,-4.766,-17.952,-2.431,95230.6,161382.0,1335,96,1467.3,3.5,8,192,3.0,True,1.0
range,3.877,-2.703,7.303,103880.8,161753.0,1617,101,1863.5,3.5,8,192,3.0,True,1.0
mixed,-0.571,-16.486,0.008,99442.7,150499.0,1733,98,1865.2,3.5,8,192,3.0,True,2.0
range,12.763,-1.012,21.374,112767.2,153535.0,1794,103,2184.0,3.5,8,192,3.0,True,2.0
mixed,13.366,-8.745,6.64,113380.6,142015.0,1772,100,1906.9,3.5,8,192,3.0,True,3.0
range,12.763,-1.012,21.374,112767.2,153535.0,1794,103,2184.0,3.5,8,192,3.0,True,3.0
mixed,11.593,-14.321,4.867,111607.6,252069.0,2113,103,2314.4,3.5,8,192,6.0,False,1.0
range,14.744,-1.483,22.408,114748.5,202983.0,2044,103,2407.4,3.5,8,192,6.0,False,1.0
mixed,11.593,-14.321,4.867,111607.6,252069.0,2113,103,2314.4,3.5,8,192,6.0,False,2.0
range,14.744,-1.483,22.408,114748.5,202983.0,2044,103,2407.4,3.5,8,192,6.0,False,2.0
mixed,11.593,-14.321,4.867,111607.6,252069.0,2113,103,2314.4,3.5,8,192,6.0,False,3.0
range,14.744,-1.483,22.408,114748.5,202983.0,2044,103,2407.4,3.5,8,192,6.0,False,3.0
mixed,8.077,-10.455,4.511,108073.6,242658.0,1562,98,1618.9,3.5,8,192,6.0,True,1.0
range,4.345,-2.208,7.241,104348.8,191048.0,1761,102,2013.8,3.5,8,192,6.0,True,1.0
mixed,-10.907,-20.069,-4.943,89105.3,223020.0,1905,99,2005.2,3.5,8,192,6.0,True,2.0
range,12.3,-1.588,19.004,112304.2,174257.0,2058,103,2389.9,3.5,8,192,6.0,True,2.0
mixed,-4.63,-15.197,-1.92,95382.3,257963.0,1879,103,1975.2,3.5,8,192,6.0,True,3.0
range,14.744,-1.483,22.408,114748.5,202983.0,2044,103,2407.4,3.5,8,192,6.0,True,3.0
mixed,1.986,-19.024,1.154,101999.4,363168.0,2215,103,2366.3,3.5,8,192,10.0,False,1.0
range,12.404,-2.219,16.805,112408.1,292085.0,2145,103,2517.8,3.5,8,192,10.0,False,1.0
mixed,1.986,-19.024,1.154,101999.4,363168.0,2215,103,2366.3,3.5,8,192,10.0,False,2.0
range,12.404,-2.219,16.805,112408.1,292085.0,2145,103,2517.8,3.5,8,192,10.0,False,2.0
mixed,1.986,-19.024,1.154,101999.4,363168.0,2215,103,2366.3,3.5,8,192,10.0,False,3.0
range,12.404,-2.219,16.805,112408.1,292085.0,2145,103,2517.8,3.5,8,192,10.0,False,3.0
mixed,-0.364,-15.692,0.193,99632.9,369869.0,1601,100,1611.9,3.5,8,192,10.0,True,1.0
range,4.409,-2.103,7.069,104412.8,194610.0,1813,103,2064.0,3.5,8,192,10.0,True,1.0
mixed,-8.973,-18.243,-4.022,91039.5,369698.0,2017,101,2097.7,3.5,8,192,10.0,True,2.0
range,10.291,-2.714,13.862,110294.7,299673.0,2143,103,2504.0,3.5,8,192,10.0,True,2.0
mixed,1.552,-15.083,1.033,101565.6,337298.0,2042,103,2127.2,3.5,8,192,10.0,True,3.0
range,12.404,-2.219,16.805,112408.1,292085.0,2145,103,2517.8,3.5,8,192,10.0,True,3.0
